%time,field.header.seq,field.header.stamp,field.header.frame_id,field.child_frame_id,field.pose.pose.position.x,field.pose.pose.position.y,field.pose.pose.position.z,field.pose.pose.orientation.x,field.pose.pose.orientation.y,field.pose.pose.orientation.z,field.pose.pose.orientation.w,field.pose.covariance0,field.pose.covariance1,field.pose.covariance2,field.pose.covariance3,field.pose.covariance4,field.pose.covariance5,field.pose.covariance6,field.pose.covariance7,field.pose.covariance8,field.pose.covariance9,field.pose.covariance10,field.pose.covariance11,field.pose.covariance12,field.pose.covariance13,field.pose.covariance14,field.pose.covariance15,field.pose.covariance16,field.pose.covariance17,field.pose.covariance18,field.pose.covariance19,field.pose.covariance20,field.pose.covariance21,field.pose.covariance22,field.pose.covariance23,field.pose.covariance24,field.pose.covariance25,field.pose.covariance26,field.pose.covariance27,field.pose.covariance28,field.pose.covariance29,field.pose.covariance30,field.pose.covariance31,field.pose.covariance32,field.pose.covariance33,field.pose.covariance34,field.pose.covariance35,field.twist.twist.linear.x,field.twist.twist.linear.y,field.twist.twist.linear.z,field.twist.twist.angular.x,field.twist.twist.angular.y,field.twist.twist.angular.z,field.twist.covariance0,field.twist.covariance1,field.twist.covariance2,field.twist.covariance3,field.twist.covariance4,field.twist.covariance5,field.twist.covariance6,field.twist.covariance7,field.twist.covariance8,field.twist.covariance9,field.twist.covariance10,field.twist.covariance11,field.twist.covariance12,field.twist.covariance13,field.twist.covariance14,field.twist.covariance15,field.twist.covariance16,field.twist.covariance17,field.twist.covariance18,field.twist.covariance19,field.twist.covariance20,field.twist.covariance21,field.twist.covariance22,field.twist.covariance23,field.twist.covariance24,field.twist.covariance25,field.twist.covariance26,field.twist.covariance27,field.twist.covariance28,field.twist.covariance29,field.twist.covariance30,field.twist.covariance31,field.twist.covariance32,field.twist.covariance33,field.twist.covariance34,field.twist.covariance35
1774036437057471448,0,1774036437018669844,center_camera,base_link_12,-0.84575,0.6775000000000001,0.0,0.0,0.0,0.7071067811865475,0.7071067811865476,1e-06,0.0,0.0,0.0,0.0,0.0,0.0,1e-06,0.0,0.0,0.0,0.0,0.0,0.0,1e-06,0.0,0.0,0.0,0.0,0.0,0.0,1e-06,0.0,0.0,0.0,0.0,0.0,0.0,1e-06,0.0,0.0,0.0,0.0,0.0,0.0,1e-06,0.0,0.0,0.0,0.0,0.0,0.0,1e-09,0.0,0.0,0.0,0.0,0.0,0.0,1e-09,0.0,0.0,0.0,0.0,0.0,0.0,1e-06,0.0,0.0,0.0,0.0,0.0,0.0,1e-06,0.0,0.0,0.0,0.0,0.0,0.0,1e-06,0.0,0.0,0.0,0.0,0.0,0.0,1e-09
1774036437157442896,1,1774036437096993208,center_camera,base_link_12,-0.8477500059658872,0.6731249866173132,7.360556920397012e-18,0.0,0.0,0.6773179519409206,0.7356904185719404,0.0039169182159625995,8.146292587392915e-20,2.1009558610589014e-26,1.613109486686609e-27,1.613109486686609e-27,-2.6357960275908437e-21,8.146291618101786e-20,0.0039169182159625995,1.628205985484216e-27,5.040967145895626e-28,5.040967145895626e-28,-8.465715065327519e-22,1.6546190889275064e-26,1.632936730113628e-27,0.004700153769579881,-1.4163135637698517e-34,-1.4163135637698517e-34,-1.2170710669703395e-28,1.6131094866866093e-27,5.040967145895627e-28,1.2892584707095195e-34,0.0023504528418454816,-2.142182269203788e-48,-9.35710845447862e-42,1.6131094866866093e-27,5.040967145895627e-28,1.2892584707095195e-34,-2.142182269203788e-48,0.0023504528418454816,-9.35710845447862e-42,-2.6357960275908433e-21,-8.465715017995961e-22,-1.2170710669705047e-28,-9.357108455273909e-42,-9.357108455273909e-42,0.004700151858535991,-3.4371471227047826e-07,1.571267375436015e-07,6.6399433540280864e-18,2.1271209044183766e-25,2.1271209044183766e-25,-6.467480135202641e-06,0.001958085112578319,5.597927389691496e-33,-2.006177761909787e-31,3.877226144720036e-34,3.877226144720036e-34,4.808192090935787e-39,5.6180577112123025e-33,0.001958085112578319,1.043363132529718e-30,-1.2407741417170985e-33,-1.2407741417170985e-33,-4.048914784869449e-41,-2.006233752090189e-31,9.197358492370994e-31,0.0031336853347845297,-2.8817921046143844e-37,-2.8817921046143844e-37,-3.4521483267062436e-39,3.877226144720036e-34,-1.240774141717098e-33,-4.262091705627746e-37,0.0007839824941114451,-1.0951124876901695e-51,-1.2125031623183954e-57,3.877226144720036e-34,-1.240774141717098e-33,-4.262091705627746e-37,-1.0951124876901695e-51,0.0007839824941114451,-1.2125031623183954e-57,-4.900047533375028e-39,-4.0489147849696775e-41,-3.4521483267063826e-39,1.2269658170807563e-57,1.2269658170807563e-57,0.0015664682851547161
1774036437857478647,2,1774036437802955866,center_camera,base_link_12,-0.7792638596204998,0.634507814938879,8.690446853936409e-19,0.0,0.0,0.5104971176524556,0.8598794641509557,0.035300132289475566,5.463684308991e-23,-1.752449663373393e-28,-6.177833287368602e-29,6.254747485290679e-29,1.2277270043526162e-16,5.1895043516451635e-23,0.03530013228947557,-2.1872204999250667e-28,2.994980355855048e-28,-1.232960409012994e-28,-6.883728267258605e-17,1.6801425474768566e-28,1.8932516584004583e-28,0.042359758837713396,7.168360723127311e-17,1.5680977250566946e-16,3.6173775884201385e-25,2.061438955013442e-31,-8.396685826453777e-29,7.16836072829719e-17,0.0211808784625877,-1.7618415816119714e-23,5.85548672021948e-26,5.629356425615394e-31,6.728970107146347e-31,1.5680977250566946e-16,-1.7619119079453608e-23,0.021180878462587698,1.7978550292060815e-25,1.2277270064205678e-16,-6.883728267258605e-17,3.617220984965403e-25,5.856271924371354e-26,1.797855029227282e-25,0.04235975892848899,-0.010101802762025321,-0.021976205200511155,-1.1545952330895518e-18,1.331903189526684e-19,-3.993706033681576e-19,-0.0840820459089755,0.01953006020463229,1.4748052424070122e-16,1.823148708137436e-27,-1.3592547729652412e-27,9.992717638090289e-28,-3.2781888186797616e-11,1.4748052424069965e-16,0.019530060204632473,-7.213511455623733e-28,-6.546500417086519e-28,-2.7691898213344406e-28,-7.171040930676041e-11,1.7439299217106224e-27,-6.911692008090479e-28,0.028240505042769773,3.564692617094644e-17,7.797858667413359e-17,1.3880217719921363e-29,-1.2266741792288693e-25,-7.442018652845178e-26,3.564692617094522e-17,0.007061622125662156,-8.751106251526888e-24,-3.845934287595391e-30,1.223438635877922e-25,7.34917630301996e-26,7.797858667413973e-17,-8.75110619233274e-24,0.007061622125662156,-3.765145861993881e-30,-3.278188818679768e-11,-7.171040930676041e-11,2.0129407207224764e-29,-4.607807347042497e-30,-3.7849983361400055e-30,0.015462672557339163
1774036437924092601,3,1774036437882554770,center_camera,base_link_12,-0.7415010478575713,0.6250002159566646,-2.7747969871073913e-19,-6.214980420333577e-16,-1.4418496844554791e-15,0.369453535112504,0.9292492052150886,0.0039819450981158425,-8.234086689597859e-18,-5.106026937466208e-24,1.6318625351819579e-15,1.6319777204564725e-15,1.1059462536305159e-13,-8.234086689597859e-18,0.003981945098115849,-2.1247071383959857e-26,-2.188697663638224e-15,-2.1888128536970685e-15,9.665763334035585e-14,6.121034942321917e-24,-8.591323881390667e-27,0.00477793414854067,-1.248647994896157e-13,5.637566355041167e-14,-4.3979997694893484e-24,1.6318625353946442e-15,-2.1886976635343768e-15,-1.248647994896157e-13,0.00238996696804053,1.678540071365264e-14,-7.394470833035227e-21,1.6319777284274225e-15,-2.1888128536970787e-15,5.6375666938543456e-14,1.6785400713655872e-14,0.002389966968040915,-7.402672403897132e-21,1.1059463891557875e-13,9.665762656409227e-14,-4.3885329489439844e-24,-7.394470610461814e-21,-7.40266743117706e-21,0.004777934148656633,-0.009717855315485274,-0.023799142899618833,1.378537153598958e-19,-1.6387407938727166e-18,1.7216630260756154e-18,-0.09301503404840224,0.02157929422544752,5.301126037833468e-12,-2.2916471416493145e-24,-3.6593811025490443e-22,-3.8908613130376017e-22,9.513884905851089e-08,5.301126029391392e-12,0.02157929423453829,-2.8909975746956753e-24,-7.967004043687545e-22,-8.475810085108676e-22,-4.383820226845627e-08,2.599861639954758e-22,1.4011266940456693e-22,0.0031859560395662324,-7.910905673625791e-16,3.572468404424561e-16,-2.1785339570415496e-25,-3.418390025246716e-21,-5.182380717078691e-21,-7.91090567364864e-16,0.0007979886109117096,6.289406079704814e-19,1.4338093971969202e-24,-1.5328768787630376e-21,1.2505511827984241e-21,3.5724684044319716e-16,6.289406079701859e-19,0.000797988610911713,2.916898086153814e-24,9.513884905851107e-08,-4.3838202268456025e-08,1.3451963298039942e-27,2.2657885695486037e-27,2.1543434653664796e-27,0.01701894867562389
1774036437990653054,4,1774036437958895445,center_camera,base_link_12,-0.7055087395988937,0.6157517466886199,-3.201002373368883e-19,-1.3266713425917294e-15,-4.579191847960321e-15,0.2011005038669757,0.9795706137611767,0.0038190330377061163,1.6766135416365894e-17,4.526442736294554e-25,-1.508712493489989e-16,1.5086415871361691e-16,1.314822784407644e-12,1.676613458918528e-17,0.0038190330377060816,-1.1584873445963534e-26,-3.2259714404470234e-15,-4.006087191721574e-15,5.085190818440526e-13,-1.0388885583714778e-24,-2.0380615107946874e-25,0.004582439893530001,-1.1443967382887207e-12,4.596041799960216e-13,1.99052435744672e-27,-1.508712492963078e-16,-3.2259714450374803e-15,-1.1443967391357537e-12,0.0022922190061431054,-1.9597931609678926e-15,-7.338466536036925e-21,1.5086415878417872e-16,-4.006087191969593e-15,4.596041797842634e-13,-1.9597931609679935e-15,0.002292219006144828,3.0148216293772372e-21,1.314822784407644e-12,5.085190822675691e-13,5.711904998089695e-28,-7.338467683945504e-21,3.014821607669693e-21,0.004582439906289487,-0.0012642316362749039,-0.03608244878586672,-2.427028569058802e-19,-6.627885367115025e-19,-1.3713465441237497e-18,-0.18488488926014787,0.023038459115091815,-1.5686947822888946e-11,-1.3628841151194396e-22,-5.705430010553538e-20,-6.515626968642414e-20,1.0280858990341057e-06,-1.568694783812072e-11,0.02303845908223506,1.3332590891817801e-22,-5.2144195566269386e-20,-7.19832422734252e-20,-4.2470162260178927e-07,-1.1304777702206477e-21,1.0722860550644763e-21,0.0030556260692686313,-6.67851727548647e-15,2.67289480377025e-15,1.9302529707511645e-24,-5.749572930335664e-20,-5.36064391498364e-20,-6.678517275485955e-15,0.0007654029930729858,4.882892333986515e-18,5.030297562785628e-23,-6.609438325670708e-20,-7.297649255928676e-20,2.67289480377016e-15,4.8828923339862596e-18,0.000765402993072996,5.144279638062335e-23,1.0280858990341055e-06,-4.247016226017893e-07,3.419619324732351e-26,5.0506462397087653e-23,5.070030740115184e-23,0.01819976231782
1774036438091285721,5,1774036438037402630,center_camera,base_link_12,-0.6535132329183884,0.6012528495011391,3.7552062461648797e-19,2.14890831292661e-14,-4.082088347896808e-15,-0.08592938019252101,0.996301230361445,0.0039273584921903845,4.404284955794296e-17,-1.2181076791870366e-24,-3.3845401517076712e-15,2.0897319644585542e-16,1.961140481916224e-12,4.4042851212304184e-17,0.003927358492190291,2.3705200591079495e-24,-4.0489862241866113e-16,-5.39895000679909e-16,7.576249655714745e-13,-1.3057197615455878e-24,-3.838722575200446e-24,0.004712430444456527,-1.8611486389042732e-12,3.5459889915880204e-14,-3.797195352908228e-26,-3.3845401564867925e-15,-4.048986175322421e-16,-1.8611486372102073e-12,0.0023572142417346217,1.5133753874614056e-16,1.0106651549477453e-21,2.0897319644585438e-16,-5.398950051115458e-16,3.5459889862940645e-14,1.5133753283884718e-16,0.0023572142417341772,2.487868187093746e-21,1.961140480222158e-12,7.576249655714745e-13,-4.145846504979134e-26,1.0106625735313932e-21,2.487866475517123e-21,0.004712430460094511,0.018846016044393656,-0.05068674092751394,-1.236777031516188e-18,-1.9076493782902106e-19,-5.942229842117132e-19,-0.35619283572739685,0.02448768539330354,-6.456634090748731e-11,-6.560310082650877e-22,-1.0411549474718327e-19,2.0579908999768166e-20,2.801162167065952e-06,-6.456634088434043e-11,0.02448768501539306,2.9756737219055657e-22,-1.8502547754596854e-20,-5.315076328630303e-20,-4.6725463716748657e-07,-2.473081221136233e-22,-6.675917323598884e-21,0.003142286413897049,-1.144444239269566e-14,2.419416433795494e-16,-1.0581930360871325e-24,-1.043195626842245e-19,-1.501927777288869e-20,-1.1444442392694985e-14,0.0007870679291036624,6.850391160236921e-19,3.514600793080411e-22,2.1810015439828684e-20,-5.0282293793842316e-20,2.41941643379592e-16,6.850391160316247e-19,0.0007870679291036942,1.0258194535144724e-22,2.8011621670659513e-06,-4.672546371674859e-07,2.4450589850090094e-25,3.508174289088078e-22,1.050088512026333e-22,0.019334909915752783
1774036438157384542,6,1774036438119381428,center_camera,base_link_12,-0.6212580351100746,0.5920011296807087,-3.698299773655178e-19,1.0830827717752866e-15,-1.9127740990410396e-15,-0.2668998251647555,0.9637242776474104,0.004100939162997441,6.74502526763746e-17,-5.909367209920706e-25,-2.1221927585633598e-16,2.1221838412204753e-16,3.1215672679097556e-12,6.74502857635991e-17,0.0041009391629971284,1.2275575965043307e-24,1.1441758022579942e-15,-1.14418920309558e-15,5.767607071327724e-13,9.568611763469099e-25,2.000930428105705e-24,0.004920727238322978,-2.6226659089096955e-12,-1.0616637396073931e-12,5.731561628860852e-26,-2.122192736614311e-16,1.1441758024944834e-15,-2.6226659106037614e-12,0.00246136266648599,-4.375649154074478e-15,-1.6371987931655056e-20,2.12218384123249e-16,-1.1441891937137494e-15,-1.0616637387603602e-12,-4.375649148336114e-15,0.0024613626664945006,-1.417877093909036e-20,3.121567261133492e-12,5.767607062857395e-13,6.116716527752368e-26,-1.6371984518054402e-20,-1.4178768168656643e-20,0.004920727255402082,0.035425702672424016,-0.05056142493409088,-3.271210667697751e-19,1.5610451903008e-18,-2.3976283072073315e-18,-0.4672746199329615,0.025985982625709565,1.9792289567025948e-10,-3.3705629567684702e-22,-2.477768128230496e-20,1.139018987937135e-20,5.830980332772336e-06,1.9792289566689552e-10,0.025985980949137174,-2.89291403917385e-21,-1.3356076033254495e-20,-4.689702252672981e-21,7.476652441386029e-07,-2.6506979081046552e-22,-3.3077837626604344e-21,0.003281150957919216,-1.758841655411388e-14,-7.119836649826193e-15,4.082922136959804e-26,-2.5352875232103812e-20,-1.004180192974822e-20,-1.7588416554109117e-14,0.0008217841654454946,-2.930726463259099e-17,3.785669574315598e-22,1.1965370366922944e-20,-8.004230566364447e-21,-7.11983664982667e-15,-2.930726463259824e-17,0.0008217841654455559,2.7017472658836398e-24,5.830980332772334e-06,7.476652441386074e-07,-1.3466232672953682e-25,3.807090673616088e-22,5.075972017949483e-25,0.02045546644630256
1774036438257965578,7,1774036438196841478,center_camera,base_link_12,-0.5757610391764548,0.5795017846639531,-3.7353072630658605e-19,1.1779090743869253e-15,-6.224686732874304e-16,-0.4672249475111797,0.8841384780808804,0.0038750018248991675,3.372914974468676e-17,-2.527795620627064e-25,-7.392803869872183e-17,-6.670081261292234e-25,3.2969286853270618e-12,3.372914643596431e-17,0.0038750018248988657,-5.174613634587469e-24,1.0457569106151624e-15,5.9043692496760624e-24,2.2681332418510777e-13,4.908980076534473e-25,6.3547980982179194e-24,0.004649602425473314,-2.3353209895938566e-12,-1.761410337417391e-12,4.2007746390280625e-25,-7.392803867082543e-17,1.0457569111787598e-15,-2.3353209878997907e-12,0.002325800300902866,-6.63446514480711e-15,-8.354549899257166e-21,3.847296571069206e-25,-3.1817579543399458e-24,-1.761410337417391e-12,-6.634465144807918e-15,0.002325800300901261,1.3112118049043614e-25,3.2969286853270618e-12,2.2681332397334953e-13,4.239116566584689e-25,-8.354549350790807e-21,1.3238067869909405e-25,0.004649602440295983,0.05685156831337609,-0.04246954087922126,9.549879184047568e-19,-1.1842774303261643e-18,-3.555270848518136e-19,-0.5917318202131251,0.027489038539891993,1.08638969116067e-09,-1.8594929181934653e-22,-6.650528723733384e-21,-1.073987912849174e-20,8.437410313626887e-06,1.0863896910237132e-09,0.027489035359120076,-1.98970747432419e-22,-8.759006056402897e-21,3.2245905628924895e-20,2.752508593221753e-06,-6.852450051009736e-21,1.0967455938597909e-20,0.003100401105721684,-1.3958042086675628e-14,-1.0547162750367307e-14,-4.641273473363822e-24,-6.302300345598927e-21,-8.550198274216876e-21,-1.3958042086672814e-14,0.0007765968538733191,-4.0293817325735215e-17,-4.551441801407896e-24,-7.398945434709806e-21,2.6674515437836412e-20,-1.0547162750365862e-14,-4.0293817325738445e-17,0.0007765968538733422,2.2357969533608504e-24,8.43741031362689e-06,2.7525085932217495e-06,-9.402549823395672e-26,-3.166452847633484e-24,3.3199850330401725e-27,0.021506662531800325
1774036438324162746,8,1774036438277166605,center_camera,base_link_12,-0.548257142134638,0.5717505197546704,-3.067425252697969e-19,-1.2879031560794087e-16,-1.8087802846647854e-16,-0.5800200173808511,0.8146022216011427,0.004018255592743109,6.8417597389363514e-18,-2.970566106914078e-25,-7.057723748603625e-25,-5.059480807011057e-17,4.111963357024363e-12,6.8417465040465506e-18,0.004018255592742534,-7.491018416650321e-24,-7.136782795187989e-26,-1.1800797419108466e-15,-1.8139115104837686e-13,4.726517821233581e-25,5.0296616956853506e-24,0.004821506953846673,-2.0618798696206094e-12,-3.058168186731696e-12,-1.4142938417370779e-27,4.035582358369158e-25,-5.270582402278577e-26,-2.0618798704676424e-12,0.0024117525132012862,-1.2657203348804024e-14,-2.4408594273472245e-27,-5.059480808301088e-17,-1.1800797414171185e-15,-3.05816818503763e-12,-1.2657203337179874e-14,0.0024117525131986807,-4.2855611943480825e-21,4.111963350248099e-12,-1.8139115104837686e-13,-6.818686610520421e-28,3.700879097843754e-28,-4.2855611924002744e-21,0.0048215069725231555,0.06730549142634792,-0.030172976382521945,4.234828457230527e-19,2.9425270067599196e-19,-9.932613573400534e-19,-0.6703557288545963,0.028940920184758898,3.531954139143212e-09,1.9204206562061096e-22,1.7836440036109272e-20,4.589972511645253e-20,1.1083364569852553e-05,3.5319541389171943e-09,0.02894091627674775,-3.278072930552767e-22,-2.974375054516626e-20,-3.5008962033502484e-20,6.8466664273993425e-06,-7.22227843075553e-23,-7.159743661714937e-22,0.0032150040945616402,-1.3275012614496458e-14,-1.9662565928024243e-14,1.8496155102122863e-24,1.783642313937985e-20,-2.9743783253333764e-20,-1.3275012614496521e-14,0.0008052474018224617,-6.277913134090491e-17,-3.772291373664994e-26,3.95671181055122e-20,-3.0972809637429057e-20,-1.9662565928029926e-14,-6.277913134092501e-17,0.000805247401822411,1.0638596788917693e-23,1.108336456985255e-05,6.846666427399344e-06,-3.9209313825665256e-26,-6.305196240326709e-27,9.760358903321887e-24,0.022489716069556038
1774036438390736377,9,1774036438355757713,center_camera,base_link_12,-0.5222566411848868,0.5640004993043838,8.676740636509607e-20,0.0,0.0,-0.6943554932911836,0.7196321622442656,0.0039315547019675825,-5.099806704405831e-18,-6.103911704875688e-25,5.439089431177757e-17,7.201955405511205e-25,4.032158226828075e-12,-5.099778580265004e-18,0.003931554701967067,1.234304104447616e-23,6.204646090782605e-16,3.9955905611691526e-26,-3.6005699730588554e-13,8.672793760044594e-25,-1.1815807751275645e-23,0.0047174658772895966,-1.3001612776713167e-12,-3.371130899253302e-12,-1.0768608193651664e-26,5.439089428570799e-17,6.204646090547617e-16,-1.3001612785183496e-12,0.0023597320098783232,-1.0008926000275083e-14,-3.3969347816303944e-21,-4.0695802943916494e-25,-2.097125783717738e-26,-3.371130899253302e-12,-1.0008926000275083e-14,0.002359732009868101,2.2878652370775273e-27,4.0321582302162064e-12,-3.6005699688236906e-13,1.284587811984867e-28,-3.396934275528857e-21,1.1121577380703035e-29,0.004717465894694038,0.07397961970053687,-0.016158503300314504,1.1930372305859747e-18,-2.8582243212421995e-19,-5.707719994771633e-19,-0.7576978623206685,0.030420441642735333,6.705778050663131e-09,-7.35282128701371e-23,-1.8565685996284394e-20,-3.4170257430837254e-20,1.2661752842512729e-05,6.7057780506808674e-09,0.030420439681992997,1.3899560651810914e-23,7.637434328347194e-21,2.7037902588964646e-20,1.1483978773644204e-05,-3.992242981484102e-22,-9.25538870611893e-22,0.0031456433963113115,-8.014080775314151e-15,-2.0778978341954474e-14,4.141572812122469e-24,-1.871867288952768e-20,7.195724159202243e-21,-8.014080775313028e-15,0.0007879073561852848,-4.3386087665650716e-17,-3.2345974050701042e-24,-3.4323232777204875e-20,2.6596221414047214e-20,-2.0778978341956462e-14,-4.338608766565049e-17,0.0007879073561851892,1.8554550700787212e-24,1.266175284251273e-05,1.1483978773644204e-05,-1.1390698815883887e-26,-5.066431277999014e-24,5.3455974979203996e-27,0.02343148094929515
1774036438491182367,10,1774036438434657097,center_camera,base_link_12,-0.4877590999197308,0.5530013274641113,-5.977293475543819e-19,1.5085680120516006e-15,-2.1963539559924734e-15,-0.8242915714817848,0.5661655280782198,0.003946968450005566,-4.6639976651316527e-17,1.4730965901660408e-24,-3.3379512366819725e-16,1.1127266113055445e-16,4.175308292468302e-12,-4.663997996003898e-17,0.0039469684500049885,-4.6353253060711075e-24,1.7382668116841008e-15,6.182943811290481e-16,-7.608758111074337e-13,-1.603679388161883e-24,7.226298299821743e-24,0.004735962376941482,-5.882833211012957e-13,-3.760285573856884e-12,1.676574902571436e-26,-3.3379512577995867e-16,1.7382668127023995e-15,-5.882833211012957e-13,0.0023689802402671527,-8.855079476841233e-15,5.069895247867905e-22,1.1127266117840325e-16,6.182943811603439e-16,-3.760285573856884e-12,-8.855079476839617e-15,0.002368980240239217,-1.6429366906472166e-20,4.175308292468302e-12,-7.608758111074337e-13,4.426876940649784e-28,5.069848591087581e-22,-1.6429366906588546e-20,0.0047359623959925285,0.07862839977678103,0.006026526014906862,-3.0951899617628564e-19,1.7627269047905298e-18,-6.895137494314804e-19,-0.8882478372909788,0.031858292177439136,1.0267585475449759e-08,-9.268601440780356e-23,-4.595510595193584e-20,-2.3040691243388966e-20,1.3183873918151594e-05,1.0267585475439805e-08,0.03185829629824692,1.1592700963564911e-23,-1.9436235761512205e-20,4.835415618117981e-21,1.7006613925235802e-05,1.6020043853342455e-20,-5.668055889982462e-22,0.0031579743845492254,-3.628460334721386e-15,-2.3358793362082906e-14,-6.326244014048527e-24,-5.400365205465389e-20,-1.9147245073765103e-20,-3.628460334720782e-15,0.0007909900264731412,-2.1442659436265383e-17,8.069967107949568e-23,-2.3004573064631924e-20,5.841484063809299e-21,-2.3358793362081703e-14,-2.144265943626561e-17,0.0007909900264730063,-1.1548270104157191e-23,1.3183873918151587e-05,1.70066139252358e-05,1.6266788959887032e-27,7.733074689859072e-23,-7.580979617368226e-24,0.02430643949905474
1774036438557530933,11,1774036438512886047,center_camera,base_link_12,-0.46775554856018337,0.5470001091126385,-2.5356773219829936e-19,-2.9565827278352457e-16,5.969258286600456e-16,-0.8961049798404019,0.4438421623789619,0.0039134468015228725,-9.511331641229558e-17,1.5009734947915102e-24,3.7091346580356307e-16,-1.0210338517761765e-25,4.1768293298604774e-12,-9.511331641229558e-17,0.003913446801522279,-1.1200885855438402e-24,4.849427997661717e-15,-3.585116043825112e-25,-1.2538369153429051e-12,-1.6667419873682e-24,-7.762652320956399e-25,0.004695736396757708,5.765943244509433e-13,-3.870736337450108e-12,8.356433909455768e-27,3.709134613258333e-16,4.849427997777152e-15,5.765943248744597e-13,0.0023488672554476692,9.282554188713774e-16,-1.5041266639633718e-20,-3.4533180948310044e-28,2.0090501319926418e-25,-3.87073634083824e-12,9.282554074911816e-16,0.0023488672554183186,3.5062646807847136e-28,4.1768293298604774e-12,-1.253836917036971e-12,-1.81474130408725e-27,-1.5041277462812994e-20,-3.4441872087151436e-30,0.004695736416024499,0.07447751058566542,0.0196617207038397,2.790765332200055e-19,-1.5427197160500038e-18,-1.7111987268711408e-18,-0.9718114296535894,0.033284521958655174,1.241037192349098e-08,1.7970004015065797e-22,-1.2129233636390754e-19,2.743982336643409e-20,1.1741685501298842e-05,1.2410371923640648e-08,0.03328453748611948,-3.9269445566015803e-22,-4.5250208353940834e-20,-4.2620601391599575e-21,2.2917398349338725e-05,1.7155301111000868e-20,1.9424761610519448e-21,0.003131157066574679,3.5210726396257507e-15,-2.3638190269238083e-14,2.8893875042624503e-24,-1.1351331353382447e-19,-4.226042071725194e-20,3.5210726396261562e-15,0.0007842857109902647,2.1485101252297292e-17,7.541667819069167e-23,2.6692420334870398e-20,-2.3172956905509426e-21,-2.3638190269237654e-14,2.148510125231233e-17,0.0007842857109901237,-8.301792868792764e-24,1.1741685501298844e-05,2.2917398349338722e-05,-3.2133951749793164e-25,8.150139923821875e-23,-5.482757603267539e-26,0.025130539894890606
1774036438624062238,12,1774036438588966846,center_camera,base_link_12,-0.44975518431129463,0.5417500654171431,8.521721785137135e-20,-2.1064854017069732e-16,-7.022107304981431e-17,-0.9486766870188914,0.3162475984207001,0.0038060392253508333,-1.1389118981997617e-16,-2.4331007254013038e-24,1.0773435788450844e-22,1.1679319024647327e-16,3.863357174454943e-12,-1.1389119643742107e-16,0.0038060392253503545,-6.849093757330952e-27,2.215379499283466e-21,2.837876517090465e-16,-1.6062156521555546e-12,3.758343667489501e-24,2.5144321974849636e-26,0.004566847307471981,1.2304895100959915e-12,-3.545022761940967e-12,-1.9869395641987247e-26,1.0699098772807074e-22,2.2153794345968718e-21,1.2304895092489585e-12,0.002284422703534643,6.820516152599423e-15,4.309522603560041e-24,1.167931948873257e-16,2.8378766977262647e-16,-3.545022765329099e-12,6.820516152597807e-15,0.0022844227035173775,-9.655448260395347e-22,3.863357174454943e-12,-1.6062156555436864e-12,-2.4321216992130752e-27,4.3079518260748236e-24,-9.655506104238355e-22,0.004566847326647615,0.06703988731024364,0.030968584130613194,4.543725030860517e-19,-1.2092240994628976e-18,2.912153249717912e-18,-1.0517791487827315,0.034679622720042054,1.2226303933024732e-08,1.390797089613164e-23,-5.069598134878141e-20,-3.445664064600935e-20,9.165185205322274e-06,1.2226303933029812e-08,0.03467965154690295,1.7390005460399936e-22,-1.094648990463059e-19,-7.797196104774223e-21,2.811538918241927e-05,-1.4805303076167518e-22,3.865537984206058e-22,0.00304523100271545,7.10731254018304e-15,-2.0453414246136216e-14,-1.4954178019650105e-24,-5.1991142326734964e-20,-1.0776439815413238e-19,7.107312540186258e-15,0.0007628041650602087,3.934543020791061e-17,2.142777504614954e-22,-3.5751238033166713e-20,-6.0964926491446805e-21,-2.0453414246144496e-14,3.934543020791215e-17,0.0007628041650601091,-3.7592956631707416e-23,9.165185205322274e-06,2.811538918241927e-05,-1.2702547680592668e-25,2.2191291630232947e-22,-2.975106962186489e-23,0.025896755332338605
1774036438724071676,13,1774036438666302443,center_camera,base_link_12,-0.42800661377111004,0.5345008345727907,1.1589452373916457e-18,-1.2959939083022856e-16,1.99419465714303e-15,-0.9978949238681759,0.06485152980560674,0.003868779057710739,-1.5523256510463322e-16,-3.1858985194209197e-24,8.2355337922331775e-16,2.3206318529715432e-25,3.66270109334872e-12,-1.5523260480930262e-16,0.0038687790577102794,-4.115210736627546e-25,1.5392703275337329e-15,5.9173278757519664e-24,-1.981378497823436e-12,2.743854045648734e-24,-1.2270145661120362e-24,0.004642135108360256,1.8608201967967777e-12,-3.2643591690563684e-12,-1.66234534326584e-26,8.235533792154734e-16,1.5392703367970814e-15,1.8608201967967777e-12,0.002322066578687854,9.450021216483693e-15,1.6979963494392034e-21,1.8417530968074283e-26,-3.346865254920389e-24,-3.2643591673623025e-12,9.450021192925201e-15,0.002322066578671646,-8.974858223925223e-27,3.66270109334872e-12,-1.981378497823436e-12,-2.0421612083750916e-28,1.6979874013129905e-21,-3.014155540054192e-29,0.004642135129887973,0.054273160859068297,0.04430252030297451,1.8901679314474985e-19,-5.355639681400135e-19,1.9036171341910234e-18,-1.2353174101804714,0.0359989495483547,9.119407791746681e-09,7.727733678832006e-23,-6.180421111224149e-20,1.1555450635830461e-20,5.236696656407935e-06,9.119407791637467e-09,0.03599899324861733,7.010929567457841e-23,-2.87798149644725e-20,2.9720989670546777e-21,3.3035119947473454e-05,7.737904571303884e-23,7.000430009930991e-23,0.0030954228547463553,1.1080293497785908e-14,-1.948088953942013e-14,1.8892749650681106e-26,-6.180402417491561e-20,-2.877956511033601e-20,1.108029349778272e-14,0.0007753520270807723,5.499483233738493e-17,-3.6063586829315216e-23,1.5267120228267208e-20,1.869992743887916e-22,-1.9480889539418395e-14,5.499483233741375e-17,0.0007753520270807069,1.5286170884910943e-23,5.236696656407928e-06,3.3035119947473454e-05,1.838789640366147e-26,-3.6063230011753064e-23,-6.089058810008249e-26,0.026593685313738777
1774036438790716725,14,1774036438751606941,center_camera,base_link_12,-0.4165040554259124,0.5305001784687624,-1.1934043798864767e-18,-1.6833825170011215e-15,-9.634085740717832e-15,0.9918749585765334,0.127216612707618,0.004267224208585284,-3.342375069206524e-16,2.373774326431326e-24,5.0458152256391995e-15,-2.1161538434904477e-16,3.056496035273599e-12,-3.342375863299912e-16,0.004267224208584922,2.531956377338131e-24,5.1490161207645625e-15,-2.263805019919307e-16,-2.894920068908461e-12,-9.753751756460806e-24,-8.807802051769619e-24,0.005120269274281701,2.7517781144557364e-12,-2.7069266407786464e-12,5.904831628689256e-27,5.045815216618933e-15,5.1490161201477214e-15,2.7517781178438682e-12,0.002561133683125028,8.491283593963112e-15,-1.333582348106278e-20,-2.1161537508264703e-16,-2.263805020137629e-16,-2.7069266424727123e-12,8.491283593957458e-15,0.002561133683130379,1.9272495945567165e-21,3.056496035273599e-12,-2.894920068908461e-12,2.6116195284091187e-27,-1.3335837738625726e-20,1.9272623516514224e-21,0.005120269300122417,0.04186391112581735,0.047450940194931956,-1.2446401278351541e-18,-5.146981459939582e-19,-1.0629211727888141e-19,-1.3665442464886217,0.03725527502137286,6.977361381652574e-11,5.4130429248524595e-22,-2.3356674337731935e-19,3.517961947478592e-20,-1.6834679337999122e-06,6.977361394196438e-11,0.037255334356748715,7.882210305419387e-22,-2.0967030511712054e-19,2.587359633658217e-20,3.7875228184094984e-05,-1.0450412167683875e-20,-8.23968263947398e-21,0.003414178973449547,2.000766932314549e-14,-1.9655654027237728e-14,-8.272851232369212e-24,-2.34911066368119e-19,-2.199491130742129e-19,2.0007669323141236e-14,0.0008550411148965736,8.370511978458437e-17,-2.7843785165992744e-22,3.004057193799128e-20,2.65454951778945e-20,-1.9655654027237138e-14,8.370511978458553e-17,0.0008550411148965769,6.808501237235926e-24,-1.6834679337999113e-06,3.787522818409497e-05,1.1469867945775707e-24,-2.984166258388588e-22,2.2581504818583575e-23,0.0272351645501145
1774036438857370940,15,1774036438819919586,center_camera,base_link_12,-0.4080028464866138,0.5282501490592367,1.1610721303597926e-18,-2.2012176478227592e-15,-4.20552974930493e-15,0.9570986397443181,0.2897623056913651,0.0034176315731044146,-7.435103009765539e-17,-1.0846149227278865e-24,3.3351196610561156e-15,-6.126239183741853e-16,1.604463293453616e-12,-7.435104333254519e-17,0.00341763157310434,-8.376294943250359e-25,-2.7786242438636453e-16,-4.167560392985375e-16,-2.3880306132333887e-12,-1.4402901397494968e-24,-8.40502621267976e-25,0.0041007581117563285,2.05428056191542e-12,-1.4787584041458146e-12,6.244472751342116e-29,3.3351196610566915e-15,-2.7786242438635664e-16,2.054280558527288e-12,0.002051378188118787,8.097586863003232e-15,2.9970280073611597e-20,-6.126239181957419e-16,-4.1675603903943816e-16,-1.4787584032987817e-12,8.097586852519687e-15,0.002051378188122779,-4.383340605360385e-22,1.6044632951476819e-12,-2.3880306166215205e-12,-3.882280335927424e-28,2.997028007361044e-20,-4.383343978996051e-22,0.004100758125941222,0.03458954063678002,0.04673827571092464,-5.817605523496704e-19,-1.771800061705629e-18,5.712699888278368e-19,-1.4515098383016822,0.03875912704254194,-5.263669513835469e-09,1.4450128448938562e-22,5.774552576513213e-20,2.6532072182845168e-20,-5.1808959109318925e-06,-5.26366951386674e-09,0.038759189716007524,1.4618246797556296e-21,-1.016033027022267e-19,2.476868097483293e-20,3.9007325640542907e-05,1.4450853581875166e-22,1.4617462344546393e-21,0.0027345049172645608,9.567863148977476e-15,-6.906500300737206e-15,1.4122231933564707e-24,5.774552255620856e-20,-1.0160330269621701e-19,9.567863148975595e-15,0.0006851229410455715,2.418412748923226e-17,-1.0478900957890023e-22,2.2681582001708968e-20,2.376535480641347e-20,-6.90650030073643e-15,2.4184127489238485e-17,0.0006851229410455871,6.482233456316863e-24,-5.18089591093189e-06,3.90073256405429e-05,1.4073867532484549e-24,-1.0478900976247385e-22,1.399881628422901e-23,0.027941349261973364
1774036438957339805,16,1774036438906378984,center_camera,base_link_12,-0.4000035654211473,0.5260005198841592,2.4269414969458935e-19,-1.1357462022819157e-15,-2.9276000203690485e-15,0.8717822235238303,0.48989361574513945,0.004324969106066261,-3.1572362324238444e-16,-4.963635212350432e-25,2.378574884907825e-15,2.1623610680715054e-16,1.3172425229098232e-12,-3.1572361662493954e-16,0.004324969106066467,3.8901136607392835e-25,4.224425641383392e-15,7.950371028938069e-17,-3.699091244901628e-12,-2.0290112925039597e-25,3.122321843627165e-26,0.005189563164846732,3.2113940633392854e-12,-1.7782768454042085e-12,1.0148990485137876e-25,2.378574883638155e-15,4.224425642018653e-15,3.2113940633392854e-12,0.0025957805092466928,7.48099091248641e-15,-4.3501313253806995e-21,2.16236106807865e-16,7.950371028878576e-17,-1.7782768454042085e-12,7.480990886489998e-15,0.0025957805092619197,2.8912986714151414e-20,1.3172425237568562e-12,-3.6990912415134965e-12,1.020334909669972e-25,-4.350132083076788e-21,2.891298789131605e-20,0.0051895632002791296,0.023191021507324112,0.04224369634634793,5.222404217476941e-19,-3.3673587693763615e-19,9.405278128411056e-19,-1.6256224062112488,0.03952902828434978,-1.9026438129121267e-08,3.4819141614660464e-22,-1.3801760774751043e-19,-1.2201517742587788e-20,-1.350394976697346e-05,-1.902643812931768e-08,0.03952909316361815,1.4133458731596572e-21,-1.4331574210072662e-19,-1.9854754241966118e-20,4.1121361752967156e-05,-1.368630808329971e-20,-3.3857105929234375e-22,0.0034603748287725528,2.3949514502811403e-14,-1.3260676963627782e-14,-3.3023575737702726e-23,-1.3801768056037662e-19,-1.4331575116004192e-19,2.3949514502816187e-14,0.0008665896017125362,5.812959137341186e-17,-6.081853617042393e-22,-1.220151771350081e-20,-1.98547542253019e-20,-1.326067696362856e-14,5.812959137345914e-17,0.000866589601712609,-1.9314957321801932e-23,-1.3503949766973445e-05,4.112136175296716e-05,1.4097689326885824e-24,-6.079784213795775e-22,-1.9307761177405832e-23,0.028316194002949182
1774036439024085047,17,1774036438979248762,center_camera,base_link_12,-0.39750132846909336,0.525500142526484,-3.2227892950443076e-19,1.5758027862471317e-15,-8.494663067574471e-16,0.8145941936159868,0.5800312920240771,0.003645488223276412,-5.2688824629707004e-17,-4.8061135608956274e-24,-2.0317048881877784e-16,2.9561969440778365e-15,1.023840798366403e-13,-5.268884820435446e-17,0.0036454882232764413,6.7442343290598115e-25,-1.0560966052546086e-17,3.726539087416753e-15,-2.2859683777528596e-12,6.044436308454086e-24,1.0023363790237131e-24,0.0043741860828325424,1.884199583466681e-12,-7.420638827401087e-13,-4.784429168422777e-25,-2.0317049696587058e-16,-1.0560966053043857e-17,1.884199583466681e-12,0.0021880921912287264,2.4290610397437787e-15,-1.2923089038074723e-21,2.9561969442716502e-15,3.726539087412777e-15,-7.420638831636252e-13,2.4290610397437787e-15,0.002188092191233908,-1.0592424817932935e-20,1.0238407973076118e-13,-2.2859683811409914e-12,-4.781802118294001e-25,-1.2923112291478246e-21,-1.0592426673580498e-20,0.004374186099110178,0.02045981793921642,0.03986936990824121,7.504899199352267e-19,9.684576084837623e-19,1.6747115882305225e-18,-1.6624080564733854,0.04104447164608603,-2.4505261466027456e-08,1.9829987701641153e-23,5.839877884975107e-20,7.841726560484712e-20,-1.6897615855023267e-05,-2.450526146609219e-08,0.04104453270756724,4.587518922881561e-22,7.093623588591775e-20,-1.0475100873868851e-19,4.0819297923379336e-05,-2.386472360554037e-22,-3.208425199373796e-23,0.002916790237488865,9.984621827540923e-15,-3.953391000789429e-15,3.774724038474299e-25,5.839864775154816e-20,7.093602593451287e-20,9.984621827535702e-15,0.0007306943142364945,1.2859098928130755e-17,1.6312808140727834e-22,7.635033692664007e-20,-1.0867595210229173e-19,-3.953391000787515e-15,1.2859098928131082e-17,0.0007306943142365212,1.4115244813345416e-22,-1.689761585502327e-05,4.081929792337932e-05,7.247077452093338e-25,1.631283131163731e-22,1.4424877842149009e-22,0.028975725488454555
1774036439090604826,18,1774036439058677912,center_camera,base_link_12,-0.39750090718085573,0.5255001052459537,-8.394749687297707e-19,5.196114301978905e-16,-4.1681917037790124e-16,0.7800406144722234,0.6257288867982651,0.003973456714482984,-5.946982092161613e-17,-6.317769359831368e-26,1.7233266631725263e-16,1.3786779460749923e-15,-3.836002717220717e-13,-5.94698258846998e-17,0.003973456714483128,-2.102093862768842e-25,-2.2974590317025343e-17,-1.837966655816131e-16,-2.6438842197636873e-12,-3.063348100726339e-25,-2.299634417160301e-25,0.0047677482920295755,2.2981038543635557e-12,-7.987404771914056e-13,-9.741114983046264e-28,1.7233266601966708e-16,-2.2974590466238704e-17,2.2981038543635557e-12,0.0023848731420728617,2.674355957160209e-15,7.5345661127582025e-22,1.3786779458334502e-15,-1.8379666558160442e-16,-7.987404771914056e-13,2.6743559328262357e-15,0.0023848731420793878,6.035576129097204e-21,-3.836002717220717e-13,-2.643884223151819e-12,-9.019452118931251e-28,7.534567129058218e-22,6.035576129051842e-21,0.004767748319533361,0.018700169996175412,0.03794010807631848,2.466550274427105e-19,1.6019683807646346e-18,1.7673943769631607e-18,-1.6535958122149612,0.04204094975942814,-3.1798008928261554e-08,-4.44801512579399e-22,-2.0826101944097425e-21,7.022730305891315e-20,-2.1604826492335225e-05,-3.1798008928292524e-08,0.04204100300425195,2.4119924568674022e-23,-4.17927513542117e-20,-1.0802622866892045e-19,4.01461098789369e-05,4.519519427906824e-21,9.897223580582984e-21,0.003179164952730812,1.446569826766329e-14,-5.027771069660293e-15,7.744904917231236e-24,-2.0826082240694425e-21,-4.179276250958543e-20,1.446569826766135e-14,0.0007962873896060629,1.6811201930313865e-17,-1.6324400781473523e-23,7.213692070558319e-20,-1.025113662822491e-19,-5.027771069659476e-15,1.681120193034952e-17,0.0007962873896061057,2.977605182971912e-22,-2.1604826492335225e-05,4.01461098789369e-05,9.152358031661337e-26,-1.633744058967322e-23,2.951783307133355e-22,0.029401675534092408
1774036439190745720,19,1774036439140290976,center_camera,base_link_12,-0.39750081640398166,0.525500081285684,-3.290645559031825e-19,-1.3894174606148098e-16,-1.7320218756615105e-16,0.7800333073826726,0.6257379957886918,0.00408265248668921,-3.3528197795395576e-17,-4.328673367944192e-25,7.156711181615671e-16,-1.9620151087624236e-25,-5.699377508635206e-13,-3.3528187869228226e-17,0.004082652486689324,3.503755495045714e-26,-1.6779976274399498e-16,3.622909382943233e-27,-2.3109263119639248e-12,-5.671910813726149e-26,8.927382382578209e-26,0.004898783199684601,2.0572284229191133e-12,-6.700396569131212e-13,1.5768238578454055e-25,7.15671118434664e-16,-1.677997626873437e-16,2.0572284212250474e-12,0.002450390679621667,-2.313324663651034e-16,3.482976624452872e-21,7.766510781247834e-26,3.683256378533431e-27,-6.700396573366377e-13,-2.3133244405626845e-16,0.002450390679621595,-8.021684484019247e-25,-5.699377517105536e-13,-2.3109263119639248e-12,1.575219600520233e-25,3.482975784531549e-21,-8.042768898516147e-25,0.004898783224501354,0.017278401889871592,0.03605032481688361,-2.701781705632155e-20,-1.597392828289502e-18,1.0361077668568749e-18,-1.5883412603592453,0.04319644607924974,-3.81514439377239e-08,-1.3800181895538484e-22,8.869826221289435e-22,3.766400867459888e-20,-2.586175399478672e-05,-3.815144393763457e-08,0.04319649029887384,5.15535541918727e-23,1.6697749762906845e-21,7.472707230291658e-20,3.94193640885153e-05,2.449906589359266e-21,-5.2366421452484955e-22,0.003266521605058058,1.3675606071642177e-14,-4.453604147636418e-15,4.1868683489603834e-24,2.2659021631906838e-21,1.363286254496016e-21,1.367560607164644e-14,0.0008181268687402337,1.4529132551235577e-17,1.6076725411269079e-24,3.766401124754102e-20,7.472708389763519e-20,-4.453604147637416e-15,1.4529132551203613e-17,0.0008181268687402735,-3.0046273806779722e-25,-2.586175399478672e-05,3.94193640885153e-05,1.1189089674471074e-25,-1.2290174182713617e-25,-3.0041205034027237e-25,0.029873431896045362
1774036439257461638,20,1774036439215389252,center_camera,base_link_12,-0.39725075244181685,0.5252501345627131,4.418754566158572e-19,-1.3959636044603655e-16,-1.7267502056329248e-16,0.7776591582650367,0.6286861168870477,0.0037569131146158556,-2.2875239780068102e-17,1.631572772283774e-25,3.2023397031532487e-16,4.476314995317616e-23,-4.638152909024152e-13,-2.2875241434429327e-17,0.0037569131146158938,6.006543341938392e-25,-7.151587214053988e-17,-8.543014816089885e-24,-1.9964396414805415e-12,-1.279177631972725e-27,-8.2072372181403005e-25,0.004507895956068947,1.7367029691046508e-12,-5.761358721034066e-13,-3.5485300236299116e-25,3.202339700471923e-16,-7.15158721387215e-17,1.7367029699516838e-12,0.0022549470776763066,-1.2002149425287975e-15,3.316934441744948e-20,4.449513480575397e-23,-1.0739067017006917e-23,-5.761358721034066e-13,-1.200214964330338e-15,0.002254947077680036,-1.8917563014205704e-24,-4.638152913259317e-13,-1.9964396414805415e-12,-3.5246941451851007e-25,3.3169344483646376e-20,-1.889435997738589e-24,0.004507895976430751,0.015801167810248373,0.03441802948236696,3.847884886927916e-19,-9.034261951966916e-19,1.6830533280970917e-18,-1.5388643983326042,0.04448946646285616,-4.200492258126518e-08,-2.7904284909563226e-24,9.521497352390246e-21,-1.2153278747302925e-21,-2.8683369336311968e-05,-4.200492258111e-08,0.04448950281020458,3.459907480164916e-23,1.817508684418872e-20,-2.8827863814369026e-21,3.8571360539511366e-05,3.622380937933707e-22,-1.0799608094123492e-20,0.0030059301240509414,9.797218300741082e-15,-3.2426573935130826e-15,1.4286226034702427e-25,9.521496716654255e-21,1.817507719855562e-20,9.797218300740563e-15,0.000752979093655008,9.193847223313737e-18,-7.511080442921909e-24,-2.4949577178090145e-21,-2.598478320037463e-21,-3.2426573935126657e-15,9.193847223338584e-18,0.0007529790936550331,-5.556836393717327e-24,-2.8683369336311964e-05,3.857136053951135e-05,3.1527821365102906e-26,-7.511077451029638e-24,-4.030105840381357e-24,0.030381712016449493
1774036439357355497,21,1774036439298549414,center_camera,base_link_12,-0.397500717759031,0.5252500664176593,9.0499218755997e-19,-1.7267466616763148e-16,1.3959679881791797e-16,0.77765756220887,0.6286880911384894,0.004160007362246282,-2.4678417414817348e-17,2.3228879855308256e-25,-1.5495130690273637e-16,-6.198051304161784e-16,-4.973961933112505e-13,-2.4678420723539798e-17,0.004160007362246364,8.137904650144259e-27,3.2931723797156783e-17,1.3172010490523407e-16,-2.217814495760113e-12,2.253288621348483e-25,-9.340361974447131e-26,0.004991609053021959,1.99924867378418e-12,-6.035393052061593e-13,-1.5703454446822804e-28,-1.5495130776859099e-16,3.2931724962614166e-17,1.99924867378418e-12,0.002496803550955873,2.158938992629094e-15,3.2808010764220427e-20,-6.198051304161846e-16,1.3172010367853318e-16,-6.035393056296758e-13,2.1589389689890153e-15,0.002496803550955891,6.718411045961559e-20,-4.973961933112505e-13,-2.217814495760113e-12,7.343163263527439e-30,3.280800857465382e-20,6.718411179291723e-20,0.00499160908265313,0.014388723261628947,0.03254389315348893,6.999299238103502e-19,-1.928346517711624e-18,-1.4614676617005398e-18,-1.4703155600102655,0.045303723431336984,-4.682707980346497e-08,-3.485934362449769e-25,1.364563741272232e-20,9.968665992785382e-21,-3.248222867430523e-05,-4.682707980358664e-08,0.04530374808753164,5.84120388530242e-23,2.8353394262657944e-20,2.205116493499534e-20,3.7455915732831184e-05,1.8110244989728667e-22,4.28302980615519e-22,0.0033284054767033383,1.3795420235270594e-14,-4.164620187225716e-15,2.8652509706741318e-25,1.2083821053131477e-20,2.868799060595669e-20,1.3795420235269239e-14,0.0008335976335742134,1.2479067970446353e-17,4.324565438284519e-24,9.968726124187308e-21,2.2051150436941456e-20,-4.164620187225358e-15,1.247906797048211e-17,0.0008335976335742507,1.1481799109633226e-23,-3.248222867430523e-05,3.7455915732831184e-05,4.141120818654125e-26,6.3275926923431e-24,1.1392154094642084e-23,0.030691580308574544
1774036439424120472,22,1774036439371480227,center_camera,base_link_12,-0.3972506473721401,0.5252500535652672,-3.3777371987208725e-19,0.0,0.0,0.7776595487918023,0.6286856338210143,0.003648539961225673,-1.1973331006044831e-17,1.0245646919254081e-25,-2.8322772053227077e-16,8.452241183323634e-27,-3.542869279775428e-13,-1.1973316943974418e-17,0.0036485399612256747,1.3264293364080588e-24,5.626637254719985e-17,6.448002766131073e-25,-1.70787567404108e-12,2.7178264734235716e-25,-1.567127424686791e-24,0.004377848169294349,1.4865421304053792e-12,-4.603915858471957e-13,1.04238119567545e-25,-2.8322772033688077e-16,5.626637244313449e-17,1.4865421304053792e-12,0.0021899231978198866,1.1366898726729131e-15,-6.16974052976726e-20,8.432467335583932e-27,-3.86518099970213e-25,-4.603915854236793e-13,1.1366898726729131e-15,0.0021899231978232125,7.874733059509526e-25,-3.5428692840105925e-13,-1.70787567404108e-12,1.0796238776813161e-25,-6.169740505141925e-20,7.884418057861972e-25,0.004377848188319998,0.013220923088645191,0.031015203200148687,7.109895672833355e-19,-1.505061783384486e-18,-1.5261267971529126e-18,-1.4237303377682717,0.04661615756489849,-4.870582159821504e-08,4.3116960977477664e-23,2.1418781555716526e-22,-1.4606240849414657e-20,-3.434381213461e-05,-4.870582159809125e-08,0.04661617463143636,-5.776168640134094e-24,-1.0553690301155056e-21,-3.207367054067734e-20,3.64264053144618e-05,2.2462837822656332e-21,1.0276830548824287e-20,0.0029192316092648096,7.891005413039078e-15,-2.443894015906201e-15,3.0978412555367645e-24,-2.442913690070828e-22,-6.3296217349559896e-21,7.891005413039571e-15,0.0007313045289513384,6.026737631012804e-18,6.338843574058831e-25,-1.3964118758776805e-20,-3.2211249392986755e-20,-2.44389401590566e-15,6.0267376310129035e-18,0.0007313045289513559,5.184300347501017e-25,-3.434381213461e-05,3.64264053144618e-05,-3.345822950429873e-26,1.6983348183088575e-24,-3.0887261711277547e-27,0.031177720523780504
1774036439490649238,23,1774036439454551935,center_camera,base_link_12,-0.3975006450509494,0.5254999886178106,8.872290324740763e-19,-3.197340225682175e-17,3.123864829033899e-16,0.7754295252444381,0.6314341227548487,0.004155584680278685,-1.444289030535047e-17,6.747287617504585e-26,-5.378125944300263e-16,-5.378193638555764e-16,-3.89915086997035e-13,-1.4442888650989246e-17,0.004155584680278724,-1.1365879587180031e-26,9.844353852590186e-17,9.844523161311122e-17,-2.032311874737851e-12,6.559559531735034e-26,-1.0510882729151248e-26,0.004986301835693873,1.8415103358762445e-12,-5.22072867691081e-13,5.1121721900982253e-26,-5.37812593539025e-16,9.844353830314948e-17,1.8415103375703104e-12,0.002494149910179533,7.385472502877283e-15,-2.4282015205093426e-22,-5.378193683105595e-16,9.844523157048438e-17,-5.220728674793228e-13,7.38547252727588e-15,0.0024941499101746346,-2.397205584847169e-22,-3.899150874205515e-13,-2.032311874737851e-12,5.112641411175436e-26,-2.4281913789908595e-22,-2.397196479893879e-22,0.004986301867792225,0.012092064429588597,0.029098829408768494,-1.40464621530081e-18,1.376673203008903e-19,-3.1171890708911842e-18,-1.3610103771052247,0.0471857729852662,-5.127501372092685e-08,-2.958955382934189e-23,9.544409744201943e-21,1.4957251226772858e-20,-3.722192281318096e-05,-5.127501372094011e-08,0.047185778142992914,-7.210411926072497e-23,2.2524885985963234e-20,3.611533755515803e-20,3.4985161348631793e-05,-2.961339887643126e-23,-7.209839273265444e-23,0.003324867315249496,1.2677377233660942e-14,-3.5685408537239095e-15,-2.9353713582102095e-26,9.544429945190635e-21,2.252493046021682e-20,1.2677377233659803e-14,0.0008327129827166202,9.560481026235649e-18,1.682966809231391e-23,1.57949784043766e-20,3.5935597950086703e-20,-3.5685408537235024e-15,9.560481026198215e-18,0.0008327129827166516,1.7499857569095614e-23,-3.7221922813180954e-05,3.49851613486318e-05,-2.9446190839853483e-26,1.6842539875390558e-23,1.6749320321311298e-23,0.03137836459097469
1774036439557334940,24,1774036439527312994,center_camera,base_link_12,-0.3975005213917997,0.5252500958250643,1.857170044933605e-19,-6.907004876692254e-16,5.583849403006012e-16,0.7776596147229359,0.628685552266771,0.003640052260556543,-4.204560707968265e-18,-3.139901653003811e-24,7.069440613909342e-23,-2.5670204911909263e-15,-2.8947003773610635e-13,-4.204559880787652e-18,0.003640052260556534,6.634777969818682e-25,-1.299784827846767e-23,3.4892961567709454e-15,-1.519274621744355e-12,2.647907512818834e-24,-6.124558492610394e-26,0.00436766292695578,1.320651135108472e-12,-3.8740771277206705e-13,1.0106060423633413e-27,6.600456770969526e-23,-1.1916565035817274e-23,1.3206511342614391e-12,0.002184830573718294,-1.7297572746359498e-15,8.981251843443512e-28,-2.5670204913845834e-15,3.4892961567951528e-15,-3.874077123485506e-13,-1.7297572961474925e-15,0.0021848305737146557,-7.84039532367768e-21,-2.8947003773610635e-13,-1.519274621744355e-12,5.59191293142176e-28,1.7114783349538418e-27,-7.840396300216476e-21,0.004367662946357856,0.010823261913317513,0.02783733771791981,-2.80567932482383e-19,-2.4314926703688024e-18,2.6127699832634297e-20,-1.313971374338095,0.04844259495744565,-5.1745197250385465e-08,1.0845514762060387e-22,-1.5487096229652825e-20,1.739928846244269e-19,-3.8428236610847985e-05,-5.1745197250352285e-08,0.04844259323630886,-8.879133033382837e-24,-3.658425266699094e-20,6.386534004905694e-20,3.38284159772579e-05,1.0849584324651648e-22,-8.84711080763134e-24,0.0029124414471850745,6.977796191460871e-15,-2.045617610184934e-15,-1.995973254193751e-27,-1.3712983851696928e-20,-3.137670588832802e-20,6.9777961914636476e-15,0.000729606984869147,4.4746273898665425e-18,-3.276941716534567e-24,1.7576706967800603e-19,6.907304350558604e-20,-2.0456176101856505e-15,4.4746273898888756e-18,0.000729606984869161,1.235107759885395e-22,-3.8428236610847985e-05,3.38284159772579e-05,-2.4933524117590136e-26,-5.1497481692700345e-24,1.21431142816682e-22,0.031821321260131104
1774036439657475694,25,1774036439614473104,center_camera,base_link_12,-0.39775058619406245,0.5254999863017884,-1.2744955079520637e-18,-1.6063164881869214e-16,1.877251061230847e-15,0.7648173178003235,0.6442472121730284,0.0043600047774883235,-7.102016402244523e-18,-3.9744041148339094e-27,-4.3343275783764225e-15,-4.209062628563038e-15,-3.0185871515286814e-13,-7.10201557506391e-18,0.004360004777488354,-2.564189013599076e-25,3.587426904418434e-15,-3.3459419134137093e-15,-1.882308463827323e-12,1.3714473178271642e-26,-3.0631783107424417e-25,0.005231605941762997,1.7281777510500928e-12,-4.2699406776550695e-13,-6.787362332578988e-28,-4.334327583254394e-15,3.587426903825395e-15,1.7281777510500928e-12,0.002616801959704922,4.3724863900820794e-15,-3.5337301310671164e-20,-4.209062623818225e-15,-3.345941914077176e-15,-4.269940673419905e-13,4.372486390079656e-15,0.0026168019596983674,1.5505973197543831e-21,-3.0185871515286814e-13,-1.882308465521389e-12,-6.1428992342869975e-28,-3.533730120454531e-20,1.5505960958295206e-21,0.005231605977780016,0.009662719223906978,0.02581572793493491,1.2202275910605511e-18,-9.701768279730574e-19,4.003647147089768e-19,-1.2693286068888046,0.04869090371187015,-5.26738095598512e-08,2.6493322209872597e-22,3.3145671168005146e-20,1.2059600545820007e-19,-4.082603944830197e-05,-5.267380956037807e-08,0.048690889793709245,7.063487247386175e-23,2.365247118263772e-20,1.7201193171335718e-19,3.208923964289842e-05,3.2173231631547637e-22,5.84665254556952e-23,0.00348840338414498,1.3100812272613373e-14,-3.265199009782721e-15,-4.198987131774979e-25,3.3923308215941234e-20,2.728169173798885e-20,1.3100812272614128e-14,0.0008735969901823545,8.188956323429919e-18,3.3460821426392934e-24,1.1968872738992084e-19,1.7220662496169227e-19,-3.265199009782853e-15,8.188956323430249e-18,0.0008735969901823859,3.016905488917059e-22,-4.082603944830197e-05,3.2089239642898404e-05,-2.524417047035541e-25,2.5466029133438652e-24,3.023344575244542e-22,0.03189534695745497
1774036439724059973,26,1774036439688527107,center_camera,base_link_12,-0.39750049776153534,0.5252500731133694,-9.354624314109122e-19,0.0,0.0,0.7776582770486214,0.6286872069143522,0.0037046994908942815,6.678077239324358e-19,-2.6777635560543403e-24,2.3393646591887056e-16,-8.82452858696709e-22,-2.4216634184331e-13,6.678118598354986e-19,0.0037046994908942737,1.893418182329079e-25,-4.1624607601519725e-17,-9.531523061500248e-22,-1.290319954222875e-12,3.0281750247301535e-24,-5.418691613086875e-25,0.004445239592419681,1.1339903278209467e-12,-2.922892691634626e-13,7.840238233752798e-25,2.3393646163439975e-16,-4.1624607569379954e-17,1.1339903269739137e-12,0.0022236189470332384,5.740993172377417e-16,1.4859735241884721e-21,-8.825463158370114e-22,-9.531602263135132e-22,-2.922892695869791e-13,5.740993377597373e-16,0.0022236189470353157,-2.4765758322386946e-24,-2.4216634184331e-13,-1.290319954222875e-12,7.837103572529732e-25,1.485976061625038e-21,-2.4765530459957806e-24,0.0044452396109772845,0.008457607174691791,0.02442385687826968,3.61462673253975e-19,-1.5072708731283023e-18,7.219432261880712e-20,-1.2106077117226275,0.050015741830827506,-5.20246095388509e-08,2.5598399005356544e-22,-8.232728434959555e-20,-2.1987205940585328e-20,-4.148198408055921e-05,-5.2024609538849534e-08,0.05001572218744504,-2.873251643628692e-22,-9.982667653417815e-21,-1.3254534669941474e-19,3.085171746927443e-05,-1.51944484383423e-21,-1.1087830558744097e-20,0.002964159247670217,6.185648961988039e-15,-1.599862595790384e-15,-3.1368954394354513e-24,-8.232731494706124e-20,-9.982828305415111e-21,6.185648961988614e-15,0.000742536592564546,3.1387982526451564e-18,1.1682972542215227e-22,-2.0849095958276044e-20,-1.2996723742332534e-19,-1.5998625957902959e-15,3.1387982526239704e-18,0.000742536592564558,-2.0222878121955452e-23,-4.1481984080559206e-05,3.085171746927443e-05,-4.0927426111575883e-25,1.1684100796805034e-22,-2.1367275569086804e-23,0.03234389949939493
1774036439824036782,27,1774036439769117355,center_camera,base_link_12,-0.39725057990209367,0.5252500066837943,7.531293532902923e-20,0.0,0.0,0.7776595000874033,0.6286856940664469,0.004031511662841494,3.140480117473419e-18,-1.260923694922842e-25,-1.4657371362762486e-25,-2.0473834047000976e-16,-1.8358589790624924e-13,3.1404701913060684e-18,0.004031511662841493,1.894863914141901e-25,-3.592969702748264e-25,2.2443735365324752e-17,-1.5199810675511558e-12,2.714164597857126e-25,-2.3475197109713255e-25,0.004837414211799037,1.3661373812054651e-12,-3.059793561642314e-13,-4.163412540279224e-28,-2.556434485863664e-26,2.126817642575025e-25,1.3661373795113992e-12,0.002419706107601933,3.6163246082938693e-16,4.298637397783109e-28,-2.0473834059131332e-16,2.244373538040511e-17,-3.059793565877479e-13,3.616324487637783e-16,0.0024197061076099585,-2.2536951502316613e-20,-1.83585897694491e-13,-1.5199810675511558e-12,-9.212154833167464e-30,8.278636163961213e-31,-2.2536950412671194e-20,0.004837414242249562,0.0072408998037684046,0.02242158510877143,-9.875037208223886e-19,3.0373129517030166e-19,-1.9537048236519397e-18,-1.1559618641451335,0.05049986938093472,-5.054115790554188e-08,-1.9280400463690398e-23,4.335039158054205e-21,5.193130622929892e-21,-4.225322055758878e-05,-5.0541157905543425e-08,0.05049984223704112,-6.324319502349438e-23,1.2106851317740268e-20,1.5332426567888786e-20,2.9060857263570823e-05,3.451598916084434e-23,-7.485113924192227e-23,0.0032256089083051256,8.8528897690069e-15,-2.007565737615747e-15,2.0633880057924134e-25,3.1678591890545738e-21,8.758534393885346e-21,8.852889769008705e-15,0.000807898439473145,4.0457259609418045e-18,-7.963571239451653e-25,6.360280503468628e-21,1.86807565481843e-20,-2.0075657376158134e-15,4.0457259609590554e-18,0.0008078984394731617,4.141306696435875e-24,-4.2253220557588784e-05,2.9060857263570826e-05,-2.018437268812788e-26,1.7513113416286462e-25,3.066404765957828e-24,0.032495904993763945
1774036439891271037,28,1774036439844036102,center_camera,base_link_12,-0.39775029200362,0.5254999592704259,-3.857220556753845e-19,0.0,0.0,0.7648195328983106,0.6442445825128915,0.003747936653602804,6.2021539108082985e-18,-2.7951601717853034e-24,3.7803893605045258e-16,-3.780325920314203e-16,-1.1687351066506268e-13,6.202161769024118e-18,0.003747936653602797,1.832656329813095e-25,-3.3385134728732305e-17,3.338487054405151e-17,-1.218182499996114e-12,3.0328745151319572e-24,-1.87657935919943e-25,0.004497124196900347,1.0623969016803833e-12,-2.3432422600280116e-13,4.717942695413871e-25,3.7803894069432216e-16,-3.338513477935044e-17,1.0623969008333504e-12,0.002249561178525114,5.5419423137839384e-15,-6.003492901079512e-22,-3.78032587581414e-16,3.3384869987861524e-17,-2.343242261086803e-13,5.541942280449529e-15,0.0022495611785391108,6.015116397570632e-22,-1.1687351055918356e-13,-1.218182499996114e-12,4.716090798875724e-25,-6.003496151729066e-22,6.015107056935853e-22,0.0044971242194290955,0.006547521954836032,0.021524141208794145,1.0989530990622685e-18,5.413235888818731e-19,-1.538503075203142e-18,-1.1335185107414354,0.05147738502028531,-4.859755898211845e-08,1.6070819569253683e-23,-5.843837638055469e-21,1.8451574895259903e-21,-4.234368826792604e-05,-4.859755898201288e-08,0.05147735328467852,5.149626225515079e-23,-1.9015750665305248e-20,6.696593507601532e-21,2.752274154901944e-05,1.3309577234483669e-21,6.073307369690905e-21,0.002998748944782153,5.97312916770475e-15,-1.29020501975972e-15,1.8853492989665925e-24,-5.1987444220556136e-21,-1.6005009140406284e-20,5.9731291677033335e-15,0.0007511837553827296,2.205711456476267e-18,-5.718227669472426e-24,8.238559246967405e-22,3.766864821842152e-21,-1.2902050197594915e-15,2.205711456514641e-18,0.00075118375538274,5.5526483521794024e-24,-4.234368826792604e-05,2.7522741549019433e-05,1.684824326146739e-26,-6.439746603422492e-24,6.443472163985888e-24,0.03281297170369804
1774036439957348573,29,1774036439924967051,center_camera,base_link_12,-0.3977504460232573,0.5252500668023179,-7.304611573966333e-19,-5.107492198563131e-16,4.2763242814710237e-16,0.766736665408221,0.6419617480182769,0.004048546680502049,7.43902715459149e-18,-1.659674110569192e-24,-1.6151090566914183e-25,-2.965857730970987e-15,-1.5455989187786797e-13,7.43902053714659e-18,0.0040485466805020446,1.7367005770871055e-25,3.9456944234182803e-25,-5.974891372443754e-17,-1.309790869987999e-12,1.61488118253818e-24,-2.210347906632122e-25,0.004857856228552821,1.187976751137478e-12,-2.236353604344248e-13,-4.44224103567623e-25,1.2556791867857083e-25,-2.2127308593987237e-25,1.1879767494434122e-12,0.0024299271260391528,2.870333598755879e-15,3.1559248544986406e-24,-2.965857730825453e-15,-5.974891374262442e-17,-2.2363536032854567e-13,2.8703335868154786e-15,0.0024299271260473784,3.751695793699455e-21,-1.5455989187786797e-13,-1.309790869987999e-12,-4.442163796965427e-25,3.1573770537443153e-24,3.751695792950528e-21,0.004857856258977528,0.0052303056585028575,0.019936252675553205,8.286888226356298e-19,1.7581543106758074e-18,1.980024134967352e-18,-1.0784402298063558,0.0518828858950513,-4.606351943414146e-08,7.50285342916389e-24,8.672624445746942e-21,2.6408719251636196e-20,-4.248411299117315e-05,-4.606351943407621e-08,0.05188284884838626,4.176743590421527e-23,2.6442673654756964e-20,1.9954418978559077e-19,2.5669579646042974e-05,-1.137549231876317e-21,-6.599326401187962e-21,0.003239236925964059,7.763797077169262e-15,-1.4850033143662063e-15,-1.605619948651687e-24,8.672660814269911e-21,2.6442683409607046e-20,7.763797077170455e-15,0.0008113054873286532,2.628607999036927e-18,3.645648013671556e-26,2.640872161070022e-20,1.9954419714403052e-19,-1.4850033143658429e-15,2.6286079990540833e-18,0.000811305487328667,5.2418222693606746e-23,-4.2484112991173155e-05,2.566957964604297e-05,1.0956573310598896e-26,1.0562720331156198e-26,5.241822057459393e-23,0.032934563347581707
1774036440057920166,30,1774036440005874872,center_camera,base_link_12,-0.3977503795863566,0.5252499912183588,1.254488916001713e-18,-5.107499756519315e-16,4.2763152544962185e-16,0.7667378000085094,0.6419603928889313,0.00404739040087825,7.978432872808238e-18,-2.7629026692530305e-24,-3.5897807816605195e-16,-3.197661452974264e-15,-8.493085722061083e-14,7.978432872808238e-18,0.004047390400878247,1.4618989643327007e-26,2.2867268783278437e-17,-2.858665129811022e-17,-1.1276912427948468e-12,3.2193234139769242e-24,-1.5682947415872177e-25,0.004856468681930613,1.0175856790089468e-12,-1.5254361359143265e-13,1.877669484027221e-28,-3.589780779244965e-16,2.286726851570236e-17,1.0175856807030127e-12,0.0024292334250512805,-2.3224485033391985e-15,-4.1725494521531827e-22,-3.1976614486673675e-15,-2.8586651298131515e-17,-1.5254361348555353e-13,-2.3224484922756578e-15,0.0024292334250464957,7.6805466531249015e-22,-8.493085722061083e-14,-1.127691241100781e-12,-4.8300004601233635e-29,-4.172537956065483e-22,7.680554749115859e-22,0.004856468708177349,0.004267891768365609,0.018503494588729918,2.6630940469966054e-19,4.0216793543346544e-19,1.316638521883441e-18,-1.0325935959929102,0.052586540980953445,-4.329500480053701e-08,1.757970413514755e-22,6.67417051859342e-21,7.176397864422628e-21,-4.2348332141269954e-05,-4.329500480065337e-08,0.0525864999102394,-1.8334863208750486e-23,3.355821345863118e-20,2.0716171292147e-20,2.3872941791187298e-05,-1.0100230789595645e-21,-6.659892406783635e-21,0.003238311936412333,6.619717327720162e-15,-1.0225856053671922e-15,-2.067682388848987e-24,5.874435161462016e-21,3.0277418368781525e-20,6.619717327718943e-15,0.0008110745168863032,1.6637587602227965e-18,2.7585148019304738e-24,7.176437008179348e-21,2.0716390534381004e-20,-1.0225856053670672e-15,1.6637587602080526e-18,0.000811074516886314,5.993546664304365e-23,-4.2348332141269954e-05,2.3872941791187305e-05,-1.5520985056649036e-25,3.643570737109756e-24,6.004047401215363e-23,0.03315260948262079
1774036440124018976,31,1774036440085324049,center_camera,base_link_12,-0.39750040038000545,0.5252499831097162,-5.053675606889926e-19,-5.384564973402477e-16,7.404250888978554e-16,0.7667381222095997,0.641960008061637,0.003974458156102915,9.415902481616791e-18,5.572522938945503e-26,-5.686717631296066e-16,-3.970830208345266e-15,-4.0490170753077083e-14,9.415894830196125e-18,0.003974458156102914,-6.574712522240704e-26,1.8602781342718438e-17,1.0630080624046047e-17,-1.0310626940248009e-12,5.187363624197786e-26,-5.632978096566937e-26,0.00476894998973763,9.244210960406528e-13,-1.1400582350034886e-13,-3.1767872510734054e-25,-5.686717590616321e-16,1.8602781343486545e-17,9.244210964641693e-13,0.0023854740776203085,1.74004373078398e-16,2.4679686001901977e-20,-3.970830203922802e-15,1.0630080624046104e-17,-1.1400582350034886e-13,1.740043730788019e-16,0.002385474077621915,2.3729485076329093e-20,-4.0490170753077083e-14,-1.0310626948718338e-12,-3.176752134312851e-25,2.4679686963697335e-20,2.3729486977069397e-20,0.004768950015268929,0.0033338181463879717,0.01693056715551302,-2.0116990776205864e-21,1.2041151055982142e-20,7.104864107337767e-19,-0.9899215631731418,0.053297086897951734,-4.0244642315375935e-08,1.7431667090002105e-22,2.606022330071827e-21,1.0081307567026099e-20,-4.1897756123048764e-05,-4.024464231566336e-08,0.05329704306733998,-8.691526335938992e-24,1.8485967465887487e-20,4.057654727725965e-20,2.2092954574842685e-05,3.941481201910906e-22,-4.802410236086332e-23,0.0031799661416133636,5.7963413344005955e-15,-7.433321236039022e-16,7.605945303821863e-26,3.0932732327277344e-21,2.1812196800814262e-20,5.796341334400429e-15,0.0007964880674438704,1.0947423472205005e-18,6.584503442423258e-24,9.490770553731658e-21,3.726919648107028e-20,-7.43332123603874e-16,1.0947423472205347e-18,0.000796488067443879,6.364722491869597e-23,-4.189775612304876e-05,2.209295457484267e-05,-1.4486131269355806e-25,5.534536760636654e-24,6.449685325516597e-23,0.03337155509513387
1774036440224132175,32,1774036440163854361,center_camera,base_link_12,-0.3975003130251878,0.5252499752690902,8.493043785077354e-19,0.0,0.0,0.7667383046014177,0.6419597902181597,0.003928514883820957,1.0919673847695737e-17,-1.6440392022691092e-24,1.432655954329576e-16,-2.1489887344326485e-16,-1.555594724413679e-14,1.0919681757610344e-17,0.003928514883820959,-8.83198515982778e-26,1.4866150829672725e-19,-2.229641361450517e-19,-9.422832167180683e-13,1.4644156226355712e-24,-8.521744760657969e-26,0.004713818066175984,8.480278145559048e-13,-8.699393227743694e-14,-5.6935838594781595e-25,1.4326559518296784e-16,1.4866150818613597e-19,8.480278145559048e-13,0.0023579080981738815,3.1250574030255356e-15,2.059762152271624e-20,-2.1489887344305975e-16,-2.229641359027413e-19,-8.69939323303765e-14,3.1250574030259395e-15,0.002357908098170098,-2.0606539192116654e-20,-1.555594725737168e-14,-9.422832175651013e-13,-5.693877134480632e-25,2.0597622608759566e-20,-2.0606539192210258e-20,0.004713818092195498,0.002503161703190165,0.01567187785555062,8.3670275809699655e-19,8.73520976601604e-19,-2.583748798211873e-18,-0.9489542030419961,0.05391945993452585,-3.6909613956355595e-08,2.450604601659586e-22,-7.612766334056657e-21,2.2589535222042382e-21,-4.1132885356220546e-05,-3.690961395649197e-08,0.05391941449027264,-8.243557875141748e-24,-3.858296769840754e-20,1.669306091993667e-20,2.0284735672742073e-05,-9.978467933838372e-22,-6.968005071777004e-21,0.003143211516495353,5.194522595932733e-15,-5.110211805003169e-16,-1.956455002086377e-24,-7.014089236109983e-21,-3.521102077500183e-20,5.194522595932973e-15,0.0007872993479262114,6.744306833279727e-19,-5.695809951157403e-24,2.262245868221392e-21,1.6692472869925805e-20,-5.110211805006351e-16,6.74430683327993e-19,0.0007872993479262183,7.273929378409307e-23,-4.113288535622054e-05,2.028473567274207e-05,-1.934683529415819e-25,-6.5500627890911286e-24,7.294590001959077e-23,0.03356110337439057
1774036440291116721,33,1774036440242170811,center_camera,base_link_12,-0.39725034719482777,0.5252499571445439,2.233682265621951e-19,0.0,0.0,0.7776591430255604,0.6286861357376597,0.003917821803412644,1.1622011218172827e-17,-1.3176780008742846e-24,1.2972503081335548e-16,-6.485912894664249e-17,2.157214552693835e-14,1.162201438472361e-17,0.003917821803412649,-1.9233035961339112e-28,5.022909046186752e-18,-2.5115472569832045e-18,-8.732460978958358e-13,1.5937033147763917e-24,2.2229453816328646e-27,0.00470098637089542,7.852052312015266e-13,-5.018486623384368e-14,1.0805683988861599e-25,1.2972503081172074e-16,5.0229091806975535e-18,7.852052312015266e-13,0.0023514922389594995,3.0485772946326007e-15,1.8812629681151613e-20,-6.485912880768917e-17,-2.5115471103047135e-18,-5.018486615443434e-14,3.0485772832079763e-15,0.0023514922389550634,-1.913071085601075e-20,2.1572145579877908e-14,-8.732460987428687e-13,1.0810146176131724e-25,1.8812629622384368e-20,-1.9130710917137614e-20,0.004700986397526312,0.0017003444021496858,0.014208987278035393,7.151280601921293e-19,2.638530420868723e-18,-3.903193182213034e-19,-0.8908607880633092,0.05445626772836398,-3.343399303169836e-08,2.1516780778997314e-24,7.676680260599817e-22,-1.9402258585595144e-21,-4.016197678815875e-05,-3.34339930318017e-08,0.05445622152331471,1.677453999224971e-23,8.95486769863247e-22,-9.28088208113656e-21,1.8460571632190994e-05,1.0089374807230294e-21,6.936664166657355e-21,0.003134657046831016,4.805857370865573e-15,-3.0716003199948535e-16,1.739831255370697e-24,7.676610233790244e-22,8.954886732837287e-22,4.8058573708653726e-15,0.0007851606894082588,3.685344547352639e-19,-1.549502217636657e-24,-1.8328314600102833e-21,-9.30005063629993e-21,-3.071600319994402e-16,3.6853445474998106e-19,0.0007851606894082645,4.187147143740576e-25,-4.016197678815875e-05,1.846057163219099e-05,3.93943909227328e-27,-1.5426050212212024e-24,4.374065658859001e-25,0.03372267888077695
1774036440357374132,34,1774036440321006775,center_camera,base_link_12,-0.3972502593021322,0.5252499513786345,-1.1817195676453491e-18,0.0,0.0,0.7776615918645268,0.6286831066115347,0.003943797507176553,1.1880021827623976e-17,4.42318966094915e-26,-1.7496585035061287e-16,-1.7496584883615726e-16,7.401241300688096e-14,1.1880012108251778e-17,0.003943797507176559,1.830122066635008e-25,-2.01689922302628e-17,-2.0168992409513457e-17,-7.908757182543925e-13,4.337331889399124e-26,-1.956709865800071e-25,0.0047321572141909895,7.115862634104585e-13,-2.267526463181867e-14,7.684955760301268e-25,-1.7496584798463413e-16,-2.016899223006132e-17,7.115862634104585e-13,0.0023670776572763627,5.575039550045197e-15,2.0470930492988072e-21,-1.749658488361573e-16,-2.0168992131168422e-17,-2.267526465828845e-14,5.575039561508192e-15,0.0023670776572779473,2.048766617054423e-21,7.401241311276007e-14,-7.908757191014255e-13,7.686742665559773e-25,2.0470941147304453e-21,2.048766506305224e-21,0.004732157241442031,0.000968519057868615,0.013046292419988613,-1.2318443487102624e-19,4.876675197426866e-20,1.5480806955883919e-18,-0.8528197263594985,0.054916445966518804,-2.985364150868501e-08,-5.515202533725999e-25,2.4881694825323614e-21,7.314419968931768e-22,-3.897163093103451e-05,-2.985364150877613e-08,0.054916399841392544,-7.570659645799643e-24,2.123670477767258e-20,8.553321646624748e-21,1.661561738425068e-05,-5.480920200114307e-25,-7.571510081519914e-24,0.003155437607520435,4.437606707834396e-15,-1.1628348048240652e-16,-2.2019229403872914e-27,2.4881958410183947e-21,2.1236826271216054e-20,4.437606707835761e-15,0.0007903558197739933,1.205721338927423e-19,4.321547184729369e-24,7.314273998442043e-22,8.553326360791578e-21,-1.1628348048243504e-16,1.2057213387781284e-19,0.0007903558197739982,3.906895540942782e-24,-3.897163093103451e-05,1.6615617384250676e-05,-2.2005548997936448e-27,4.114694440583842e-24,4.1276684115796714e-24,0.033859546327867245
1774036440457495852,35,1774036440394483328,center_camera,base_link_12,-0.39725021992367754,0.5252499499967941,1.4717095572100928e-18,0.0,0.0,0.7776620803728475,0.6286825023413448,0.003675826942257639,1.0975278350188229e-17,7.970037862454282e-25,4.2135288200823173e-26,-9.940167480933851e-17,9.435842497959303e-14,1.0975278350188229e-17,0.0036758269422576487,-1.432809898858145e-26,-1.7858806403454766e-25,-1.6074204469644406e-17,-6.754618947027728e-13,-8.597720478653862e-25,-8.61004525656401e-28,0.004410592544014612,6.059923985952519e-13,3.201661356884434e-15,4.91295476855226e-25,-2.653156711928487e-26,9.91635064163052e-26,6.059923981717355e-13,0.002206295327180347,-2.7952249590020716e-15,-1.6949799101520818e-25,-9.940167487877055e-17,-1.6074204487004656e-17,3.2016613535757114e-15,-2.7952250045987873e-15,0.0022062953271805765,1.5500735644530384e-20,9.435842487371391e-14,-6.754618947027728e-13,4.911782173363201e-25,-1.6959757171723842e-25,1.5500735130914777e-20,0.004410592567607901,0.000330844120105021,0.012082101062887655,-9.26301352601609e-19,2.432409043598144e-18,-1.183687278140543e-18,-0.821087650913143,0.05560935392292905,-2.6728598210009714e-08,-5.855559288772755e-25,-1.0160272939458893e-21,-8.517805221675915e-22,-3.770189161498463e-05,-2.6728598210199145e-08,0.055609308667424744,-1.1644760588850238e-23,-1.0614356640496154e-20,-6.0186247683188225e-21,1.5027631859832298e-05,1.5009935235424645e-21,2.876500004536541e-21,0.0029410611647754928,3.264750762811991e-15,3.8501357946393817e-17,1.4194536110198569e-25,-1.0160405587062396e-21,-1.0614355416865038e-20,3.2647507628115866e-15,0.0007367617334783309,-4.427663150106238e-20,2.953217603262663e-26,-8.51780383929023e-22,-6.01862809546001e-21,3.850135794639919e-17,-4.427663144935236e-20,0.0007367617334783342,1.2888595842217299e-24,-3.770189161498463e-05,1.5027631859832296e-05,-1.0219568602177893e-27,1.6466402280566845e-26,1.4956653636188822e-24,0.03406920283397761
1774036440524500629,36,1774036440478354931,center_camera,base_link_12,-0.3975001768365398,0.5252499310476398,-1.872121651546645e-18,0.0,0.0,0.7776614331700703,0.6286833029116268,0.004195579415440084,1.314613342451908e-17,-1.4404361365781939e-24,-4.835353325258201e-17,4.8352053208397203e-17,1.4115880468364757e-13,1.3146133321121503e-17,0.004195579415440098,-1.91815098487631e-25,-1.0439224506860516e-17,1.0439647853978795e-17,-7.33475693715153e-13,1.5515489617942967e-24,2.0640232238713235e-25,0.00503429550075139,6.834486403602342e-13,4.4334674470833364e-14,-8.694075077860792e-29,-4.8353535675682684e-17,-1.0439224559882074e-17,6.834486403602342e-13,0.0025181467378542245,-2.7404369283890117e-15,-1.7043620884209147e-20,4.835205327225944e-17,1.0439647872384778e-17,4.4334674470833364e-14,-2.740436928387396e-15,0.002518146737854535,1.8217392045307621e-22,1.4115880457776846e-13,-7.33475693715153e-13,-4.708738804091574e-31,-1.704362103039793e-20,1.8217391398055008e-22,0.0050342955358062755,-0.0002679556286395132,0.0111203918505394,1.3327971206288842e-18,1.588728851225252e-18,-2.022676578040663e-19,-0.7787596616838719,0.05537560967775393,-2.2659355222907604e-08,1.4100549808492225e-24,1.9681568640953785e-23,-3.9224848752950698e-22,-3.611459038541515e-05,-2.26593552228003e-08,0.05537556571126427,3.228904369564291e-23,5.028538048484431e-21,-1.243139646896718e-20,1.2870893645645724e-05,-7.426968115082435e-24,2.933621088764399e-22,0.003356863096130005,4.796823980594209e-15,3.37876277792453e-16,-2.300277819975575e-26,-5.1080102358744834e-23,7.114167664227536e-21,4.796823980593291e-15,0.0008407119561247796,-3.499054343457134e-19,1.0223162079450285e-24,-8.164502468208106e-22,-1.44111257928942e-20,3.3787627779245727e-16,-3.499054343457647e-19,0.0008407119561247843,-1.647813519331954e-24,-3.611459038541515e-05,1.2870893645645724e-05,9.115552177444121e-27,4.567731980333081e-25,-1.2372444261323869e-24,0.033990399737817326
1774036440590648908,37,1774036440559521914,center_camera,base_link_12,-0.39725024093147654,0.5252499363354102,-5.553311723986811e-19,0.0,0.0,0.7776623092315081,0.6286822192496924,0.004060348476517979,9.549009594054257e-18,6.585630030001613e-25,4.8537481269626e-17,-1.9415352166394117e-16,1.446515888756057e-13,9.549009387259104e-18,0.004060348476517986,1.7795929744943186e-26,1.3200318686122173e-17,-5.2801380848517107e-17,-5.731705808557246e-13,-7.527891355080314e-25,-2.58441031222146e-26,0.004872018363291664,5.312986408618082e-13,5.873700686005327e-14,-3.081784424104954e-25,4.853748114020813e-17,1.3200318686140434e-17,5.312986408618082e-13,0.002437008293534791,-2.932121501824395e-15,-1.8509214508032934e-20,-1.9415352379841312e-16,-5.2801380374527825e-17,5.873700686005327e-14,-2.9321214803952475e-15,0.002437008293534627,3.374389016979274e-21,1.4465158866384747e-13,-5.731705817027576e-13,-3.0835867196854156e-25,-1.850921448876152e-20,3.374388701356221e-21,0.0048720183886766235,-0.0009218844987413881,0.009872885024605723,1.1393033938281158e-18,-2.040274430285032e-18,2.4462487335872907e-19,-0.74558003333289,0.05596803127217435,-1.953282230397962e-08,-2.3029962025728663e-24,1.8162210838991827e-22,-7.228091997228204e-22,-3.4747369442351634e-05,-1.9532822303734593e-08,0.05596798873797939,2.3389458003561256e-23,-7.927047754141874e-21,1.724795222639333e-20,1.11726713224991e-05,-2.3159819912582455e-24,2.341945366100659e-23,0.0032486784087742047,3.4933296162811547e-15,4.12951651577947e-16,3.651617279172601e-27,1.8162066494779936e-22,-7.927054521443496e-21,3.4933296162807275e-15,0.0008136662559657508,-3.7711634159368855e-19,-1.1425390222769312e-24,-7.836243093046993e-22,1.9039639063619623e-20,4.1295165157788356e-16,-3.7711634162170654e-19,0.0008136662559657546,2.6685958849422832e-24,-3.474736944235164e-05,1.11726713224991e-05,3.64225140425646e-27,-1.1560881217702447e-24,2.2316074501457302e-24,0.034165510204497124
1774036440690769420,38,1774036440630173206,center_camera,base_link_12,-0.3975000912268771,0.5252499392889477,2.149637932246999e-19,0.0,0.0,0.77766280425889,0.628681606914183,0.0035345639501712794,8.312768316259056e-18,1.4901805489210552e-26,-1.071224327920301e-16,-1.428253964459403e-16,1.5002245199942398e-13,8.312762112404462e-18,0.0035345639501712925,1.9254833161775663e-25,-3.719051468974351e-17,-4.9586224913488204e-17,-4.650884021744457e-13,1.569550444179469e-26,-1.7722436148652872e-25,0.004241076952462283,4.1885334337669606e-13,7.106609466194278e-14,-1.8058264063148868e-25,-1.0712243285967862e-16,-3.719051524771072e-17,4.1885334337669606e-13,0.0021215375570883196,9.622452292177571e-17,-1.1650849703426178e-20,-1.428253942135573e-16,-4.958622434314814e-17,7.106609471488234e-14,9.622453400631904e-17,0.002121537557082944,3.460858537536633e-21,1.5002245199942398e-13,-4.650884021744457e-13,-1.8045769191089172e-25,-1.1650849573376377e-20,3.460858076877877e-21,0.004241076973292601,-0.0013677248836536315,0.009353795323744146,-4.615276108453753e-19,4.0654130458430394e-20,-2.0810079919665004e-18,-0.7203534646534059,0.05682483916855636,-1.7108823437719487e-08,5.92701022497905e-25,-9.545560855177657e-22,-3.7981935416649704e-22,-3.336961950213724e-05,-1.7108823437903627e-08,0.05682479852708415,-9.020077268713219e-24,9.274045848905582e-21,-3.1304621565083472e-21,9.866312343446504e-06,-1.5653241359518318e-21,3.2655055058058186e-22,0.0028280507858941756,2.106403592438952e-15,3.7394582548469897e-16,3.9405340132146e-25,-9.54533336461672e-22,9.274038029692736e-21,2.1064035924388793e-15,0.0007085092409218114,-2.6242669372108557e-19,2.054717330671338e-24,1.1298347942025832e-23,-3.2141710911531036e-21,3.739458254845896e-16,-2.624266937323614e-19,0.0007085092409218136,3.1738527571986247e-24,-3.3369619502137244e-05,9.866312343446505e-06,-3.7353042684437904e-27,2.054723824261861e-24,3.267013741394968e-24,0.03442253630285461
1774036440757452216,39,1774036440714103460,center_camera,base_link_12,-0.3975001809111926,0.5254998498702069,-8.659694173870709e-19,0.0,0.0,0.7754334094569137,0.6314293527371264,0.004198511939437786,1.1738549334254185e-17,-1.9001380903872337e-26,-3.443816957535442e-17,6.88807807748947e-17,2.188385352447299e-13,1.1738549127459032e-17,0.004198511939437804,9.442997788041653e-27,-1.4301686057124588e-17,2.860474794206838e-17,-5.67297637681872e-13,-2.0115635665806842e-26,-7.287126469436283e-27,0.0050378145318090255,5.424850515716985e-13,1.344104505765274e-13,-4.521575829388586e-25,-3.443816850431233e-17,-1.4301686112021514e-17,5.424850517834567e-13,0.002519906211439866,2.3742717817203016e-15,1.3666722215320553e-20,6.888078329949199e-17,2.8604747903820074e-17,1.3441045062946696e-13,2.374271756279247e-15,0.0025199062114461073,-1.3102417798814116e-20,2.188385352447299e-13,-5.672976381053884e-13,-4.521552330784202e-25,1.3666722870612746e-20,-1.310241753927665e-20,0.00503781457006378,-0.001548390281131039,0.00818133962005604,-3.20269059864426e-19,-4.1314657311013193e-19,9.083086605167925e-19,-0.6859451808760217,0.05623436258190953,-1.3560684309929455e-08,-1.0374277906838371e-24,2.549864462375182e-22,2.8237921302454145e-21,-3.144828585016429e-05,-1.3560684310093524e-08,0.05623432476446079,-3.749697514637662e-24,-3.744414670244254e-21,-1.9125789791082232e-20,7.800135740921844e-06,-1.0205224460719167e-21,3.517219251999732e-22,0.0033592090940272527,3.812459355335309e-15,9.44587082247297e-16,1.6164637496197132e-25,-2.6821958962562377e-22,-3.632229313006369e-21,3.812459355335287e-15,0.0008412983036558084,-7.330919457752258e-19,1.6874855194321168e-24,2.82383115731415e-21,-1.9125620266800864e-20,9.44587082247314e-16,-7.330919457333118e-19,0.0008412983036558114,-2.4875424889315553e-24,-3.144828585016429e-05,7.800135740921851e-06,-4.544904855033459e-28,1.6206602476310885e-24,-2.5042140324758828e-24,0.03423914623179414
1774036440824015414,40,1774036440792905331,center_camera,base_link_12,-0.3975001266140012,0.5252499869199106,-1.3358891514761201e-18,0.0,0.0,0.7776624283342787,0.6286820719228702,0.003942092859362595,7.183918036235236e-18,6.638391055907171e-25,6.656453888582099e-17,-9.984871326946332e-17,1.6979636542582453e-13,7.183918139632813e-18,0.003942092859362611,-3.137222072980448e-26,3.0554325582233954e-17,-4.583244090505395e-17,-4.0531163833707785e-13,-7.525752898826749e-25,-4.209720506748523e-27,0.004730111625426391,3.7805002480771686e-13,1.0767164732861236e-13,-2.1806585026904842e-24,6.656453888624397e-17,3.055432560858056e-17,3.7805002459595863e-13,0.002366054923959257,2.9623017705347985e-15,2.92993920619461e-22,-9.984871333443272e-17,-4.583244090505888e-17,1.0767164732861236e-13,2.9623017705356063e-15,0.002366054923954033,-4.374034625473724e-22,1.6979636563758276e-13,-4.0531163876059433e-13,-2.1808526560759022e-24,2.929939203864739e-22,-4.374029839806212e-22,0.00473011164955099,-0.0022707078536646874,0.0074394890659504435,-1.2989719747999067e-18,9.863567116349757e-19,-1.2506418942185779e-18,-0.6545181356390423,0.0568772542015613,-1.1222164523827079e-08,4.2228625937527054e-24,1.619452412260975e-21,-2.5671262770841603e-21,-2.991482012610946e-05,-1.122216452380132e-08,0.05687721878363937,-1.6348415244763743e-23,-7.601996318812809e-21,1.2146845219553075e-20,6.418744702061192e-06,1.6884396585678771e-21,-3.6489104887758813e-22,0.0031540739174380043,2.3177414734512777e-15,6.67281910900861e-16,-3.433586258801355e-25,2.4608199492513945e-21,-7.776065426123935e-21,2.3177414734515167e-15,0.0007900151358425738,-4.2614024100080877e-19,-1.6407311994814987e-24,-2.567126953088881e-21,1.2146841950797715e-20,6.672819109007971e-16,-4.2614024100072957e-19,0.0007900151358425753,2.193344948423934e-24,-2.9914820126109452e-05,6.41874470206119e-06,-5.968950772913292e-27,-1.4688801284112028e-24,2.1933354415887526e-24,0.03442792754265794
1774036440924034565,41,1774036440867437601,center_camera,base_link_12,-0.3977500562346864,0.5252499277082706,-7.335950514026027e-19,0.0,0.0,0.7667423806942294,0.6419549218187718,0.0037286128187459817,6.870654088311018e-18,-2.8253857832209664e-26,5.457179709126253e-26,7.807849600902513e-17,2.008343889531582e-13,6.870653984913441e-18,0.003728612818745998,-2.93208917366622e-26,2.788334634880596e-26,4.760382115066733e-17,-3.6271949418019834e-13,-2.2349924196004606e-27,-1.8048065624237614e-27,0.0044739355918363335,3.40629227069754e-13,1.3806153575014626e-13,-5.486493606475591e-25,1.4225391046503098e-27,1.3009208860206759e-27,3.4062922664623754e-13,0.0022379668487368973,-2.7257283002203073e-15,1.5189327128879441e-24,7.807849595588412e-17,4.7603821115951167e-17,1.3806153585602538e-13,-2.725728305931004e-15,0.0022379668487309636,1.7577322315118533e-21,2.0083438916491643e-13,-3.627194950272313e-13,-5.486493210542331e-25,1.5189327130540053e-24,1.7577317212587593e-21,0.004473935616477992,-0.0026182975529251908,0.006961181028526099,1.018972068769064e-18,5.921471288635918e-20,-3.3310382279111643e-19,-0.6470037015694616,0.057394497105313115,-9.126767803763405e-09,-3.687474148025782e-24,-1.096664655426977e-21,3.61563587514127e-21,-2.8348180659855142e-05,-9.126767803979367e-09,0.05739446424381227,1.2623325979791846e-23,5.454953279649626e-21,-1.250300157232371e-20,5.106496341023547e-06,1.4199985748574375e-21,-1.9735316087975925e-21,0.002983289862994847,1.8882320991338074e-15,7.653363187994928e-16,-6.765086817450919e-25,-1.5860862739395717e-21,7.351340649600085e-21,1.8882320991339817e-15,0.0007473189063193191,-4.166696658321054e-19,3.7879439752506906e-25,3.982655682485602e-21,-1.0790122281526953e-20,7.653363187994032e-16,-4.166696658253682e-19,0.0007473189063193197,-7.104882868424528e-25,-2.8348180659855145e-05,5.106496341023548e-06,1.2706578897730841e-27,-5.9324425838858645e-27,-9.000671434981553e-25,0.034580181171107796
1774036440990766694,42,1774036440951941729,center_camera,base_link_12,-0.39750018230011175,0.5252499093767349,-2.1620042800960443e-19,0.0,0.0,0.7667396036540913,0.6419582386638301,0.004227205652773249,8.511287320573567e-18,7.142261259998459e-25,2.6157337080859744e-17,-7.847031573899178e-17,2.352889842477461e-13,8.511287320573567e-18,0.004227205652773265,1.9630919167175214e-27,1.7266077083731685e-17,-5.179569058075422e-17,-3.9448544003471047e-13,-7.600829303865202e-25,2.7460531026842986e-27,0.005072246979797143,3.7810034258819027e-13,1.9180746470773285e-13,3.381629913542201e-25,2.6157335878325465e-17,1.7266077047414837e-17,3.781003427999485e-13,0.0025371224893703387,-2.6688590192475875e-15,-1.236866258257951e-20,-7.847031566616001e-17,-5.1795691711056083e-17,1.9180746481361197e-13,-2.6688590192467798e-15,0.0025371224893650478,9.950302538883197e-21,2.352889842477461e-13,-3.94485439611194e-13,3.379110572973966e-25,-1.236866271844391e-20,9.950302766755421e-21,0.005072247014879227,-0.003029643280787595,0.005770532696554975,-8.028996434413965e-20,-2.774959709548685e-18,-5.595400582006136e-20,-0.6131555837644289,0.05700740157123339,-6.609223476946697e-09,4.6734996710249816e-24,1.2944272187803602e-21,-5.994777569776387e-21,-2.6467641620828234e-05,-6.609223476897243e-09,0.05700737189526085,-1.2646666907721448e-24,-3.037186353736003e-21,1.4680405068503073e-20,3.3622933765280824e-06,4.631636015063808e-24,-1.3332565551491456e-24,0.003382164090166224,2.693971421324038e-15,1.339337209378561e-15,2.150846155005658e-27,1.112347166823148e-21,-4.0567810439610145e-21,2.6939714213243275e-15,0.0008470372583199141,-7.631493083238036e-19,-1.4022542303917018e-24,-4.975186475294998e-21,1.4498327202126272e-20,1.3393372093787102e-15,-7.631493083238413e-19,0.0008470372583199152,2.2694333959733892e-24,-2.6467641620828234e-05,3.3622933765280815e-06,-1.0715186629949324e-27,-1.233032980732205e-24,2.4138856461979604e-24,0.03446101573689875
1774036441090746989,43,1774036441031116962,center_camera,base_link_12,-0.3975000821402461,0.5252499221274645,6.303967565271813e-19,0.0,0.0,0.7667403736736724,0.6419573189696938,0.003960761039432512,5.68415118074863e-18,-5.0357402882922034e-26,4.444142829900083e-17,1.0677872819793243e-28,2.13395156571506e-13,5.684158521976567e-18,0.003960761039432524,4.183612301752805e-27,3.8194736534368575e-17,2.5694956493021817e-26,-2.677815515985879e-13,2.1996283705065035e-26,2.150430211569606e-26,0.004752513439159107,2.5262952744723084e-13,1.6880627422537225e-13,2.3709030723035995e-30,4.444142732334081e-17,3.8194735500087144e-17,2.526295272354726e-13,0.0023772558361942688,6.570352373282395e-17,-1.3551209740298475e-20,9.290408371746497e-29,-6.2717118104913475e-28,1.6880627422537225e-13,6.570353438479382e-17,0.00237725583618856,-2.556436963604085e-31,2.13395156571506e-13,-2.677815515985879e-13,5.921488102023644e-31,-1.3551210157080407e-20,-2.5799545181956935e-31,0.00475251346332747,-0.0033788649699018304,0.005108453044614738,-1.1743662262141762e-18,7.2061117987588e-19,6.299197426875166e-19,-0.5880965987513975,0.05760643221002167,-4.882493821943152e-09,5.063711286471593e-24,7.080851208340726e-22,2.7351074666573937e-21,-2.488370844475617e-05,-4.882493822121188e-09,0.05760640520092575,-8.773303681601444e-24,-7.893105463579313e-22,-6.513636456972391e-21,2.098141214534498e-06,-2.06544015943444e-21,-1.4050231388987674e-21,0.0031690084632796395,1.6060820671100395e-15,1.0561207754164856e-15,9.408587468224058e-26,5.554698336627918e-22,-1.6443223451196612e-21,1.6060820671100588e-15,0.0007937487948516278,-4.647575199905197e-19,-1.3086912789383029e-24,1.8801572502422767e-21,-6.3609761555762545e-21,1.0561207754166372e-15,-4.64757520003531e-19,0.0007937487948516278,1.9371125906989984e-25,-2.4883708444756166e-05,2.0981412145345007e-06,-1.1356217220205947e-27,-1.1656151240273317e-24,8.828626270183006e-27,0.03463609207197774
1774036441157389059,44,1774036441105182409,center_camera,base_link_12,-0.39725012612383687,0.5252499166671383,-7.354504174787332e-19,0.0,0.0,0.7776611314783035,0.6286836760946515,0.0037052716429220667,4.923431014896635e-18,2.401396399073062e-27,-5.0134149271796877e-17,1.6712634690739428e-17,2.2549032987226412e-13,4.923431014896635e-18,0.003705271642922077,-3.541680024555873e-25,-5.259532610585071e-17,1.7532181049778533e-17,-2.32551577473644e-13,1.9586673669366337e-27,3.9730741856489947e-25,0.004445926180151358,2.2173970271017291e-13,1.7715861454946157e-13,8.964133158628282e-29,-5.0134149237234976e-17,-5.259532610597815e-17,2.2173970249841468e-13,0.0022239621467428014,-2.980393650474661e-15,5.738077473988667e-21,1.6712635796715237e-17,1.7532181049676323e-17,1.7715861454946157e-13,-2.980393650475469e-15,0.0022239621467481717,-1.9127009380562156e-21,2.2549032987226412e-13,-2.3255157768540223e-13,4.360749998125138e-29,5.738077461876092e-21,-1.9127013283827244e-21,0.004445926204422313,-0.0037173910372144026,0.004276893233083432,1.2449966736521852e-19,-2.688207618471846e-19,-1.6221670019952847e-18,-0.547630496866938,0.05811374997881527,-3.4776460473966784e-09,-1.493613155850016e-24,-4.79773565456423e-21,8.521302177264287e-22,-2.333554696713554e-05,-3.4776460474353235e-09,0.058113725576411715,4.419215959321777e-26,7.153390033337718e-21,-1.1367614855443666e-21,1.0044285247091557e-06,8.13499150701661e-24,5.412312512083143e-23,0.00296461692441857,1.2354835375225297e-15,9.91427557113188e-16,1.196666634281399e-26,-4.797734941253498e-21,7.153391710250971e-21,1.235483537522799e-15,0.0007426506884593314,-3.5946392172362244e-19,1.1914655373855567e-24,8.521398193455634e-22,-1.1367077405542922e-21,9.914275571131788e-16,-3.594639217236382e-19,0.0007426506884593318,-3.5106284214871636e-25,-2.333554696713554e-05,1.0044285247091557e-06,6.083098762564779e-28,1.1914649452240631e-24,-4.04665586869914e-25,0.034785410064658594
1774036441224214544,45,1774036441179519892,center_camera,base_link_12,-0.3972500558051475,0.5252499095496932,-1.433650787371737e-18,0.0,0.0,0.7776633285918835,0.6286809583273476,0.003718873379497358,4.487559409748875e-18,1.7187828520651192e-25,-1.1844150923065758e-17,1.1843278246387494e-17,2.5936617825893747e-13,4.487552740605186e-18,0.003718873379497372,3.4666328432233966e-25,-1.7551728861209712e-17,1.75511472135719e-17,-1.9026548389654112e-13,-2.139086819188605e-25,-4.2497112120967135e-25,0.0044622482725719444,1.9997023418778722e-13,2.0873879358490485e-13,-1.8062500329223683e-24,-1.184415092301359e-17,-1.7551728897968134e-17,1.999702340819081e-13,0.002232123127670017,-2.8740288939251353e-15,-1.0197763060650706e-20,1.1843277646860764e-17,1.7551146623876395e-17,2.0873879347902574e-13,-2.874028887845075e-15,0.002232123127675194,1.0197602738018185e-20,2.593661784706957e-13,-1.9026548410829936e-13,-1.8062087843213226e-24,-1.0197763074174454e-20,1.019760272175624e-20,0.004462248300543139,-0.003957655103058095,0.0037119764151412504,1.2787352925658464e-18,9.638492866789497e-20,-1.7297325638213909e-18,-0.5249220517910659,0.05826321926802202,-2.171790099425585e-09,-8.762190756747147e-24,2.1094680012875407e-21,1.786384305517889e-22,-2.1632522675086797e-05,-2.171790099649486e-09,0.05826319769728714,7.443282288009091e-24,-3.1222324101073723e-21,8.967787294404292e-23,-1.1747197830575955e-07,1.6410613451732612e-21,-1.312327828551046e-21,0.0029754982828936447,1.1025776981661432e-15,1.1509151475001302e-15,-5.625622605209376e-25,2.1094699178245622e-21,-3.122232816312425e-21,1.1025776981662485e-15,0.000745370784769151,-3.457493165624923e-19,2.457668412962119e-25,3.764061522879174e-22,1.0125884360318427e-21,1.1509151475002754e-15,-3.457493165700854e-19,0.000745370784769151,-2.404383086606003e-26,-2.1632522675086797e-05,-1.1747197830575945e-07,4.5835769292991595e-27,2.4576777230911557e-25,-2.484079897529772e-25,0.034830004575325535
1774036441324615189,46,1774036441267359734,center_camera,base_link_12,-0.3972500496046163,0.5252498938508412,-3.7370116825420275e-19,0.0,0.0,0.7776630245406569,0.6286813344312662,0.0043939913752974015,5.665709344088125e-18,-2.0275363677534903e-25,-4.507344017652875e-17,4.5071694006061096e-17,3.0093322429656675e-13,5.66570619046204e-18,0.004393991375297416,-2.825152030169582e-26,-8.59815742374187e-17,8.598157347209087e-17,-1.8134488314418252e-13,2.1390034816946977e-25,2.3431836708049457e-26,0.005272389838454631,1.9460696217324223e-13,2.6605222848704544e-13,1.7108881326802034e-25,-4.507344017503502e-17,-8.598157423742657e-17,1.946069620673631e-13,0.0026371939149300422,-5.241383371525487e-15,5.7282702456693545e-22,4.5071694005982586e-17,8.598157463371757e-17,2.660522282752872e-13,-5.241383365470872e-15,0.0026371939149186733,-5.735246032082495e-22,3.0093322472008323e-13,-1.8134488314418252e-13,1.7117762484821674e-25,5.728275718191093e-22,-5.73523615349806e-22,0.005272389876656737,-0.004137462921290456,0.0030435561206234125,1.5621529447913432e-19,-1.5639317581729775e-18,-7.835714896544332e-20,-0.49509514872132426,0.057517180763823374,-6.187533838169961e-10,-1.336481374211107e-24,-5.7550872479867855e-21,5.9332517745909034e-21,-1.9523601832777596e-05,-6.187533839925005e-10,0.05751716271624177,2.352563846906817e-25,4.712130891912813e-21,-4.8639428894225125e-21,-1.7154789213633062e-06,1.3161299468276706e-22,-2.822942400081167e-23,0.003515592660745458,1.52767541169827e-15,2.0187757832869097e-15,-2.891703455721508e-26,-5.641225595091393e-21,5.243512065310784e-21,1.5276754116985051e-15,0.0008803943904666025,-6.031950893151386e-19,2.6654400846086547e-24,5.933169151549641e-21,-4.863925828939774e-21,2.0187757832866142e-15,-6.031950893255225e-19,0.0008803943904666017,-2.579636513714584e-24,-1.95236018327776e-05,-1.715478921363307e-06,-1.9035363480009795e-28,2.572544366655289e-24,-2.5796963711013878e-24,0.03460776810133936
1774036441391019320,47,1774036441345126629,center_camera,base_link_12,-0.3972500282404181,0.5252499182188314,-2.2062896011857134e-19,0.0,0.0,0.777663880043091,0.6286802761947643,0.0038903441336315204,2.4059902624357866e-18,1.058360502834035e-28,-2.6203112334405532e-17,6.520106721347127e-25,2.3980748214014885e-13,2.4059901073394217e-18,0.0038903441336315342,6.197857230079783e-25,-6.737647529132745e-17,2.0647022246769505e-31,-9.615704311539654e-14,1.2736079573018058e-27,-7.10796003700317e-25,0.004668013148794166,1.2098595123282623e-13,2.00267353652168e-13,-1.0500592660825228e-25,-2.6203112349990648e-17,-6.737647628862798e-17,1.2098595133870534e-13,0.002335005723506983,2.7852319440106984e-15,-1.7421125646033555e-21,-3.6100646824673618e-25,2.1773508423142734e-28,2.0026735344040976e-13,2.7852319491393797e-15,0.0023350057235133163,2.075928485941234e-24,2.3980748214014885e-13,-9.615704300951742e-14,-1.0486869542560265e-25,-1.742112972055356e-21,2.075792584356974e-24,0.004668013170517647,-0.00437515804152553,0.002567515476893384,-7.290267904187379e-19,2.6313374647685258e-18,-8.095697438582569e-19,-0.4761822238509299,0.05831723059499057,2.0161387139237939e-10,6.124533654778201e-24,2.4422697795326946e-21,-5.50370904228875e-21,-1.8114109894947044e-05,2.0161387162926613e-10,0.05831721480203729,-4.5807495826971005e-24,-2.5892428218701896e-21,4.5348033537478436e-21,-2.627447313348491e-06,1.628970835736786e-21,-3.7892613067637683e-22,0.0031126749553142203,7.303019052949309e-16,1.2088671516052463e-15,-3.931224625122435e-25,2.4423170896153798e-21,-2.5892539293459355e-21,7.303019052950868e-16,0.0007796655436862149,-2.620251487135595e-19,6.882738459548387e-25,-5.50371947925826e-21,4.53475482566478e-21,1.20886715160534e-15,-2.6202514871942467e-19,0.0007796655436862146,4.6907260412046446e-26,-1.8114109894947044e-05,-2.627447313348491e-06,-8.556297920491716e-28,6.8829657619987055e-25,-4.785661213695395e-27,0.034841002313574954
1774036441457378212,48,1774036441422697306,center_camera,base_link_12,-0.39725002216207805,0.5252499068815693,1.2146886992966967e-18,0.0,0.0,0.7776637076243975,0.6286804894728925,0.0038805331348226724,2.4519134947377465e-18,-9.143139860882861e-26,2.817805841176838e-17,5.6360486058470106e-18,2.7126529223152644e-13,2.451910315262267e-18,0.0038805331348226845,-2.909909570115521e-26,1.0172100893489945e-16,2.03446368711575e-17,-8.602099995279279e-14,9.882375005552127e-26,-1.860066379763544e-27,0.004656239965728244,1.1632711872166737e-13,2.360674915942928e-13,4.1358055201029103e-25,2.817805869234655e-17,1.0172100896996893e-16,1.1632711872166737e-13,0.0023291190217999947,2.725878813654389e-15,-1.1627414611850105e-21,5.6360486058136165e-18,2.0344636934267895e-17,2.360674917001719e-13,2.725878813653783e-15,0.0023291190218001317,1.681701407433823e-21,2.712652920197682e-13,-8.602099984691367e-14,4.136170904413821e-25,-1.1627411483667194e-21,1.6817008827854209e-21,0.004656239993350009,-0.004539303832564872,0.002099922300687002,-2.817435197137882e-19,2.499793517476552e-18,-1.8354413924195513e-18,-0.45570914698000364,0.0584995388143792,9.230834048231387e-10,1.698982698466971e-24,9.430289014058604e-21,1.528738407705174e-21,-1.654657806652898e-05,9.230834052335729e-10,0.058499525457761076,-3.8597522984129176e-25,-5.557109900923543e-21,-8.157550129583533e-22,-3.5714549598074763e-06,1.7843294902045314e-21,-3.823568402772392e-22,0.003104826104894812,6.749558898975169e-16,1.4174363593512497e-15,-4.313965862312866e-25,9.430290775041688e-21,-5.5570942362188095e-21,6.749558898974356e-16,0.0007777029191122668,-2.526188663100407e-19,-1.6884572499329322e-24,2.447918470666548e-21,-1.012715689929905e-21,1.4174363593512083e-15,-2.5261886631006777e-19,0.0007777029191122661,-6.5656578960796175e-25,-1.654657806652898e-05,-3.571454959807476e-06,-4.41383368375936e-28,-1.6136760147066321e-24,-4.0641690707367635e-25,0.03489449428854097
1774036441557403443,49,1774036441502030611,center_camera,base_link_12,-0.3974999540437912,0.5254998453355774,-8.470433251579859e-19,0.0,0.0,0.7800390065764953,0.6257308912137505,0.003968664563958429,2.1328840203958513e-18,2.304695315412017e-28,-1.1131513169522959e-17,7.42097352542021e-18,2.796478928076564e-13,2.132874481969413e-18,0.0039686645639584375,-1.5446947006164617e-27,-6.300779181562554e-17,4.2004983606190054e-17,-6.230638141222847e-14,2.398589199979428e-28,-1.7495018216395512e-28,0.004761997677422124,8.707741452122935e-14,2.455679906899786e-13,-1.7928682443064907e-30,-1.1131513029088788e-17,-6.300779184438318e-17,8.70774145741689e-14,0.0023819978751415693,-2.800558565647359e-15,2.493184949316184e-21,7.42097339735792e-18,4.200498251782529e-17,2.455679905840995e-13,-2.800558571454385e-15,0.0023819978751412844,7.680997728468007e-21,2.796478928076564e-13,-6.230638141222847e-14,8.595244109958696e-31,2.4931854922369105e-21,7.680997745210963e-21,0.004761997706447146,-0.00433306927675148,0.0018746954450943674,2.624777566965392e-19,1.3624686558869826e-18,-7.204795416328675e-20,-0.4308739096332968,0.05854709387195954,1.509427410038093e-09,1.2666199587124328e-24,-1.222341799975745e-20,1.3177525720272062e-21,-1.4974461575517983e-05,1.5094274097775724e-09,0.05854708288350357,-1.323458535587754e-25,5.679308121035495e-21,-3.72031134607816e-22,-4.505309757060751e-06,1.191783543160111e-22,-2.5398228754909275e-23,0.0031753312444847597,5.714415918181904e-16,1.5668083617023344e-15,-2.4792510854985976e-26,-1.3165608164999105e-20,5.881206885501854e-21,5.714415918181928e-16,0.000795329194613895,-2.261279913930156e-19,1.3653002459312878e-24,1.2925767930621693e-21,-4.898258960228378e-22,1.5668083617024747e-15,-2.2612799138511776e-19,0.0007953291946138939,-4.1187575315758693e-25,-1.4974461575517986e-05,-4.505309757060751e-06,-3.689967065160504e-28,1.155469451284739e-24,-4.1322086019821027e-25,0.03490888792690665
1774036441624056849,50,1774036441575224638,center_camera,base_link_12,-0.3972500677110698,0.5254999170552129,1.7797310207253024e-19,0.0,0.0,0.7800398184772115,0.6257298790932386,0.0036617006484845876,7.217559135705644e-19,6.4232337212460695e-27,8.234400019749971e-18,-8.234406717828165e-18,2.4180483453416896e-13,7.217559135705644e-19,0.0036617006484845997,2.5744466445572236e-26,5.629733751308688e-17,-5.629638569889511e-17,-4.7396981854738957e-14,-2.6749147317277327e-27,-2.126435956482339e-26,0.004393640987010874,7.365253374800411e-14,2.1738686085120967e-13,1.1637644716157572e-25,8.234400153522498e-18,5.629733746118516e-17,7.365253374800411e-14,0.002197819550928055,-2.8214323226862435e-15,1.8364624810881695e-21,-8.234406721070247e-18,-5.629638459419109e-17,2.173868609570888e-13,-2.821432317006041e-15,0.0021978195509278144,-1.0172207981495774e-20,2.4180483495768543e-13,-4.7396981854738957e-14,1.1637829615920207e-25,1.8364624978086392e-21,-1.0172208520836897e-20,0.004393641010833363,-0.004542097126074426,0.0012369469374156712,7.994375574981683e-20,-9.71476363097702e-19,2.944825452273843e-18,-0.41458356761646137,0.05903770236794482,1.8385282910445156e-09,-1.2808749369694726e-25,7.465034941268618e-21,-5.954810204685323e-21,-1.3732762765986818e-05,1.8385282911386593e-09,0.05903769316263207,1.6883516007064323e-25,-3.073997729967065e-21,2.4131530610820195e-21,-5.108695472599578e-06,4.46713173849395e-23,2.017706389951424e-22,0.002929760130124935,3.937617172582849e-16,1.1410387529689783e-15,1.918234633627985e-26,5.74631685686561e-21,-2.6920770786257996e-21,3.9376171725831604e-16,0.0007339364970466213,-1.3706072385919877e-19,-5.522579724188452e-25,-5.9309933028468154e-21,2.520584706234213e-21,1.141038752969136e-15,-1.3706072386555713e-19,0.0007339364970466206,5.832905853472791e-25,-1.373276276598682e-05,-5.108695472599578e-06,1.081289001170821e-28,-8.814041587548384e-25,6.269827172939499e-25,0.035052992350570356
1774036441690674414,51,1774036441657053709,center_camera,base_link_12,-0.3972499970297716,0.5254999009046268,1.0283920709671501e-18,0.0,0.0,0.7800395191921227,0.6257302521842155,0.0040934528153186425,1.3713181496092258e-18,1.0559684504471737e-27,6.008996922480417e-20,6.009079901251326e-20,2.911713258570397e-13,1.3713181496092258e-18,0.0040934528153186555,-6.131455078319595e-28,1.9697393789240896e-17,1.969781786626221e-17,-1.4002411355062398e-14,-1.9363488902294215e-27,-2.018463519056169e-27,0.004911743580098861,4.763866547441145e-14,2.705869982000023e-13,-6.774864088198937e-32,6.008997400071143e-20,1.9697393757805445e-17,4.763866550088123e-14,0.0024568707687588286,-2.1152646170662755e-17,-7.40179415559414e-22,6.009079915789647e-20,1.9697816649291642e-17,2.7058699830588144e-13,-2.1152640015275775e-17,0.002456870768758981,-7.394575715052515e-22,2.9117132606879795e-13,-1.4002411341827508e-14,1.653241962411787e-30,-7.401788594612766e-22,-7.394570091044368e-22,0.004911743614727174,-0.004605560505503382,0.0008374998932920345,-4.483995274814088e-19,-9.825167417390196e-19,6.044742912381636e-20,-0.393552951536534,0.05854648894732947,2.1472792904544137e-09,2.63006832080556e-24,-2.636255331714732e-21,5.894105699305097e-21,-1.2089494095872353e-05,2.1472792904738223e-09,0.05854648198505308,-3.4012476925537193e-25,1.202825004106926e-21,-1.8975894497833326e-21,-5.961273633645112e-06,3.577650299691134e-24,3.924025966052198e-24,0.0032751618137246896,3.4364251058922673e-16,1.8077416442432372e-15,-3.1796675075292746e-26,-3.662630106993264e-21,1.4309016794626922e-21,3.436425105892769e-16,0.0008202866212244376,-1.4112163667296767e-19,-4.89146879334175e-26,4.867807160232924e-21,-1.6695300187176e-21,1.807741644243619e-15,-1.411216366822928e-19,0.0008202866212244365,-2.8100757154684756e-26,-1.2089494095872351e-05,-5.961273633645112e-06,-1.6950377497308354e-28,-2.469633148473631e-25,-2.421341577627994e-25,0.034911507530505474
1774036441790684080,52,1774036441734556437,center_camera,base_link_12,-0.3974999354458946,0.5252499713848816,2.1488550739584005e-19,0.0,0.0,0.7776646807130324,0.6286792857821049,0.003877135702354568,4.540316834121142e-19,-1.311262092001583e-28,-1.6672524545925577e-27,-1.5923428063745958e-18,2.4781644674236607e-13,4.54028652570651e-19,0.0038771357023545732,-3.436503615305389e-25,2.6804585923546288e-28,2.067188254593597e-17,1.0472676952201967e-14,-4.2546939316910965e-29,3.812167896484733e-25,0.0046521630398983806,2.5745098062279297e-14,2.265433401623461e-13,-5.168519106158551e-26,-1.899814300105072e-30,2.5350919505048237e-28,2.5745098062279297e-14,0.002327080605990911,-1.040544880363183e-17,1.1816491912845498e-24,-1.592342873158997e-18,2.0671882485767866e-17,2.2654334026822522e-13,-1.0405448803833778e-17,0.002327080605990825,-1.4954807328555213e-21,2.4781644674236607e-13,1.0472676965436857e-14,-5.1679236622040505e-26,1.1816508175189103e-24,-1.4954807419150613e-21,0.004652163064914919,-0.004915743571775224,0.0008156768043648616,5.417575588440603e-19,1.4168131199514056e-19,1.7199596342824896e-18,-0.3814342982703918,0.05895782957015027,2.2915825139151115e-09,-5.2616628037212464e-24,-1.6965354571236734e-21,-4.327728555769875e-22,-1.0831334157332444e-05,2.2915825141947217e-09,0.058957824230961,7.332520177597104e-25,3.409495996246498e-22,1.627284868104285e-22,-6.556104783726648e-06,-6.814694512939097e-24,-6.128248615864638e-24,0.0031021081810667455,1.543291197247126e-16,1.3820888649766763e-15,4.917271195072913e-28,-1.708737653173443e-21,2.8603786959335207e-22,1.5432911972473847e-16,0.0007770236164628537,-6.229469395263287e-20,-3.0848963941646414e-26,-1.3113606393607007e-21,3.5795986357477005e-22,1.38208886497668e-15,-6.229469395269698e-20,0.0007770236164628535,-1.1479197962541284e-25,-1.0831334157332444e-05,-6.5561047837266474e-06,9.990816539945363e-28,5.344471012240746e-28,-2.2572755346416684e-25,0.03503138239682905
1774036441857590460,53,1774036441811226130,center_camera,base_link_12,-0.3974999889989889,0.5254998475097258,1.285109511066724e-18,0.0,0.0,0.7800394413210457,0.6257303492588088,0.0038354839413491113,4.469555862490749e-19,-2.263001420026317e-27,6.65019832453963e-18,1.6625760360897985e-18,2.773649609261289e-13,4.469523873865498e-19,0.0038354839413491174,-3.582861650839482e-25,-8.217083638904903e-17,-2.054270983799435e-17,1.3957480611489302e-14,-5.193529629146515e-28,4.0670553014704627e-25,0.004602180934914381,2.984803297484585e-14,2.5578584410627643e-13,-2.873910477717689e-29,6.650198320137697e-18,-8.217083636123497e-17,2.984803294837607e-14,0.0023020895024745253,2.7523447819907173e-15,3.0105774899927228e-21,1.6625760360891061e-18,-2.0542708676047094e-17,2.5578584421215555e-13,2.7523447819909193e-15,0.0023020895024743393,-6.7998192946946e-21,2.773649607143707e-13,1.3957480611489302e-14,2.261496824015432e-29,3.0105774902287932e-21,-6.79981928572848e-21,0.00460218096225261,-0.004700991415964088,0.00043329675276525693,-3.501535219821192e-20,1.3161403568476224e-18,-3.7182352195525514e-19,-0.36107242520251226,0.059117398404051946,2.3685562095213145e-09,1.7890815338329338e-25,-5.96108142607503e-21,-2.9200855767729196e-21,-9.655538579095655e-06,2.368556209376564e-09,0.05911739454878237,1.3654943313788996e-25,7.815878172971828e-22,3.751451461345729e-22,-7.147021101549421e-06,-8.228097508931508e-23,-1.028602159516967e-22,0.003068786749273945,1.521438052920866e-16,1.5003454093308476e-15,-1.529828007871676e-25,-5.039018976841209e-21,5.840039610932119e-22,1.5214380529206345e-16,0.0007686930681182454,-6.412780161410857e-20,7.3550264133177025e-25,-2.920148138354592e-21,3.751585442700174e-22,1.5003454093305459e-15,-6.412780161406001e-20,0.0007686930681182447,-6.29116915565739e-26,-9.655538579095657e-06,-7.147021101549421e-06,2.1674659274651263e-28,9.012819233804597e-25,-4.8647056591493594e-26,0.03507936988747455
1774036441957963390,54,1774036441897749424,center_camera,base_link_12,-0.3974999814452758,0.5252499599026275,-3.352268421211508e-19,0.0,0.0,0.7776645586917788,0.628679436720115,0.004328164023849228,6.384086780618385e-19,-1.0062172959445562e-25,1.0737985078298967e-17,-1.4317084271683712e-17,2.917799338527185e-13,6.384118316879238e-19,0.004328164023849236,1.5081744040579058e-26,-6.508953194875424e-17,8.678216325410942e-17,4.151566909539489e-14,1.0617704765965296e-25,-3.325492856919379e-26,0.005193397015256522,2.829979911497458e-15,2.7628771056479977e-13,7.099797229850224e-26,1.0737985228268459e-17,-6.508953318026058e-17,2.8299799081887354e-15,0.002597697532336048,-2.7519797762374816e-15,6.125174117287331e-21,-1.4317084267759828e-17,8.67821632541196e-17,2.7628771056479977e-13,-2.7519797703603795e-15,0.002597697532335756,2.4749528668344524e-21,2.91779934276235e-13,4.151566909539489e-14,7.104076861608725e-26,6.125173853038072e-21,2.474952338105403e-21,0.005193397050440944,-0.005007416050324694,0.00016319904938109236,1.5006493458744537e-18,1.1598070686593405e-18,7.55338342708098e-19,-0.3463008336114768,0.05855169929794888,2.3596233726742837e-09,-2.188994750893009e-23,1.791483886769452e-22,1.0029043027424484e-20,-8.231994782995243e-06,2.3596233729719186e-09,0.058551697130585764,1.9162002549482846e-24,-5.790328749056707e-22,-6.83590628782244e-22,-7.875603196754642e-06,-7.571112490716934e-23,-2.4044085632506364e-22,0.003462930795922443,5.01810279448138e-17,2.0929221118850018e-15,1.43145442808904e-26,-8.538611288837705e-22,-3.4947636713906656e-22,5.0181027944809547e-17,0.0008672290388119654,-2.6777049111984137e-20,1.4477673110107218e-24,1.000034745567834e-20,-8.127272951940995e-22,2.092922111884727e-15,-2.677704912148375e-20,0.0008672290388119643,-1.213534274068058e-24,-8.231994782995243e-06,-7.875603196754642e-06,3.4907713893409866e-27,1.2816934761128147e-24,-1.2021045306538172e-24,0.03491563524226182
1774036442024035260,55,1774036441974786282,center_camera,base_link_12,-0.3972500334890017,0.5252499164144182,7.329631115956993e-19,0.0,0.0,0.7776645352544888,0.6286794657115977,0.003853842240253272,2.0573429400265766e-20,7.620832657544417e-26,-4.7781921358184646e-18,-1.911192187436097e-17,2.545490013027398e-13,2.0582037248515146e-20,0.0038538422402532744,-6.047643584916453e-25,2.277885733258611e-17,9.111542856911629e-17,4.3806283089297955e-14,-8.492279478912325e-26,7.019991429363401e-25,0.004624210878791392,-5.214040525670416e-15,2.370822895811462e-13,-6.040169242447263e-25,-4.7781921358191225e-18,2.2778857314123438e-17,-5.2140405190529714e-15,0.002313104574691202,-3.0740987442706123e-15,-7.285110995923578e-21,-1.9111921868065718e-17,9.111542958158207e-17,2.370822895811462e-13,-3.0740987599018217e-15,0.002313104574702371,1.6257709460134044e-21,2.545490013027398e-13,4.3806283089297955e-14,-6.039986924240762e-25,-7.285110766888178e-21,1.6257709722881426e-21,0.004624210900964455,-0.005127495195418368,-0.00035814971594749334,8.289139505972162e-20,7.325133611741915e-19,2.0173242917345627e-18,-0.3330082220564623,0.059242152521219005,2.3014928625426113e-09,-3.823499538782351e-25,6.623673298782253e-21,-1.4154729373567721e-21,-7.284478607002036e-06,2.3014928622382825e-09,0.05924215142198803,8.636887423107779e-26,-2.8854928493202945e-22,3.25584455188552e-22,-8.321210948632294e-06,-1.6653514120234187e-21,3.5685811233927614e-22,0.003083473434791749,-3.0884109695625386e-17,1.3798382772164416e-15,2.3468270439238307e-25,4.960190628498765e-21,6.79099266763532e-23,-3.0884109695634125e-17,0.0007723651152425452,8.893547815425992e-21,-7.590087658381867e-26,-1.4600791611635178e-21,1.1765987439484443e-22,1.3798382772167809e-15,8.893547833237714e-21,0.0007723651152425446,4.612748553330684e-27,-7.284478607002037e-06,-8.321210948632294e-06,-1.5566568758839124e-28,-2.200006214140167e-25,1.8737903935651028e-26,0.03511601437294831
1774036442090718116,56,1774036442055752039,center_camera,base_link_12,-0.3974999071574886,0.5254998446830578,1.2820970771378956e-18,0.0,0.0,0.7800395865422671,0.6257301682250657,0.004050287163582427,2.657536403701045e-19,3.25977242861286e-27,-1.348859156953075e-17,2.6976283437280195e-17,2.853592331066013e-13,2.6575358867131623e-19,0.004050287163582432,4.083254939868302e-25,4.2741530240878506e-17,-8.548327067944532e-17,8.293580886208638e-14,-4.1040605955479125e-27,-3.8315197703254657e-25,0.004859944793628607,-3.821590690380597e-14,2.8472707251279115e-13,-8.312735915597282e-25,-1.3488591304817344e-17,4.2741529111412175e-17,-3.821590687733619e-14,0.0024309714258345188,2.843507120457366e-15,4.27930102268654e-22,2.697628314752968e-17,-8.548327067927495e-17,2.8472707251279115e-13,2.8435071204577697e-15,0.0024309714258290392,-8.55923521721043e-22,2.8535923353011777e-13,8.29358089679655e-14,-8.313091384673514e-25,4.279300935471897e-22,-8.559238259370623e-22,0.004859944824387532,-0.004753667432780202,-0.00037365122629227416,4.209451019453771e-21,-4.265492636450177e-21,-1.9092077484239448e-18,-0.31277457749637716,0.059075139822883656,2.1454996590314784e-09,1.6541172746735274e-24,2.3669881019978092e-21,-1.4135282506480234e-20,-6.104898172890544e-06,2.1454996586939734e-09,0.05907513991053762,9.274664673866893e-25,3.46957951143799e-22,-6.031978092082645e-22,-8.852415171339403e-06,-1.7256628130618404e-21,8.820248035458388e-22,0.003240629318046335,-2.24491250675485e-16,1.8370111452837584e-15,3.306925598133508e-25,2.3670597874176768e-21,3.4695937273847983e-22,-2.2449125067554355e-16,0.0008116536877591799,9.311400389939968e-20,-4.393633652782063e-25,-1.408299515061309e-20,-3.591841371821352e-22,1.837011145283636e-15,9.311400389937752e-20,0.0008116536877591792,8.964319735021956e-25,-6.104898172890546e-06,-8.852415171339403e-06,-1.6881259120932413e-28,-4.394044007898436e-25,8.743026363193089e-25,0.03506966494296912
1774036442190715186,57,1774036442134969950,center_camera,base_link_12,-0.39725002670650783,0.5252499723059323,-1.792643396449483e-20,0.0,0.0,0.7776650233737484,0.628678861916883,0.0039628948617228535,-2.61749569217465e-19,1.9641448105810558e-27,-2.7082173478313294e-17,-6.7706688628155604e-18,2.5174570129457194e-13,-2.6174341706165915e-19,0.003962894861722856,3.697939246710967e-25,8.111362266483799e-17,2.0278987037696658e-17,7.792066135375316e-14,1.9997177056373913e-27,-3.8703677501180578e-25,0.004755074028875504,-2.7305053984637843e-14,2.423986632872258e-13,4.4152752041554424e-29,-2.7082173478313285e-17,8.111362266481892e-17,-2.7305054037577402e-14,0.0023785360903666,8.171087193984145e-17,-2.091102873610298e-21,-6.7706691392231625e-18,2.0278988115940598e-17,2.423986626519511e-13,8.17108775083664e-17,0.0023785360903606,-7.20736668004314e-21,2.5174570129457194e-13,7.792066145963228e-14,2.845719178970819e-31,-2.091102872628601e-21,-7.207366923886829e-21,0.00475507405562409,-0.005097879336825648,-0.0008211593823914609,-3.5475712066836007e-19,2.351221520831299e-18,1.6375891513980804e-18,-0.303361714197031,0.059292502834876255,1.9584020069762994e-09,6.814633604636867e-26,1.9542330404969416e-21,8.916562867090677e-21,-5.150789646433634e-06,1.9584020071975574e-09,0.059292503793969886,1.1095434156394304e-24,3.0271219906206564e-22,8.206260753177854e-22,-9.178255947754853e-06,-1.825277914378999e-21,4.0672143117970134e-22,0.003170715501431545,-1.960133803571187e-16,1.518050679890158e-15,2.4151475208975895e-25,1.954233849512083e-21,3.0271219828019385e-22,-1.9601338035704346e-16,0.0007941754098607693,7.342388931493574e-20,-1.0069576445463309e-24,8.96715568132154e-21,1.0485858405198021e-21,1.5180506798900905e-15,7.342388930780778e-20,0.000794175409860769,-4.736942629639115e-25,-5.150789646433633e-06,-9.178255947754853e-06,-1.8735133766062354e-28,-1.0069576730611867e-24,-4.84788947670384e-25,0.03513409301446199
1774036442257422179,58,1774036442210413933,center_camera,base_link_12,-0.39749990724154466,0.5252499126003322,-3.982184788860919e-19,0.0,0.0,0.7667440647016207,0.6419529104574858,0.0037741984581217197,-2.2545319413136786e-19,7.310502698419221e-28,-1.8963639557083763e-25,8.168385917873421e-18,2.5950340161979917e-13,-2.254531424325796e-19,0.003774198458121723,7.334151450401335e-25,5.0369657235111164e-26,-1.987064813958333e-17,1.0069985911195675e-13,4.700160431326734e-28,-8.112622372050082e-25,0.00452863835395304,-5.143346842225684e-14,2.5526176152840415e-13,2.609265652313769e-25,1.03698676573243e-25,-1.1001592299720317e-26,-5.143346844872662e-14,0.0022653182324303372,1.997847613344586e-17,3.3969326480103925e-26,8.168385628392864e-18,-1.9870648112489597e-17,2.552617617401624e-13,1.997847613324391e-17,0.0022653182324302427,2.797388591191359e-22,2.5950340161979917e-13,1.0069985921783587e-13,2.608089735115769e-25,3.4010876984138034e-26,2.797393367726672e-22,0.004528638379418552,-0.00502957326564689,-0.0007602996357343785,3.364072298312138e-20,-3.7135861850469204e-18,8.219042280486979e-19,-0.30951158939447654,0.05959672695818341,1.7493610369999312e-09,-2.0323685824757713e-24,-6.493057692338275e-21,-2.9635291048642343e-21,-4.269704286237485e-06,1.7493610369878943e-09,0.059596728641724404,2.138721759059501e-25,-6.811886272552634e-22,-4.504950585447813e-22,-9.470545378760132e-06,1.1611490903856232e-22,4.1940851720870474e-24,0.0030197583737744706,-2.9213530000302593e-16,1.4274088135409878e-15,-1.36966406121668e-26,-7.388897378724782e-21,-4.892069590269261e-22,-2.921353000029497e-16,0.0007564360524619193,1.1332948093208527e-19,1.0872357807439867e-25,-1.9717037600460487e-21,-1.9455363201918307e-22,1.4274088135407975e-15,1.133294809320905e-19,0.000756436052461919,6.241757579763828e-26,-4.269704286237487e-06,-9.470545378760134e-06,1.4763027251697026e-28,-4.9088406450874e-27,1.6222400351330335e-25,0.035224479259760785
1774036442324032711,59,1774036442289228678,center_camera,base_link_12,-0.3974999602967107,0.5252499073197956,2.5637129417606703e-18,0.0,0.0,0.7776621971993013,0.6286823578303713,0.003942736525823378,-8.202829602201011e-20,6.94212500583921e-27,-1.4326177256096785e-17,-2.865277785702009e-17,2.8099519908366863e-13,-8.202995038323522e-20,0.0039427365258233775,-2.887610524734298e-26,3.9635630104853536e-17,7.927126026497972e-17,9.5760935251514e-14,-1.3273778355519213e-28,5.845651900682136e-28,0.00473088403470587,-5.74932809873779e-14,2.68333348776857e-13,-2.1856817691634264e-29,-1.4326177281483367e-17,3.963563013424933e-17,-5.749328106678724e-14,0.0023664410257332627,2.814323964875489e-15,1.5427161961448063e-21,-2.865277786770645e-17,7.927126026496762e-17,2.6833334845921964e-13,2.814323964875489e-15,0.0023664410257278356,3.085432135959757e-21,2.8099519908366863e-13,9.5760935251514e-14,2.2749495068748626e-29,1.5427159233266914e-21,3.085432133471037e-21,0.004730884065241277,-0.00497807507263879,-0.0009391603178344307,1.5193931935934905e-19,-1.5607963699397039e-18,1.2237899132619858e-18,-0.2751357074118262,0.05941954090725369,1.5025755084854146e-09,-4.5095223728357155e-24,3.361047102521414e-21,8.271526634301746e-21,-3.3862676613692263e-06,1.5025755085506338e-09,0.059419543269529286,-5.541826990918825e-26,5.781197954225561e-22,1.5391471362101789e-21,-9.772006245546346e-06,2.0535031342950163e-21,1.4063933233663642e-22,0.0031545888008477217,-3.3244664844362306e-16,1.6870682348953013e-15,-2.0095488737922873e-25,4.389031645701005e-21,6.48389772959178e-22,-3.324466484436224e-16,0.0007901434823183286,1.3307999979225273e-19,-2.482497388561016e-25,8.227591082983892e-21,1.2931335281390787e-21,1.6870682348951447e-15,1.3307999979227982e-19,0.0007901434823183278,-3.9048263161887028e-25,-3.3862676613692238e-06,-9.772006245546346e-06,3.1571358655467057e-28,-1.8865230599781733e-25,-3.7645848222045926e-25,0.035176794559334354
1774036442424107618,60,1774036442369219303,center_camera,base_link_12,-0.39749996168425716,0.5252499104326959,-1.1314096730911395e-18,0.0,0.0,0.7667441208716386,0.6419528433684035,0.004001530577227191,-1.2710286686488484e-19,-1.6721655630774544e-25,-3.563259064441493e-25,-9.000656386186164e-18,2.65215626221141e-13,-1.2709981663637605e-19,0.004001530577227193,-1.333829535356014e-28,2.507986086789755e-26,2.0349899178111362e-17,1.1213269881125764e-13,1.8306917289426792e-25,-2.837390554487146e-28,0.004801436888937051,-6.051230657586557e-14,2.5763499411013077e-13,-6.908894689975892e-29,1.9657153568279148e-25,-3.482924088779967e-27,-6.051230654939579e-14,0.0024017174950490957,2.447633275638396e-17,8.6254007250894e-30,-9.00065695341816e-18,2.0349900277882056e-17,2.5763499389837253e-13,2.4476332756787857e-17,0.0024017174950489947,1.3009738312102103e-21,2.65215626221141e-13,1.1213269881125764e-13,-1.824799883641257e-30,-1.7452454573497832e-28,1.3009738196896778e-21,0.004801436917742298,-0.004920645748119426,-0.0011265755419602068,1.0806476524809556e-19,1.3311108037956186e-18,7.297716710023011e-19,-0.2821567080717897,0.05941704627721352,1.2443747207454101e-09,8.983709888782882e-25,-3.890355210806219e-21,-5.368985918371698e-21,-2.5708519511867302e-06,1.244374720534956e-09,0.05941704920744731,6.004181195680644e-25,-5.284080254028903e-22,-8.517869803521941e-22,-1.0040202171546848e-05,9.015786711205526e-25,6.152457328276263e-25,0.003201624060614672,-3.8637267969759255e-16,1.6701745700439203e-15,3.6064338994003115e-27,-4.839306243398856e-21,-3.250569438692774e-22,-3.86372679697575e-16,0.0008019024553569357,1.560847640068305e-19,1.0655829117614137e-25,-4.318438249294415e-21,-5.80646023590297e-22,1.6701745700437698e-15,1.5608476400681513e-19,0.0008019024553569347,-4.3044061261116304e-26,-2.5708519511867277e-06,-1.004020217154685e-05,-6.282600511866927e-29,-8.51879167327695e-28,-1.1359002190761651e-26,0.03517840375376914
1774036442490842557,61,1774036442449005365,center_camera,base_link_12,-0.3972500131216146,0.5252499148518951,8.186551317842457e-20,0.0,0.0,0.7776625300449616,0.6286819461095327,0.003991302429119215,-1.207664565775755e-19,1.2879803506463493e-26,-1.8250758009012518e-17,-1.1028341519159345e-26,2.5713108425717206e-13,-1.207664565775755e-19,0.003991302429119217,3.0419113031187366e-26,4.098425033573124e-17,4.440599422064913e-26,1.1623515222529835e-13,-1.2061073225088877e-27,2.3362953728387316e-27,0.004789163109797644,-7.273918055619952e-14,2.5359930224480587e-13,-9.67799848077015e-26,-1.825075853408308e-17,4.098425139186366e-17,-7.273918060913908e-14,0.0023955806194412826,2.8347454741418777e-15,4.9470391640894145e-21,6.01182112937196e-27,-2.372037785164275e-26,2.5359930266832234e-13,2.8347454741416757e-15,0.0023955806194413155,1.1784656562133186e-25,2.5713108425717206e-13,1.162351524370566e-13,-9.680193307011344e-26,4.9470391560851744e-21,1.178448053499046e-25,0.004789163137645539,-0.004922106426617414,-0.0015531576565280844,-1.248542054821759e-19,8.236396573598102e-19,1.1676604370909807e-18,-0.25037514759800794,0.05950450474522562,9.793352318814832e-10,1.957179720930968e-24,3.2719353857515347e-21,-1.4747483636638311e-21,-1.8198155170023854e-06,9.793352319284373e-10,0.05950450812798467,5.056493164869802e-25,8.110193048889347e-22,-3.687108019355737e-22,-1.0253267060302944e-05,-1.7126678019128997e-21,1.2781196401865948e-21,0.0031934415490191223,-4.368645684475091e-16,1.6110172759830591e-15,2.716436807431916e-25,3.3558497858062313e-21,1.28124703399015e-21,-4.3686456844743115e-16,0.0007998568795965193,1.7393453805336492e-19,1.0403194300284952e-25,-1.4747426692355163e-21,-3.6871073191327998e-22,1.6110172759829167e-15,1.7393453805335014e-19,0.0007998568795965189,-1.332318752804112e-26,-1.8198155170023865e-06,-1.0253267060302944e-05,1.984922045892018e-30,8.166279510143226e-26,1.0957403203563852e-27,0.03520592788586544
1774036442557385862,62,1774036442522280216,center_camera,base_link_12,-0.3974998948382068,0.5252499224620654,-6.3720236853096e-19,0.0,0.0,0.7776649290725562,0.6286789785658307,0.003665741848040762,-2.965145744957851e-19,1.9193565799774376e-27,1.0571161826228792e-17,-1.0571161491686513e-17,2.311630585978249e-13,-2.9651777982065872e-19,0.003665741848040761,-3.762436331358492e-27,-1.8057163196317405e-17,1.8057163260823704e-17,1.3299259667334383e-13,2.9520150541840766e-27,-4.957022928266835e-27,0.004398490424481256,-7.749621917899378e-14,2.2852139428709156e-13,4.565216495206882e-25,1.0571161856318594e-17,-1.8057163230646157e-17,-7.749621917899378e-14,0.0022002442741753596,2.9833140504381255e-17,4.12779771680658e-22,-1.0571162036706282e-17,1.8057163200644553e-17,2.2852139428709156e-13,2.98331433302451e-17,0.0022002442741752854,-4.1163865553357137e-22,2.311630585978249e-13,1.329925964615856e-13,4.565433099002172e-25,4.127797704039764e-22,-4.1163897760318723e-22,0.0043984904482727285,-0.00483729271649448,-0.0014225751027317562,-1.154847400575567e-18,1.2410671388983176e-18,2.6381144502798926e-18,-0.24086037158206153,0.05994016747021543,7.362997030112653e-10,8.1134717016565e-24,-3.950127521677917e-21,1.2059143663712896e-21,-1.183379003338455e-06,7.362997029413327e-10,0.0599401711386795,3.915180137307568e-24,-1.1724896509271837e-21,3.970685009969891e-22,-1.0344121601514456e-05,8.138686435300225e-24,3.9209159791617696e-24,0.002932993091422696,-4.3647709893926723e-16,1.2456763372297213e-15,-1.5363451902449835e-26,-4.043353926115221e-21,-1.6076155747095881e-21,-4.3647709893942273e-16,0.0007347447573293094,1.5964451816968343e-19,1.1417275889236644e-25,4.288843412114337e-22,1.0186252288841198e-21,1.2456763372297828e-15,1.5964451816652734e-19,0.0007347447573293095,-2.1901639656721562e-26,-1.183379003338456e-06,-1.0344121601514458e-05,-1.1312332794714064e-27,1.239963608296992e-25,-1.220837088159202e-25,0.03533403741809204
1774036442657363404,63,1774036442600755692,center_camera,base_link_12,-0.397250010329955,0.5252499122630484,-3.552945184922451e-19,0.0,0.0,0.7776648009082888,0.6286791371027606,0.0039257730243791545,-8.176003100960151e-20,-1.8986421091211863e-25,-9.860045342749463e-18,2.616869832587281e-26,2.6437757118785287e-13,-8.176003100960151e-20,0.003925773024379154,1.1892577086194553e-27,1.756656702648171e-17,4.150216723860401e-25,1.4383438429946808e-13,2.217457367142258e-25,7.017554614091475e-28,0.004710527836832542,-8.82624926532e-14,2.6695509032876534e-13,-1.707220512313035e-25,-9.86004530560931e-18,1.75665675901942e-17,-8.826249275907912e-14,0.0023562628971705297,2.720932302790232e-15,4.8454108173238205e-21,-7.532125096859637e-27,-2.089663948387229e-25,2.669550902228862e-13,2.720932302790434e-15,0.002356262897170539,9.559850877077089e-25,2.6437757118785287e-13,1.4383438419358896e-13,-1.7064228856624573e-25,4.845410862553835e-21,9.562190082575433e-25,0.004710527868988439,-0.004798347260050397,-0.0018333057580651108,2.927519425010526e-19,-8.21526581754394e-19,2.496009065755821e-20,-0.2295027297453219,0.0595900659637315,4.590341371912659e-10,-2.9930706108286615e-24,3.1847327811183534e-21,-1.4610965789419285e-21,-5.04423643118988e-07,4.5903413736497465e-10,0.05959006989227727,-2.8229240287697738e-25,1.0822416673626268e-21,-5.441297966252277e-22,-1.0454843625131233e-05,2.193805399217706e-22,1.03734892477094e-21,0.0031410179858776584,-5.4233153395680945e-16,1.6402936037526263e-15,4.4127600238844203e-26,2.1795619334527515e-21,1.297633845461646e-21,-5.423315339569292e-16,0.0007867506691006749,2.0944385067082852e-19,1.4210972466649649e-25,-2.3585053577086185e-21,1.7381141738396648e-22,1.6402936037529427e-15,2.0944385067083233e-19,0.0007867506691006743,1.1142185699452392e-25,-5.04423643118988e-07,-1.0454843625131233e-05,1.052378972217238e-28,4.786310231985773e-26,-1.5381129225643378e-28,0.03523744634772449
1774036442724063404,64,1774036442686648130,center_camera,base_link_12,-0.3972499406049543,0.5254998563193015,1.7149180819538717e-19,0.0,0.0,0.7754363655811245,0.6314257224205683,0.004296621259740542,2.2748888561886087e-19,2.3085423563381905e-27,7.352117981790781e-25,-4.020809241528459e-17,2.585435087321033e-13,2.2748893731764915e-19,0.00429662125974054,-2.7401963993762984e-27,-1.7038250226310052e-27,6.020334450697065e-17,1.6772185680063903e-13,2.2382035848509183e-27,-2.6069423996398523e-27,0.005155545696623238,-1.1365651193040108e-13,2.747168007197231e-13,-1.2726227268013982e-25,-3.850680578712563e-25,-1.703936284958062e-27,-1.1365651198334064e-13,0.0025787718946732687,2.773684565856077e-15,8.657202082267698e-25,-4.0208092380757156e-17,6.020334450697093e-17,2.7471680093148134e-13,2.773684568728995e-15,0.0025787718946788463,1.5745720231936243e-21,2.585435087321033e-13,1.6772185680063903e-13,-1.2728251487047445e-25,8.655695914821914e-25,1.5745720287185468e-21,0.005155545729937844,-0.004370426209465339,-0.001982383442935622,-2.31216314372102e-19,-2.957406675400064e-18,9.085356892098402e-19,-0.22180408347693803,0.05914993321542543,1.2144208106122853e-10,-1.4080790773056686e-24,-1.5452711959844866e-21,5.96047526437652e-21,3.1282567124661237e-07,1.2144208118060284e-10,0.05914993741971432,5.379092502545333e-25,-5.768634906598538e-22,2.3677232527805167e-21,-1.0663999345017965e-05,-1.352554833497814e-24,5.259781355860636e-25,0.003437696596152694,-8.367283150454684e-16,1.9934784483807704e-15,7.182081220812893e-26,-1.4365700814089613e-21,-6.957772617420391e-23,-8.367283150453619e-16,0.0008609205728330159,3.521759715801992e-19,2.0262789638106108e-26,5.9604757645613204e-21,2.3677255541883442e-21,1.993478448379731e-15,3.52175971575682e-19,0.0008609205728330149,-6.589927681175174e-25,3.128256712466126e-07,-1.0663999345017963e-05,-9.47806054371229e-29,-3.733168638193865e-27,-6.432701603817713e-25,0.03511167568845587
1774036442824223404,65,1774036442762750864,center_camera,base_link_12,-0.39724994973195865,0.5252499894768807,3.8368536130876807e-19,0.0,0.0,0.7776646829659374,0.6286792829953028,0.003807136035556386,-2.305168319498995e-19,-1.0647067053115254e-28,2.600977477116888e-17,-3.9014503926276923e-17,1.9661890799203146e-13,-2.305198821784083e-19,0.003807136035556385,3.088609656717094e-25,-3.493340094320539e-17,5.240033960155209e-17,1.4291377288233847e-13,-8.264887916021328e-29,-3.4087467522262203e-25,0.004568163434977297,-9.68092929484354e-14,1.9896007995318804e-13,1.822802907653506e-25,2.6009775281478754e-17,-3.4933400936308135e-17,-9.68092929484354e-14,0.0022850808459528977,8.184163488977273e-17,-4.561472848229541e-21,-3.901450389438259e-17,5.240033954481731e-17,1.9896008016494627e-13,8.184163226454461e-17,0.00228508084594703,-4.0348418920243493e-22,1.9661890778027323e-13,1.4291377267058023e-13,1.8220534425796056e-25,-4.561472790183296e-21,-4.0348442565588963e-22,0.004568163457067343,-0.004599671945291805,-0.0020237230821091045,-7.647750210853421e-19,-6.053931023749676e-20,-1.2513942612639055e-18,-0.20985527102674534,0.05980384796367097,-1.1109669852834409e-10,2.699511230630612e-24,-2.267420646964221e-21,-1.4712199630270908e-21,8.34905275092723e-07,-1.1109669850455322e-10,0.05980385223076193,2.9539734178887667e-24,-1.060131361520484e-21,-3.546397654899336e-22,-1.0629790863705356e-05,-4.96847951729277e-23,1.3792578698393733e-23,0.0030461084687787286,-5.595943065376818e-16,1.1500854080422403e-15,2.8162889289469784e-27,-3.1049091572151815e-21,-8.868308797564716e-22,-5.595943065378403e-16,0.0007630238501560833,1.8898515498590506e-19,7.161364256067068e-26,-2.3087109962821736e-21,-1.813630752661147e-22,1.1500854080425826e-15,1.889851549888119e-19,0.0007630238501560828,-1.4187441367734867e-25,8.34905275092723e-07,-1.0629790863705358e-05,-7.739848217333722e-29,-4.782894523548361e-28,-2.139630811710162e-25,0.03530067941616149
1774036442890808883,66,1774036442842773676,center_camera,base_link_12,-0.3974998795940927,0.5252499214836819,5.153925761946123e-19,0.0,0.0,0.780040222092164,0.6257293759433128,0.0040031398807808235,8.172161880990608e-20,-3.6259377494332294e-25,-2.5216880781392156e-17,2.5217145329930204e-17,2.3880969024553573e-13,8.17151564613705e-20,0.004003139880780824,3.235155204100765e-26,3.416999521134457e-17,-3.417041849751309e-17,1.7232977130260223e-13,3.9660136358225083e-25,-1.6593037358482554e-26,0.004803368056852702,-1.1740922755810285e-13,2.5232799420004103e-13,4.5369023520950565e-25,-2.5216880745587845e-17,3.416999521134034e-17,-1.174092275051633e-13,0.0024026830449600956,-1.9259277721167384e-18,-3.877557454405702e-21,2.521714532979541e-17,-3.417041852709972e-17,2.5232799420004103e-13,-1.925930735103542e-18,0.002402683044965499,-3.805413220845108e-22,2.3880969024553573e-13,1.7232977087908575e-13,4.538142897053053e-25,-3.877557316652468e-21,-3.8054132208185066e-22,0.004803368087819645,-0.004427983789871113,-0.0017867487692576245,-7.669785459628242e-19,-2.7653191468374374e-18,-3.5627052096292246e-19,-0.19549240599480824,0.05957040990077056,-3.7554722929680226e-10,1.0398183229614717e-23,6.3079328995509625e-21,-7.66087481193696e-21,1.4219462900586472e-06,-3.7554722921562317e-10,0.05957041421476893,4.668422465118061e-24,2.6205222925781743e-21,-3.3070700405700383e-21,-1.0650328977057072e-05,2.2183901491982347e-22,9.9129077374395e-22,0.003202911486955978,-7.50211080260796e-16,1.5875476173378622e-15,-8.308058821341521e-26,6.307933313026396e-21,2.6205244545155884e-21,-7.502110802607387e-16,0.0008022241856600469,2.811320428182141e-19,-1.9134360121217611e-25,-8.646486480164733e-21,-3.095875224466242e-21,1.5875476173378338e-15,2.8113204282233035e-19,0.0008022241856600462,5.170686194544104e-26,1.4219462900586487e-06,-1.0650328977057072e-05,2.0376158739584265e-28,-1.913479122602436e-25,1.7075367486328976e-26,0.03523623963524796
1774036442957321836,67,1774036442923185825,center_camera,base_link_12,-0.39749994725222143,0.5252499263712447,1.7566569320339757e-18,0.0,0.0,0.7776655789229461,0.6286781747113853,0.004022606789935249,9.866041659861384e-20,-1.5703198863694042e-26,-1.2273014096963193e-17,-1.4115411381266153e-27,2.216477253082547e-13,9.866346682712263e-20,0.004022606789935248,2.5012296871137935e-27,1.7429949191589513e-17,7.2838025937625755e-25,1.5309142897369581e-13,-6.781167676713997e-28,1.2097138196750637e-27,0.004826728341371964,-9.958088856632706e-14,2.2880775368018514e-13,3.8086776556397937e-31,-1.2273014675664737e-17,1.742994977029325e-17,-9.958088856632706e-14,0.002414363235286231,8.027627403857703e-17,-2.3466408588987383e-21,-1.4169868306812065e-27,-3.949856971918271e-25,2.2880775368018514e-13,8.027627403847605e-17,0.002414363235280547,-7.500988815814863e-29,2.216477253082547e-13,1.5309142918545405e-13,-1.331171281658695e-30,-2.346640885157673e-21,3.4421192704745387e-28,0.004826728369661527,-0.004335820496867259,-0.0018621043192320376,-1.0916589567504963e-18,-2.7323862057792444e-18,-1.6733644381605591e-18,-0.19090209182339693,0.05960631718785061,-5.910594148316501e-10,8.194278009634311e-24,-1.4424196072408255e-21,2.8822980496929742e-21,1.8631383679759873e-06,-5.910594148370074e-10,0.059606321501700775,4.782397305584487e-24,-8.48031307501667e-22,1.4395500895212238e-21,-1.0634273941229227e-05,-2.729851243628723e-22,-9.827360709571166e-22,0.003218485036883339,-6.425634731083404e-16,1.4764289701862418e-15,4.1612648459719917e-26,-1.4424603771879405e-21,-8.48057299372038e-22,-6.425634731084148e-16,0.0008061177528555095,2.3290356956572378e-19,-1.1871921444923298e-25,2.8823629509954472e-21,1.4395355657814333e-21,1.476428970186293e-15,2.329035695657025e-19,0.0008061177528555089,1.143770562737828e-27,1.8631383679759873e-06,-1.0634273941229229e-05,4.0275256889631775e-28,-1.4780426912529772e-25,1.1388943654046442e-27,0.03524815418030481
1774036443057368648,68,1774036442995378017,center_camera,base_link_12,-0.3974999515962823,0.5252499349821074,6.966767269104023e-19,0.0,0.0,0.777665223442719,0.6286786144349001,0.0036116089131868947,1.9143647711467858e-20,1.7176747246222194e-25,-3.3260483043641265e-17,3.3260377574155024e-17,2.023861770294506e-13,1.9149954963638575e-20,0.003611608913186893,-6.960607794388583e-25,4.598378376696555e-17,-4.598373124690025e-17,1.435952204175252e-13,-1.978879390097969e-25,7.843899726414654e-25,0.004333530903291728,-8.721559047651935e-14,2.0341636316973587e-13,2.965007436027372e-25,-3.326048302661799e-17,4.598378377970573e-17,-8.721559058239847e-14,0.0021677645206907084,2.8824793338543897e-15,2.835731084279226e-21,3.326037699895861e-17,-4.5983730654823556e-17,2.0341636316973587e-13,2.882479336658645e-15,0.002167764520685106,-2.8355313820531815e-21,2.0238617660593412e-13,1.4359522020576697e-13,2.966148296102338e-25,2.835731086408161e-21,-2.8355316505881034e-21,0.004333530926095541,-0.0042861553022490295,-0.001934654876666666,-5.675456432239841e-19,-3.754300916900428e-19,-1.840074439802096e-18,-0.18390054544113904,0.060124791579583434,-7.447256023441304e-10,4.063421806538628e-24,1.5578661819730186e-21,-3.2006447473965098e-21,2.1660827243310157e-06,-7.447256025107999e-10,0.0601247958272741,2.0656148436686485e-24,7.500610757274969e-22,-1.4101141644492488e-21,-1.0530521950578298e-05,-4.9396622827924166e-23,1.3508111430612037e-23,0.002889686748142216,-4.743170010034517e-16,1.0372581383983114e-15,-1.0662089245260977e-26,1.984872423356559e-21,6.585595319685935e-22,-4.743170010033603e-16,0.0007239181989319365,1.5044990904026023e-19,-1.7226008618661801e-25,-2.6821690664200387e-21,-1.0746313279325937e-21,1.0372581383980418e-15,1.5044990903726887e-19,0.0007239181989319363,9.564112784126022e-26,2.166082724331015e-06,-1.0530521950578298e-05,-2.009821400985136e-28,-1.314869738673488e-25,1.300669396325726e-25,0.03539906787513063
1774036443124105605,69,1774036443074928761,center_camera,base_link_12,-0.39725000310477215,0.5252499234602869,-4.490016744621205e-19,0.0,0.0,0.7776650790272316,0.6286787930744678,0.003979536406143953,3.164778547967164e-19,1.9282871715972675e-26,1.1241873640473387e-17,-4.49668602998808e-17,2.3157815810505517e-13,3.164812669167432e-19,0.003979536406143954,7.991007109151152e-27,-1.495066131128978e-17,5.980201222980076e-17,1.7112115926016462e-13,-7.073947378340874e-27,-8.305848383429968e-27,0.004775043894119794,-1.1658400517984476e-13,2.3860080916788574e-13,7.752519972371122e-26,1.1241873624965177e-17,-1.4950661913166175e-17,-1.1658400528572388e-13,0.002388520910328247,2.7463765622605315e-15,1.7222547967027905e-21,-4.496685913044383e-17,5.980201164343913e-17,2.386008089561275e-13,2.7463765653836634e-15,0.0023885209103229276,-6.88979339414294e-21,2.3157815789329693e-13,1.7112115926016462e-13,7.752286067702401e-26,1.7222544645805185e-21,-6.889793241465044e-21,0.0047750439281486305,-0.004214392436986254,-0.002272533946912511,7.391239819977438e-19,1.2411166376190825e-18,2.313540781139745e-19,-0.17485866758354518,0.0595927190528762,-9.295473477006838e-10,-9.414966719509265e-24,-5.4275688605108336e-21,9.958563208605565e-21,2.5570008804094626e-06,-9.295473478087035e-10,0.059592723194258394,-3.0876129432271587e-24,-2.4638385218108832e-21,4.564882606326268e-21,-1.0439048897664785e-05,-1.1085820959969876e-21,2.3244365230581194e-22,0.0031840286820525874,-7.360851755605113e-16,1.5302985970542558e-15,1.3713123630930546e-27,-5.316804009739346e-21,-1.9471143865269182e-21,-7.36085175560536e-16,0.0007975032858167951,2.553901144455124e-19,1.081959581961521e-25,1.058607650970618e-20,4.9709548240316776e-21,1.5302985970539913e-15,2.553901144409955e-19,0.0007975032858167951,-5.13421958598172e-25,2.557000880409463e-06,-1.0439048897664786e-05,8.539536403427823e-28,1.1884448044444672e-25,-4.721396052915854e-25,0.035249686039769836
1774036443190650249,70,1774036443160313129,center_camera,base_link_12,-0.3972499362149757,0.5252499285053812,-6.187975001176976e-19,0.0,0.0,0.7776651553312312,0.6286786986876938,0.0042712177676120225,4.0606472046108296e-19,-2.1420677074429636e-26,-2.954959379396095e-17,-5.909939959711017e-17,2.1616883647278306e-13,4.060646687622947e-19,0.004271217767612022,3.324512694867322e-25,3.4111771893831283e-17,6.822333215640524e-17,1.8400818957023466e-13,2.4669414723421158e-26,-3.580459050375057e-25,0.005125061505699251,-1.3224963580558247e-13,2.282671849824231e-13,-5.597602622524076e-25,-2.954959430539956e-17,3.411177189376123e-17,-1.322496359114616e-13,0.002563529811867221,2.764564186396893e-15,-5.0067074765811585e-21,-5.909940009345398e-17,6.822333212631287e-17,2.282671850883022e-13,2.764564186396994e-15,0.002563529811878446,-2.098130173300418e-21,2.1616883626102482e-13,1.8400818935847643e-13,-5.598708008810131e-25,-5.006707531840703e-21,-2.0981303581382392e-21,0.005125061537785079,-0.004079122304186159,-0.0022824705229280056,3.7124183263286357e-19,-1.1664121271334525e-19,-3.0879255590688667e-18,-0.16592516184892347,0.05926961680276255,-1.1503210892530174e-09,-3.0286557149507373e-24,5.04470999950058e-21,6.3769016431694765e-22,3.0506114382127686e-06,-1.1503210892486722e-09,0.05926962084518176,-3.450633511667269e-24,2.692911775922483e-21,8.518815451168854e-22,-1.0420645195952619e-05,-6.539943832394603e-23,9.916573572963643e-24,0.0034173738094788373,-9.62156912926948e-16,1.6895146439025107e-15,4.669332652895989e-27,5.0447026456581384e-21,2.692878264524667e-21,-9.621569129271595e-16,0.0008558399243849771,3.528737339571292e-19,-3.145443462030898e-25,-4.667226273397274e-22,5.668362784484675e-22,1.6895146439029923e-15,3.5287373395709627e-19,0.0008558399243849768,-2.2810112258009186e-25,3.050611438212771e-06,-1.0420645195952619e-05,-1.8533349758773535e-28,-3.14543594515504e-25,-2.937247487642425e-25,0.03515647311876567
1774036443290833387,71,1774036443228192329,center_camera,base_link_12,-0.3974998986551214,0.5252499453552258,7.658214440949947e-20,0.0,0.0,0.7667447235303981,0.6419521235561834,0.0033959593401801692,7.606153207093542e-20,-3.384339830537182e-27,3.177937572346711e-25,3.717030093729193e-17,1.6426653454659735e-13,7.605703427635466e-20,0.003395959340180171,-3.069297506039105e-25,-3.1980246813375456e-25,-4.1746001481830806e-17,1.4671104551356026e-13,-3.030699829355577e-27,3.513370063803313e-25,0.0040747514136954864,-9.646720222848383e-14,1.6963888643669955e-13,1.9304041232077e-26,-1.8723762347635043e-25,1.7540177425417854e-25,-9.646720217554427e-14,0.0020383748299487117,5.970589620674763e-17,6.037619087865666e-25,3.71703009323527e-17,-4.17460014931113e-17,1.6963888643669955e-13,5.97058962068486e-17,0.002038374829942652,1.1900595121242895e-22,1.6426653454659735e-13,1.4671104551356026e-13,1.938049378388587e-26,6.037533519254237e-25,1.1900600827673741e-22,0.004074751431644135,-0.004003136209970099,-0.0021133905629676904,3.7900442766575163e-19,-2.0067275334247876e-18,-1.0643992776983655e-18,-0.17636308114646537,0.06024297986467503,-1.2542111892720356e-09,-2.5038731061012046e-24,-2.3140109957220515e-21,-7.474070441331982e-21,3.2590994019856945e-06,-1.2542111892217795e-09,0.06024298378506384,-1.3124171974753344e-24,-1.4531914943258323e-21,-4.049826539782678e-21,-1.0279639107215275e-05,4.5034594086223716e-23,-1.1483282407192936e-23,0.0027171671190501694,-4.436177868687195e-16,7.612447224981299e-16,-4.846806779940302e-26,-2.0154783008784397e-21,-1.914609033317892e-21,-4.436177868687451e-16,0.0006807884945697091,1.2418667489001647e-19,-3.2914528633482323e-26,-7.935472884119119e-21,-4.34838297872599e-21,7.612447224981981e-16,1.2418667489000617e-19,0.000680788494569709,1.3489120222925182e-25,3.259099401985693e-06,-1.0279639107215275e-05,3.497812780075475e-29,-1.3062667828636172e-27,9.056671719873872e-26,0.03543628114104472
1774036443357352794,72,1774036443309084654,center_camera,base_link_12,-0.3977498707206521,0.5254998574346005,-1.3115933204589027e-18,0.0,0.0,0.7687927365233291,0.6394980283542483,0.004046615433730002,5.934393788766082e-19,-1.856019680433514e-25,4.272644734613496e-17,1.0992264330373208e-26,2.3146811137278965e-13,5.934393788766082e-19,0.0040466154337300015,-6.770413539692109e-27,-5.387601069259117e-17,-2.3785289377937416e-26,1.8268436601213565e-13,2.2876713365372435e-25,-6.770773772851144e-27,0.004855538730859092,-1.396649202560855e-13,2.4430085650594047e-13,-8.762712762154385e-25,4.2726447329403996e-17,-5.3876010635960067e-17,-1.396649204149042e-13,0.002428768262930695,2.5938284757983723e-15,6.085432129227723e-21,-9.003724926763097e-27,1.607942002860014e-26,2.4430085650594047e-13,2.5938284757983218e-15,0.002428768262935644,2.6190287963901317e-25,2.314681115845479e-13,1.8268436601213565e-13,-8.762052329328984e-25,6.085432132444174e-21,2.619060810810025e-25,0.004855538770496846,-0.0034408291280793096,-0.0018239630501876466,1.270126111762246e-18,-2.1271808804544624e-18,-1.751424898843793e-18,-0.16260832987928175,0.05922763456185857,-1.3839626134950756e-09,-1.0542538651988856e-23,-6.459376030790487e-21,3.193135963125818e-21,3.565415183180303e-06,-1.3839626133672737e-09,0.05922763827533362,-5.563646455951573e-24,-3.486583348175382e-21,1.9966547433463196e-21,-1.0110675284617823e-05,1.7666501736294952e-22,1.0427037777657235e-21,0.0032376918695479397,-8.878045438401403e-16,1.5946917094650921e-15,-3.276687884318788e-26,-5.801186826393186e-21,-3.0278599204568165e-21,-8.878045438397658e-16,0.0008109188368513153,2.9217623560539353e-19,7.242645659435118e-25,3.1931329553701517e-21,1.9966536319890553e-21,1.59469170946508e-15,2.921762356053973e-19,0.0008109188368513149,-3.529988242771463e-26,3.565415183180303e-06,-1.0110675284617825e-05,1.3229655220359484e-27,7.442059729767014e-25,-9.409908159531823e-28,0.035145899063181614
1774036443457814799,73,1774036443393968105,center_camera,base_link_12,-0.3977499510434592,0.5254999411272272,-6.63659267206804e-19,0.0,0.0,0.7687934063478816,0.639497223102666,0.004246171904787987,4.1247190638955386e-19,1.7712789272465594e-25,2.3355847205496587e-17,-2.3356588048572724e-17,1.7905710538716378e-13,4.1247190638955386e-19,0.004246171904787986,-3.874420467170424e-25,-2.8887895952596705e-17,2.8888055023493626e-17,1.4275040860241685e-13,-1.8718558008944137e-25,3.9886041511744426e-25,0.005095006470027251,-1.0397841210147224e-13,1.8563132534925666e-13,-9.529550314644414e-29,2.3355847239039926e-17,-2.8887896489698427e-17,-1.0397841210147224e-13,0.0025485023095720015,2.8151014428672184e-15,6.689312768125502e-21,-2.335658804851994e-17,2.8888055056950727e-17,1.8563132545513578e-13,2.815101440079321e-15,0.0025485023095776884,-6.689584117473328e-21,1.79057105598922e-13,1.427504083906586e-13,6.439326195721899e-29,6.6893127252748685e-21,-6.689584116777328e-21,0.0050950065006613605,-0.003345518575697767,-0.0018516914827943958,-4.505452901383962e-19,-2.8607388760304933e-18,2.917682722904885e-18,-0.15454365475519372,0.059083708900701574,-1.4736017876248744e-09,4.6094170880982605e-24,3.2941665216685994e-21,2.7468332918358167e-21,3.7684085859103575e-06,-1.4736017880124522e-09,0.05908371239977663,2.7607991320981055e-24,1.6317443174127701e-21,1.4843346133217287e-21,-9.887541759727232e-06,9.946858113325192e-22,-1.1733706593281785e-22,0.0033973371278230124,-7.47651822359703e-16,1.3347705889687644e-15,-3.3436955075351203e-26,3.2942010592930487e-21,1.631740236014769e-21,-7.476518223601132e-16,0.0008508308123202137,2.2219979324805564e-19,4.783105159361548e-25,2.7468311627945134e-21,1.4843350211758348e-21,1.3347705889690883e-15,2.2219979325218296e-19,0.000850830812320213,-4.17915820723705e-25,3.768408585910357e-06,-9.88754175972723e-06,-6.852678309520027e-28,4.481651173931637e-25,-4.480810359062498e-25,0.03510064943101281
1774036443524152472,74,1774036443472437382,center_camera,base_link_12,-0.39750001033650717,0.5254999489885972,9.921479066242408e-19,0.0,0.0,0.7687935402512983,0.6394970621260706,0.003925463172420886,3.2782584222275484e-19,-3.366221814608862e-27,-2.007893019454479e-27,2.2617854175104738e-17,1.5666164552956014e-13,3.278286856561105e-19,0.003925463172420886,3.9454137413824046e-27,2.6913352106216573e-27,-2.7034067684155883e-17,1.2901317680659506e-13,-3.1121636838210087e-27,3.9454137293453424e-27,0.004710155997036544,-9.203293503936148e-14,1.6269472737599219e-13,5.362225775790307e-25,-2.0078534566404494e-27,2.691335069186177e-27,-9.203293498642192e-14,0.0023560771164769555,2.916513292084363e-15,3.8781189615755606e-25,2.261785419120982e-17,-2.7034067684155893e-17,1.6269472727011307e-13,2.916513289427328e-15,0.0023560771164769967,4.0256738385759545e-21,1.566616453178019e-13,1.2901317659483682e-13,5.362221835820519e-25,3.8781002092112197e-25,4.0256737199369735e-21,0.004710156021003663,-0.0033389410768648567,-0.0021480481228523802,4.407249100229145e-19,-2.008266370205915e-18,-9.288993539132976e-20,-0.1482520418687719,0.05957782887182253,-1.5309957510846498e-09,-3.1366689038350255e-24,2.6574503386678134e-21,-4.541450832361996e-21,3.899749307471512e-06,-1.5309957512082057e-09,0.05957783217489904,-1.2616784171959114e-24,1.2422747125164407e-21,-2.3139926868666172e-21,-9.66097199336058e-06,-3.13439742846167e-24,-1.2515763338748597e-24,0.0031407701708111723,-5.655782382737384e-16,9.746864037930857e-16,-3.881450526279451e-26,2.6574501367189315e-21,1.242274712513346e-21,-5.655782382737045e-16,0.0007866892366134711,1.5054545283878901e-19,-2.525550481038931e-26,-4.541450676967463e-21,-2.313991797240964e-21,9.746864037929392e-16,1.5054545284201841e-19,0.0007866892366134717,1.1988468448069538e-25,3.899749307471511e-06,-9.66097199336058e-06,-1.0079438519014624e-28,5.941452004062472e-28,9.403859719665443e-26,0.03524103596870899
1774036443590693593,75,1774036443550919294,center_camera,base_link_12,-0.397749889695792,0.5254999464032207,-1.0840480897876173e-18,0.0,0.0,0.7687935153032972,0.6394970921181728,0.003926094933794059,4.2647860740070256e-19,-3.2911957061637784e-25,2.33051073235916e-17,3.495828272924665e-17,1.635566171752622e-13,4.2647871079827913e-19,0.003926094933794058,1.7443893378658498e-25,-2.4472781867052573e-17,-3.6709318850992976e-17,1.4985602357781567e-13,3.954358776212926e-25,-2.1154229460082737e-25,0.004710914120034683,-1.1040962378531104e-13,1.748900638050708e-13,-3.142259540695722e-25,2.3305107306276318e-17,-2.4472782405701276e-17,-1.1040962373237148e-13,0.0023564561059809816,2.8109284189926274e-15,2.5174539717903337e-23,3.495828271178303e-17,-3.670931883686703e-17,1.748900639109499e-13,2.8109284161187e-15,0.0023564561059810194,3.0795206346178135e-21,1.6355661696350397e-13,1.4985602357781567e-13,-3.141797147994863e-25,2.517449635999915e-23,3.0795207628378687e-21,0.004710914148098746,-0.0032036439472358713,-0.001870354185241413,-1.0679152568873065e-18,-1.511743982660654e-18,3.663077445564574e-21,-0.14171876279588227,0.05963574283889542,-1.5885639544864357e-09,6.839165955277102e-24,-2.1490765703522033e-21,-1.0518154327642455e-21,4.079237733560284e-06,-1.5885639545065486e-09,0.0596357459129563,4.560285963651091e-24,-1.3974896357894903e-21,-1.0147717312925271e-21,-9.418498315544368e-06,1.3028108566224264e-21,1.7208449730823774e-21,0.003141275545826091,-7.027937335382211e-16,1.0507706324645273e-15,4.106498784486065e-27,-2.1490458736660747e-21,-1.3974962569377891e-21,-7.027937335381935e-16,0.000786815311321482,1.8685914254181619e-19,-2.3237374046933548e-26,-5.794174222894253e-22,-1.1022528554858205e-21,1.0507706324643977e-15,1.868591425455833e-19,0.0007868153113214817,6.155275278166751e-26,4.079237733560284e-06,-9.418498315544368e-06,1.3712206258608775e-28,-2.3236358353379033e-26,7.745804391634707e-26,0.03525768076817157
1774036443690777167,76,1774036443627900839,center_camera,base_link_12,-0.39750001239517635,0.5254999487409976,-3.029362158445589e-19,0.0,0.0,0.7687935613104926,0.63949703680903,0.0038510765256856948,4.758461939239392e-19,4.282539261925917e-28,3.057550172315008e-17,3.057634836247627e-17,1.561919846067907e-13,4.758493217006304e-19,0.003851076525685694,1.9001101782456616e-27,-3.494246294116033e-17,-3.4943309221748284e-17,1.3551347450931517e-13,6.941236017641739e-28,1.1418673240505518e-26,0.004620892033039917,-9.790765311781558e-14,1.609173682848571e-13,-1.4152946765236435e-25,3.057550172315012e-17,-3.494246295855324e-17,-9.790765311781558e-14,0.0023114450626219698,5.5859249525548e-15,4.061118125200697e-21,3.0576348362476216e-17,-3.4943309795699166e-17,1.6091736839073621e-13,5.5859249525548e-15,0.002311445062622065,4.060470935019687e-21,1.5619198439503247e-13,1.355134746151943e-13,-1.4153315607646696e-25,4.061118122320553e-21,4.060470956425621e-21,0.004620892060090445,-0.0031788299688864665,-0.002160590204790365,-1.0570137828164173e-18,1.4346527742861127e-18,-1.6380224054486176e-18,-0.13569771999546346,0.059778811181593366,-1.6090734259651237e-09,7.549741460013102e-24,-6.560474838799915e-22,4.915259335180928e-22,4.158339967867899e-06,-1.6090734257763148e-09,0.05977881404290399,4.474362244358615e-24,-3.4261618092632906e-22,4.168840686104069e-22,-9.16346947425039e-06,-9.231345179710017e-22,1.768331414409688e-22,0.003081260821397093,-5.789915037259819e-16,9.51604085698176e-16,1.258279910241895e-25,-6.560465401430049e-22,-3.426164506264739e-22,-5.789915037260861e-16,0.0007718116310444664,1.4472554468087096e-19,1.2052139318502148e-25,4.915570391242981e-22,4.16878372143266e-22,9.516040856983777e-16,1.447255446808683e-19,0.000771811631044466,1.1804077278875865e-25,4.158339967867897e-06,-9.16346947425039e-06,7.686348106039996e-29,9.203146127226562e-26,9.21901473783659e-26,0.035299367259320175
1774036443757982532,77,1774036443709035873,center_camera,base_link_12,-0.39725000266184085,0.5254999489499955,2.4925637895252752e-20,0.0,0.0,0.7800388108786267,0.6257311351715352,0.0040587510235815865,5.559441605889803e-19,-2.072357784761277e-25,3.5206486921277225e-17,-3.520683090565052e-17,1.6126975315503532e-13,5.559409552641066e-19,0.004058751023581587,-1.5965439740808704e-25,-3.517770131669308e-17,3.517669594945245e-17,1.5902047092788692e-13,2.1439586191887065e-25,1.8374196977568021e-25,0.00487010142463265,-1.1692605614218736e-13,1.7541679039628793e-13,-9.046926288623169e-29,3.520648693615139e-17,-3.517770133149896e-17,-1.1692605603630824e-13,0.002436049739855819,3.1687308385777615e-17,-1.744370019097318e-21,-3.5206830873212095e-17,3.5176695949410964e-17,1.7541679029040881e-13,3.168730838572713e-17,0.002436049739855797,-3.904326177199368e-21,1.6126975294327708e-13,1.5902047092788692e-13,5.387574030230899e-31,-1.744370017550944e-21,-3.904326175324994e-21,0.004870101455721239,-0.0031339393286045282,-0.0024269105213970466,-1.4610042987361422e-19,1.5056188472940908e-18,-1.0365694917385353e-18,-0.10821175103117192,0.05953987625302292,-1.6453905195423345e-09,-7.289158023491391e-25,-2.6838851666396453e-22,6.671482906864506e-21,4.32408127299715e-06,-1.6453905195372676e-09,0.05953987888094534,1.072087228727126e-24,-5.007903353623897e-22,4.268880301334171e-21,-8.926838762991613e-06,-1.1778790962151452e-21,-8.081922731612033e-22,0.003247400404973952,-7.936458561719168e-16,1.1266686763598052e-15,5.0512500042167147e-26,-8.563854961824874e-22,-9.050400820679173e-22,-7.936458561717229e-16,0.0008133464568483208,2.0786467523522e-19,1.609912467116555e-25,6.5796095489810956e-21,3.7727579596339034e-21,1.126668676359431e-15,2.078646752352211e-19,0.0008133464568483211,-3.8098206234684253e-25,4.32408127299715e-06,-8.926838762991615e-06,1.2990643960541666e-28,1.2900365307810498e-25,-3.6249296384024194e-25,0.03523140751121293
1774036443824122890,78,1774036443785838127,center_camera,base_link_12,-0.39724994489202364,0.5254999553371459,-1.0662660216831193e-18,0.0,0.0,0.7800412997539132,0.6257280325175033,0.0038421120077218674,4.1892236420381894e-19,-3.0051321513780065e-25,-2.6258006000045304e-17,1.3129108819334623e-17,1.305788744344308e-13,4.189255178299043e-19,0.0038421120077218665,1.4893689734400837e-25,2.1640376381450933e-17,-1.0819923631223618e-17,1.5516391149607148e-13,3.5794978069687654e-25,-1.897881900599244e-25,0.004610134607554676,-1.204710495391901e-13,1.5169109716463606e-13,9.684275218725273e-27,-2.625800597333364e-17,2.1640376368095604e-17,-1.2047104975094835e-13,0.002306066380954785,-2.7978745214496445e-15,-6.357495341512588e-22,1.3129108819260897e-17,-1.0819923601016179e-17,1.5169109716463606e-13,-2.7978745200598357e-15,0.0023060663809547255,1.4411084561721728e-21,1.3057887422267256e-13,1.5516391170782972e-13,9.670501951657297e-27,-6.357494102355287e-22,1.4411084559865585e-21,0.0046101346327856825,-0.0030603269299676996,-0.0024071269329263663,1.2082075767910033e-18,6.622844107780647e-19,4.5438661923576375e-19,-0.10377714444079791,0.05986407844266986,-1.680841497187927e-09,-5.627392263487665e-24,4.971134975967145e-21,-3.9974068076073285e-21,4.490188858507649e-06,-1.6808414971595017e-09,0.059864080858943465,-4.7790408923890856e-24,3.694448710631687e-21,-2.9461986183388177e-21,-8.711437172677525e-06,2.177625469103319e-21,1.3846600018562424e-21,0.0030740892218617507,-7.091513793911734e-16,8.929332872158843e-16,-1.9326759162424484e-25,4.3266938854743135e-21,2.901245797991595e-21,-7.091513793912427e-16,0.0007700188475677594,1.7336369027242769e-19,-7.363769046850174e-26,-3.551238799571207e-21,-3.045334118068276e-21,8.929332872159482e-16,1.733636902707708e-19,0.0007700188475677592,1.2008307830104447e-25,4.490188858507649e-06,-8.711437172677525e-06,9.62495857557641e-28,-1.415414803683485e-25,1.0878742910770386e-25,0.03532495669320504
1774036443924667562,79,1774036443864960909,center_camera,base_link_12,-0.39749988389097596,0.5254999511024435,1.4395837269142838e-18,0.0,0.0,0.7687960796782477,0.639494009253689,0.0039581383784369414,5.449323703831564e-19,5.504794837231215e-25,2.5317704988973245e-17,-1.310204695975877e-26,1.4700448758440054e-13,5.449356274068183e-19,0.003958138378436942,2.0168964229623421e-28,-2.0540156150994884e-17,-1.126006441141935e-27,1.7475877867456494e-13,-6.012694846846451e-25,4.531203141296604e-28,0.004749366254661516,-1.2613473047056654e-13,1.612613358710011e-13,1.8396384430249295e-24,2.531770495340684e-17,-2.0540156700567045e-17,-1.261347305235061e-13,0.0023756821525391554,5.4633217330525536e-17,5.984709565570084e-22,1.5361364938708367e-27,-1.1260688277304382e-27,1.612613358710011e-13,5.4633215862411215e-17,0.0023756821525336394,-6.328739275677404e-25,1.4700448758440054e-13,1.7475877867456494e-13,1.8395184180444252e-24,5.984709066691526e-22,-6.3287392849844405e-25,0.0047493662844540225,-0.0028913992999825043,-0.0020834280039984335,-1.3089967769486452e-18,1.4749892152843758e-18,-2.7099577812205556e-19,-0.11959928060086908,0.059736705717122106,-1.703377852126096e-09,8.4552552432661e-24,-4.079091652052458e-21,1.0841160122260389e-21,4.652113237907052e-06,-1.703377852175713e-09,0.05973670790769885,7.194967766108519e-24,-3.0979260999966843e-21,7.184196374176945e-22,-8.482755239663466e-06,8.431711981486529e-24,7.147680730005368e-24,0.0031669102905993703,-8.1225288282454695e-16,1.0073815483335392e-15,-5.4190583496757645e-27,-4.0790599754543366e-21,-3.097935325549213e-21,-8.122528828245564e-16,0.0007932239201512046,1.9992417345040209e-19,5.372660764413656e-26,9.766255507393493e-22,2.3470876242305735e-22,1.0073815483332627e-15,1.9992417345237369e-19,0.0007932239201512047,4.1020375435470954e-27,4.652113237907052e-06,-8.482755239663468e-06,5.0299232372430305e-28,5.372462329862645e-26,2.654626065629721e-28,0.03528992795859245
1774036443990721004,80,1774036443946995497,center_camera,base_link_12,-0.39725000486589684,0.5254999548025213,1.116012540374061e-18,0.0,0.0,0.7800389669413713,0.625730940623075,0.004103728707206877,5.745487708843991e-19,1.7653893155735995e-25,3.549266427498109e-25,1.4427259123293454e-26,1.4315041228846117e-13,5.745518728116962e-19,0.004103728707206879,-1.6222641032223062e-25,1.7510364432443237e-27,3.5593095467991866e-25,1.4919273642901806e-13,-1.964313874399086e-25,1.961372944857731e-25,0.004924074640121706,-1.1404930863661368e-13,1.534047460373687e-13,-9.691636789764492e-25,-1.9502800465613081e-25,1.780721109926882e-27,-1.1404930863661368e-13,0.0024630363738425394,2.7486123164448357e-17,-1.2694303688677244e-24,-1.2437031816530449e-28,-1.9403129275779492e-25,1.5340474624912694e-13,2.748612031424973e-17,0.002463036373842521,-1.2279834287141312e-25,1.4315041228846117e-13,1.4919273642901806e-13,-9.691237148519237e-25,-1.2694727330350504e-24,-1.2277628109733283e-25,0.004924074670208635,-0.0028504740936185877,-0.0023373515260858226,-2.8427476463149625e-19,1.9050812148973675e-18,2.5828735420994652e-18,-0.09326025395064697,0.05959315349792341,-1.6997024501676925e-09,1.4669322495100074e-24,1.857874193718867e-21,3.6550726555167276e-24,4.731079171365851e-06,-1.6997024499473946e-09,0.05959315548398297,3.737630570186209e-25,1.6743419906795327e-21,6.231993696357117e-24,-8.251481731899755e-06,-9.760007921971008e-22,1.8137988535240444e-22,0.003283382563264008,-7.659049907102609e-16,1.0301985824579524e-15,5.796653009797183e-26,1.8578680493253897e-21,1.6743082857427776e-21,-7.659049907101206e-16,0.000822342094449975,1.843541186414288e-19,4.9733121636619385e-28,9.411763823925956e-23,4.944800760627781e-22,1.0301985824580925e-15,1.8435411864546937e-19,0.0008223420944499749,-1.3498594382199185e-26,4.731079171365851e-06,-8.251481731899754e-06,4.481705130214014e-28,5.035934705189127e-28,1.0691191537252556e-27,0.03524939746836849
1774036444057305551,81,1774036444021374702,center_camera,base_link_12,-0.39749989377124,0.525749904735785,1.5949147017973123e-18,0.0,0.0,0.7776661266323482,0.6286774972023736,0.003720959610186543,4.142415042137462e-19,3.549968196700201e-25,-1.2186709654882897e-17,-3.65615301542444e-17,1.1799497572272203e-13,4.142414525149579e-19,0.0037209596101865448,-1.8367089442758373e-25,9.502822712196534e-18,2.851095414644105e-17,1.4950489559865205e-13,-3.828381974963627e-25,1.9178685246503814e-25,0.004464751733138436,-1.1050066823337741e-13,1.3198076319592672e-13,2.4286656793019018e-29,-1.2186709107921978e-17,9.502822177969653e-18,-1.1050066828631697e-13,0.002233374953830115,2.866791429409954e-15,-1.6506262322479617e-21,-3.656153017086275e-17,2.8510954146400985e-17,1.3198076298416849e-13,2.8667914294100045e-15,0.00223337495383039,7.358577260505202e-22,1.1799497593448027e-13,1.4950489538689382e-13,-1.2703783703562814e-31,-1.6506263032889506e-21,7.358577245241816e-22,0.004464751756354058,-0.0024764958129256448,-0.002119007624730814,-1.1084693781592426e-18,1.1217315822446452e-18,8.541458789843351e-19,-0.0935829502580285,0.06009231142966424,-1.6971391903990866e-09,4.835810248231001e-24,7.480189739711806e-22,2.238253430291847e-21,4.806810056711346e-06,-1.697139190193929e-09,0.06009231323609574,5.397353407810952e-24,6.146047522655084e-22,1.848641795812606e-21,-8.034701128935849e-06,1.0830391844681558e-21,6.684685550204688e-22,0.002977167311463591,-6.100798384831915e-16,7.286755608396606e-16,-5.958043674304883e-26,6.5257242893417415e-22,1.8491693357885474e-22,-6.100798384831929e-16,0.0007457884081139977,1.311767029567583e-19,-7.279914689068042e-26,2.238253254580309e-21,1.8486411923584747e-21,7.286755608397977e-16,1.311767029567878e-19,0.0007457884081139977,-1.0211760465867936e-25,4.806810056711346e-06,-8.034701128935847e-06,-6.466003146369944e-28,-9.226553142926731e-26,-1.0212065891302862e-25,0.035393553217486814
1774036444157390934,82,1774036444097470522,center_camera,base_link_12,-0.3972500110777554,0.5257499625109435,-1.5356571987948949e-18,0.0,0.0,0.7776656087260625,0.6286781378453705,0.0038067902384912294,5.906488592307664e-19,-1.37579879824914e-26,-4.049205047417085e-17,3.8300680467941234e-25,1.1509650468078747e-13,5.9065555422384925e-19,0.0038067902384912276,-1.2292183787741899e-26,3.0693292579551024e-17,-1.9026901163269198e-25,1.4942752475051365e-13,5.790094674808036e-28,1.2966240627382056e-26,0.004567748496667905,-1.1705506900093308e-13,1.2956564965245826e-13,-2.090290816781469e-30,-4.0492050455838276e-17,3.069329257955309e-17,-1.1705506889505396e-13,0.0022848732418187918,-2.666032355037425e-15,2.821238362177964e-21,-1.9963292426466308e-25,1.0301220908317093e-25,1.2956564970539782e-13,-2.666032353521449e-15,0.0022848732418135707,5.434699898111531e-29,1.1509650468078747e-13,1.4942752475051365e-13,-8.077143781890677e-31,2.8212383631930644e-21,-9.283599023778466e-29,0.004567748526161314,-0.0024630790606180292,-0.002367859125098707,7.319156658772817e-19,-1.1245582586168736e-18,-2.5295567038061835e-19,-0.089475204913098,0.05997127790471847,-1.6563108322540296e-09,-1.7960753616278462e-24,2.3687007687718593e-21,-2.5159969785636316e-21,4.825664537499044e-06,-1.6563108320563696e-09,0.05997127949719771,-2.794224541185949e-24,1.9393549003539638e-21,-2.1571246720072865e-21,-7.717650750875833e-06,-1.6618037786186457e-22,-9.177004232068941e-22,0.0030458317678289026,-6.541752056187691e-16,7.485861395557855e-16,-3.408505359880896e-27,2.3687009895661225e-21,1.9393559812600894e-21,-6.541752056188314e-16,0.0007629541715781403,1.25103142667334e-19,6.375704689965266e-26,-2.412303696563937e-21,-1.6731504342486822e-21,7.485861395557628e-16,1.251031426653665e-19,0.0007629541715781405,-1.741784584921618e-26,4.825664537499044e-06,-7.717650750875833e-06,-7.498167561884131e-29,7.021637651749099e-26,-1.8878026517940097e-28,0.035361613781089
1774036444224158105,83,1774036444182888746,center_camera,base_link_12,-0.3972499412904001,0.5255000192702312,-8.890767428031248e-19,0.0,0.0,0.7754371311040688,0.6314247823019709,0.004272910512573864,6.339966646955425e-19,3.5313243350612755e-25,1.2719852757544326e-17,-3.8157654429488395e-17,1.1935045512552142e-13,6.33999844171022e-19,0.004272910512573866,1.2713445559067551e-26,-8.547209598975927e-18,2.5641761126105216e-17,1.7400646116323085e-13,-3.689131367071713e-25,-2.7027842321952764e-27,0.005127092803497355,-1.3887594914096445e-13,1.454773485903897e-13,6.038235750994386e-29,1.271985332674357e-17,-8.547209614779805e-18,-1.3887594924684356e-13,0.0025645454179065697,5.070324054708137e-17,-1.4715666068006033e-22,-3.8157654445213653e-17,2.564176112610863e-17,1.454773484845106e-13,5.0703242028877697e-17,0.0025645454179010923,2.379244739544603e-21,1.1935045523140054e-13,1.7400646095147262e-13,2.7298242112287414e-30,-1.4715662751107156e-22,2.3792448061866456e-21,0.005127092838615849,-0.0026625968725326058,-0.0022184585528885977,-5.5509669157070785e-19,2.3865655201133188e-18,-4.858625267076088e-19,-0.08911901925819359,0.059332842689098705,-1.6409355523816471e-09,1.885601139926191e-24,-4.241497936277038e-21,3.087844422350404e-21,4.9773924713590855e-06,-1.6409355521324273e-09,0.05933284404254896,1.7223061545007067e-24,-3.805330340023984e-21,2.9854209900629148e-21,-7.440330999015839e-06,-1.0293503534073183e-21,2.90988709040016e-22,0.0034187279840837536,-1.0110665418118132e-15,1.0309342989220371e-15,3.6916381231512174e-26,-4.763596707500243e-21,-3.693412060048622e-21,-1.0110665418123272e-15,0.0008561783085831216,2.1651533273170728e-19,8.918883323863442e-26,3.1997236864908613e-21,3.507528134921413e-21,1.030934298921794e-15,2.165153327293411e-19,0.0008561783085831214,-1.212175522243211e-25,4.9773924713590855e-06,-7.440330999015839e-06,-2.2857532451803554e-29,6.961195580108008e-26,-1.1612629323667242e-25,0.03517879427585847
1774036444290690937,84,1774036444252985477,center_camera,base_link_12,-0.397249956873954,0.5252500214903927,1.4739384442218658e-18,0.0,0.0,0.7776652979823235,0.6286785222306103,0.0035068359034019997,3.3361719218518e-19,-1.7852324815644157e-25,2.228747220468201e-17,3.3430348427824554e-17,1.0653472815483036e-13,3.336156670709256e-19,0.0035068359034019997,3.0757908236696166e-27,-1.7631514389798548e-17,-2.6448634686733775e-17,1.331587430329807e-13,1.9319326402868873e-25,2.7058859062595256e-27,0.004207803286180748,-9.448072261407248e-14,1.0721209246181574e-13,9.439073308438324e-25,2.228747222081254e-17,-1.763151490507129e-17,-9.44807224552538e-14,0.0021049007664356214,1.7838955746544533e-17,-2.564131409179536e-21,3.343034842779126e-17,-2.6448634675178744e-17,1.0721209246181574e-13,1.7838954426256435e-17,0.002104900766435617,6.000306948531478e-22,1.0653472826070948e-13,1.3315874282122248e-13,9.439385668851311e-25,-2.5641314444545558e-21,6.000306952052436e-22,0.0042078033052641,-0.0028507981451240273,-0.002157974100145078,-4.805555690951588e-19,-6.133318961086738e-19,2.0919757176816214e-18,-0.08291869354580997,0.06021859294642723,-1.6207687781259937e-09,3.393313761301562e-24,-5.0356055415299565e-22,-3.8496476672393094e-21,4.98143252212504e-06,-1.6207687780744004e-09,0.06021859417644938,3.469024754187661e-24,-3.1669624356069486e-22,-3.574056420343401e-21,-7.264373621552674e-06,1.3547249602354748e-23,5.254485870742947e-23,0.0028058683673888984,-4.63337519243846e-16,5.458909412075391e-16,-7.16530215479084e-28,-5.035389893491938e-22,-3.1670000520255153e-22,-4.633375192440511e-16,0.0007029638076380792,8.738050057350185e-20,-5.88710893024052e-26,-3.457538544116266e-21,-3.655184134937185e-21,5.458909412077017e-16,8.73805005747716e-20,0.0007029638076380787,-1.7399073203667052e-26,4.98143252212504e-06,-7.264373621552675e-06,-3.0278073822351457e-29,-7.179247371657321e-26,4.233025629850336e-27,0.03543271112037513
1774036444390615851,85,1774036444338801146,center_camera,base_link_12,-0.39724993911138146,0.5257498225964834,-6.385138644805443e-19,0.0,0.0,0.7776655873918705,0.6286781642354513,0.00429278264897324,8.451377472239706e-19,2.0257916416889218e-25,-3.372998109069883e-17,-1.1243221060772737e-17,1.555117250353125e-13,8.451342834051556e-19,0.004292782648973242,-2.0237039029647902e-25,2.8856174747723405e-17,9.618742548466196e-18,1.7969330611637409e-13,-2.125145840215274e-25,2.1276296503144216e-25,0.005150939373631175,-1.344948559803532e-13,1.7840393901153643e-13,1.7095053658173483e-25,-3.372998045785006e-17,2.8856174730533934e-17,-1.3449485608623232e-13,0.00257646861891828,-2.593400535131114e-15,-5.362286746364153e-22,-1.1243221058711502e-17,9.618742548415729e-18,1.7840393901153643e-13,-2.593400533522696e-15,0.0025764686189182267,-7.328036981821502e-22,1.555117251411916e-13,1.7969330590461585e-13,1.709581217039207e-25,-5.36228631020026e-22,-7.328037329292411e-22,0.0051509394152589455,-0.0020075881611583933,-0.002202411258103778,1.308068896438607e-18,1.1304215899184658e-18,-6.087297082674796e-19,-0.07807500447369382,0.05899271359122907,-1.5937452395903226e-09,-8.581554004101814e-24,5.5692373184432105e-21,4.027901122166685e-21,5.032506523693832e-06,-1.593745239652226e-09,0.058992714688352356,-5.44706877130067e-24,4.228006795821884e-21,3.0910932081717342e-21,-7.147734263763474e-06,-8.630669389732892e-24,-5.4788364268417976e-24,0.003434625650323223,-1.0154242559400771e-15,1.3107143863349011e-15,3.8975937249452486e-26,4.882279492729999e-21,3.783539463565484e-21,-1.0154242559400858e-15,0.0008601524110468717,2.526233233619233e-19,-2.6113621389924563e-26,4.1491281599738316e-21,3.656835174515064e-21,1.31071438633472e-15,2.5262332335910445e-19,0.0008601524110468717,-3.722684087110882e-26,5.032506523693831e-06,-7.147734263763474e-06,5.770142662083889e-28,-4.946758334646082e-26,-4.7432957854460637e-26,0.035079775845730354
1774036444457425628,86,1774036444419841290,center_camera,base_link_12,-0.3972499542251639,0.525500026563234,-2.6552717599434253e-19,0.0,0.0,0.7754372121089874,0.6314246828218242,0.004054006559218094,4.034937655690857e-19,9.498000598870075e-29,-2.466610318920232e-17,3.420409250373008e-25,8.139705439939073e-14,4.034966348518355e-19,0.004054006559218094,-1.5831206984302068e-25,1.4340723208145288e-17,-6.844015259306981e-27,1.3699810070794507e-13,1.2224553162834006e-28,1.8020528295941737e-25,0.004864408055734167,-1.0806733824052662e-13,9.701771916939271e-14,-3.8623543806480536e-29,-2.466610320249958e-17,1.4340723224081128e-17,-1.080673381346475e-13,0.002433203155262712,2.907302353955833e-15,3.491186076069125e-21,-1.8026561445997017e-25,-2.2170202059728855e-28,9.701771922233227e-14,2.9073023513274242e-15,0.002433203155268571,6.023300171806173e-29,8.139705429351162e-14,1.3699810070794507e-13,3.2845802196046025e-30,3.491186073571255e-21,-7.766945836257982e-29,0.0048644080806779675,-0.0022176949395942866,-0.0021023099556933406,-2.9686071453857843e-19,7.561221480680372e-19,-1.415062716272846e-18,-0.07846949876590648,0.059415477326221516,-1.5539819418801048e-09,1.0230805387865023e-24,-1.732756868072476e-21,-1.074935874489403e-21,5.070377917649629e-06,-1.553981941800665e-09,0.05941547824343518,7.9855695577678035e-25,-8.942749980281896e-22,-7.158233632312016e-22,-6.856882797597744e-06,-4.406414320226141e-22,9.544025786428356e-23,0.0032436048817294743,-7.083671055672393e-16,6.35933059625798e-16,-1.2739592158715052e-25,-1.6382016099361649e-21,-4.530088961494489e-22,-7.083671055671662e-16,0.0008123979496921324,1.1695595178919734e-19,6.455328331173291e-26,-7.597527597501917e-22,-3.2186331433308653e-22,6.359330596257171e-16,1.1695595179255528e-19,0.0008123979496921325,-1.4290338917301702e-26,5.070377917649629e-06,-6.856882797597743e-06,2.5848533625315464e-28,8.854025190879731e-26,4.887692876289861e-28,0.035197917079722675
1774036444524053569,87,1774036444495002747,center_camera,base_link_12,-0.39749989877464037,0.5252500269017257,1.2842282057741475e-18,0.0,0.0,0.7776652827380685,0.6286785410875101,0.003760072171414798,4.1309205920442135e-19,-1.674793345505357e-27,-4.197777384865276e-17,-1.049420525321084e-17,8.752256892795014e-14,4.131013132875243e-19,0.0037600721714147953,1.475285189763119e-27,2.9072102499531214e-17,7.268052030098674e-18,1.2937191812964683e-13,-1.8908240452126967e-27,1.3470868501702375e-27,0.004511686807151432,-9.709081064826291e-14,1.0492064207581682e-13,7.316087454371921e-25,-4.197777329140592e-17,2.907210221246467e-17,-9.709081059532335e-14,0.0022568424796263298,2.826113018223834e-15,-1.37495868036851e-21,-1.0494205253210803e-17,7.268052036627417e-18,1.0492064218169594e-13,2.826113016832258e-15,0.0022568424796320114,-3.4329208556227945e-22,8.752256882207102e-14,1.293719179178886e-13,7.316087118921006e-25,-1.3749586732525496e-21,-3.432920855625486e-22,0.004511686831385349,-0.0023649256416285714,-0.0017500613739152727,-3.5312554381579707e-19,1.5712686316952426e-18,1.7184355529175804e-18,-0.07168996068534825,0.059837956815722314,-1.5078986499618303e-09,8.128024649423619e-25,1.0437569633357452e-21,5.875708019756057e-22,5.044935975656773e-06,-1.507898650124218e-09,0.0598379576053501,6.69998802975504e-25,9.301679123168309e-22,5.5892029234965055e-22,-6.627771434702511e-06,8.01330172417316e-25,6.620197702853416e-25,0.003008457354475826,-5.6990576973123e-16,5.915086539241423e-16,8.480772598631935e-28,1.0437773403344959e-21,9.30192925764123e-22,-5.699057697312361e-16,0.000753610876959212,9.613050339082304e-20,-1.1670837557316256e-26,8.069499079238968e-22,5.135308091478411e-22,5.91508653924177e-16,9.613050339243737e-20,0.0007536108769592124,1.1759534195608203e-26,5.044935975656772e-06,-6.627771434702512e-06,3.674444887185525e-30,1.2543908250861574e-27,2.536718945364206e-28,0.035318354746097985
1774036444624032979,88,1774036444575835466,center_camera,base_link_12,-0.3974999558490988,0.5254999013022351,1.4136003874451453e-18,0.0,0.0,0.775437253377863,0.6314246321405239,0.004043635269819834,5.511991424026464e-19,1.8646066016285195e-25,-9.240927592192312e-18,2.772447716675878e-17,1.1722707598153201e-13,5.511990907038581e-19,0.004043635269819834,-1.7440719138337515e-25,8.079356454112742e-18,-2.4238915981978478e-17,1.329272793158031e-13,-2.056910396688943e-25,1.9267782066594536e-25,0.0048519625234293515,-9.820478354068512e-14,1.3379493883881202e-13,-1.4413252003252515e-24,-9.240928185801246e-18,8.079356451200458e-18,-9.8204783434806e-14,0.0024269802656294915,1.90688671232025e-17,1.4640701935834216e-21,2.772447720000995e-17,-2.423891600008931e-17,1.3379493894469114e-13,1.9068867123227744e-17,0.002426980265629734,1.4110043598775209e-21,1.1722707598153201e-13,1.3292727942168221e-13,-1.4413228086622053e-24,1.4640701596799991e-21,1.4110043597613465e-21,0.00485196255578784,-0.0019603620753335044,-0.0017652797531309812,3.2307625612983695e-19,2.840419746868657e-19,-3.343792196135923e-20,-0.07245932576984845,0.059482077883406564,-1.441323142284913e-09,-1.0492286403834367e-24,-1.9923684645587436e-21,-3.3358322095363165e-21,4.937533660165814e-06,-1.4413231427918629e-09,0.059482078583925645,-1.6113575480814802e-24,-2.112028467281333e-21,-2.688316727358277e-21,-6.437406105641902e-06,3.0394199054022697e-23,-8.382124037124567e-24,0.0032353077910305806,-6.402430558608592e-16,8.471839441676465e-16,-1.6167208231163814e-28,-1.3816250461971067e-21,-1.716868616416393e-21,-6.402430558607803e-16,0.0008103232155763422,1.2415746368047747e-19,6.03929777404653e-26,-3.443607837910449e-21,-3.191289156754456e-21,8.471839441673743e-16,1.2415746368047773e-19,0.0008103232155763423,6.344845687298966e-26,4.937533660165814e-06,-6.437406105641902e-06,6.694468134806827e-29,6.110551851074913e-26,6.526227648423277e-26,0.03521594750671952
1774036444690703786,89,1774036444647493124,center_camera,base_link_12,-0.39725002113405505,0.5257499168475808,1.7125238998460195e-19,0.0,0.0,0.7776653219483376,0.6286784925850323,0.0035848821929469537,3.963291794675489e-19,2.7351239828899013e-28,3.38088725627077e-17,3.380863478015904e-17,7.709262597907723e-14,3.963307433558945e-19,0.003584882192946952,9.205895280120207e-26,-2.4706715625082465e-17,-2.470635862224716e-17,1.0594584289781191e-13,1.6121044822973606e-28,-1.0389259357831465e-25,0.004301458839261695,-8.507043332136265e-14,8.462518589983633e-14,-2.141031560902618e-25,3.380887255022696e-17,-2.470671589664573e-17,-8.507043321548353e-14,0.002151728493316139,-5.632661162599168e-15,1.8120436437296178e-21,3.380863423705682e-17,-2.470635862447946e-17,8.462518589983633e-14,-5.632661163296723e-15,0.0021517284933160784,1.812037179498727e-21,7.709262597907723e-14,1.0594584300369103e-13,-2.1414038235911787e-25,1.8120436294037252e-21,1.8120371239454777e-21,0.004301458861476933,-0.001718674479741484,-0.002044686497354436,4.6681256168698563e-20,-1.916027913250155e-18,-1.7057354177114622e-18,-0.06630684430167355,0.060065708507476924,-1.381139035059023e-09,-2.1684473266384995e-25,-2.5215253400567596e-21,8.040209103493199e-23,4.844797809385621e-06,-1.38113903506017e-09,0.06006570911152511,-6.841206316183513e-25,-2.1830214639877208e-21,1.6192829963813688e-23,-6.200281255761195e-06,-2.0752482742693286e-25,-6.761387803724563e-25,0.0028683053748753953,-4.1546571517355227e-16,4.540952139826853e-16,1.0266053799419326e-28,-2.4342016526417746e-21,-1.7610307058121572e-21,-4.1546571517370097e-16,0.0007185728737662047,5.888678131503465e-20,1.41401779317634e-25,2.913939929581518e-22,-2.7487375694467466e-23,4.540952139828381e-16,5.888678131577358e-20,0.0007185728737662049,1.5235603101412696e-25,4.844797809385621e-06,-6.200281255761195e-06,1.0345229826660225e-28,1.6305447010682907e-25,1.6300348553990184e-25,0.035383134738123136
1774036444924020964,90,1774036444888923645,center_camera,base_link_12,-0.4062487259639277,0.44976015165307615,-1.5822580107072774e-18,-1.8508146146661433e-16,-1.2267297663990792e-16,0.5524699718839189,0.8335328008942311,0.012073525646602858,7.799300500510133e-18,9.673161759677941e-25,1.1912005989632395e-16,1.8942420861013985e-25,1.0942232879943632e-13,7.799315182966006e-18,0.012073525646602874,-3.9872305405291734e-25,-6.288966665831127e-17,7.885349867123934e-25,1.9273165462730638e-13,-5.112183889737716e-25,2.232483810520172e-25,0.014487830563472241,-3.8554183386750444e-13,3.0923310003517785e-13,-6.709275069195146e-25,1.1912005865939865e-16,-6.288966670550751e-17,-3.8554183386750444e-13,0.007244914237388784,2.868464276852505e-15,2.600419192943296e-21,-3.181655096199406e-26,-2.263744850410821e-25,3.092330996116614e-13,2.868464273706452e-15,0.007244914237382886,1.049823275207925e-24,1.0942232879943632e-13,1.9273165462730638e-13,-6.70914975614738e-25,2.6004191237771555e-21,1.0497035261014716e-24,0.01448783078940858,-0.16298706126457582,0.05387169764229686,6.249122013210033e-19,-1.614739374325463e-18,-1.0093808271559573e-18,-0.8653180469592266,0.041149536005567824,-3.013553371148291e-09,-1.7484291109788433e-23,-3.5914690721726087e-20,7.696973559678738e-21,8.687303285697327e-06,-3.01355337322225e-09,0.04114953549155334,-2.3607646339654834e-23,-4.4355161072135435e-20,7.699350476273613e-21,-7.930135097902012e-06,5.789718541792026e-22,2.7609170925564085e-21,0.009659219754454077,-2.2201804151502317e-14,1.7982804503460092e-14,1.0364495627440998e-25,-3.644464511285719e-20,-4.230247346099585e-20,-2.220180415150272e-14,0.002416300962011667,9.812551148734295e-18,2.2282016844292502e-24,8.094757500984028e-21,9.553675813281686e-21,1.798280450346356e-14,9.812551148776839e-18,0.0024163009620116705,1.563067139241334e-25,8.687303285697327e-06,-7.930135097902012e-06,5.673672592583898e-28,1.9607247945567715e-24,-2.0959499280237704e-27,0.028746419274268638
1774036445024091714,91,1774036444959211826,center_camera,base_link_12,-0.41225038046649204,0.40550305563865563,7.755307384233615e-19,3.6715479233295885e-15,1.5792938857032517e-15,0.3951392975089815,0.918621214410003,0.0035164088210276213,1.4295226820045057e-16,-5.232816370146251e-26,2.5902184079058346e-15,-2.9799689847358166e-23,2.2248169289935255e-12,1.4295247995868739e-16,0.003516408821027689,-3.464883836606494e-25,2.9578860769368546e-15,3.075912543756549e-23,-1.9469616890921415e-12,-1.184279647626922e-24,-9.935356510905852e-26,0.004219290671244706,6.451785381444107e-13,2.4420512676924175e-12,9.992248502221105e-27,2.5902184093892367e-15,2.9578860294702696e-15,6.451785381444107e-13,0.002110645026655174,-7.907811904666302e-15,-5.0139543188226797e-20,1.7666476743374113e-23,-1.8192920640525697e-23,2.4420512947974718e-12,-7.907811897218446e-15,0.00211064502663774,-3.0553237479912634e-25,2.224816874783417e-12,-1.9469616890921415e-12,-3.7764480296993226e-29,-5.01393987260432e-20,-9.865660877118014e-28,0.004219290673223882,-0.17532834607982825,0.05060614953887851,2.4569246002397078e-20,-1.8443901529685526e-18,-5.786151209036575e-19,-0.9065009928214454,0.044395403373815034,-4.480968254304868e-09,-1.2298521241136341e-23,1.796814728951725e-20,9.601019431558999e-23,6.775115035811531e-06,-4.480968254479332e-09,0.04439540643306246,2.821920474757101e-23,-1.0260763226741823e-22,3.2085936632631514e-22,-1.3558073628556246e-05,2.1296403756328818e-20,-5.047504728525817e-20,0.002813526940633606,3.185349043544694e-15,1.2056462975866354e-14,-3.215839453325971e-22,1.7968640072036028e-20,-1.0241904852289668e-22,3.1853490435487395e-15,0.0007048805701312714,-3.756058376020949e-17,4.5471382913810775e-24,9.629849327612588e-23,3.215382852205964e-22,1.2056462975877566e-14,-3.7560583760207115e-17,0.0007048805701311395,-3.0525588458920775e-25,6.775115035811523e-06,-1.3558073628556248e-05,7.401569582370756e-26,4.5442584676701954e-24,-9.72089691783221e-26,0.029872382487921983
1774036445090817539,92,1774036445039772511,center_camera,base_link_12,-0.41525295197744605,0.3795054822411339,4.645064655466094e-19,3.637768151371816e-15,1.0076919060007407e-15,0.266955346609953,0.9637088994693158,0.004030033423793955,-3.055987459327892e-15,6.629020255539214e-24,-2.1448847067921626e-16,-6.566504164082225e-22,5.703605590481973e-12,-3.055987459327892e-15,0.004030033423797794,1.1195592403089887e-23,1.2734225381540409e-15,-3.8114228629956245e-22,-9.666717994377249e-12,6.733441795133734e-24,-1.887166712337211e-24,0.004835640341452238,2.1850264060255123e-12,1.034036438830703e-11,1.490482964490487e-25,-2.1448844978224273e-16,1.2734225580441448e-15,2.185026408566611e-12,0.002418819113178553,-3.455869325362222e-14,-1.0726219317534329e-20,-6.765223653470426e-22,-4.0102677497133193e-22,1.0340364381530767e-11,-3.455869325362505e-14,0.002418819113039941,1.6957808640412773e-26,5.7036056040345e-12,-9.666718001153513e-12,2.309475035594632e-25,-1.0726255166526444e-20,5.611264369432446e-26,0.004835640372520982,-0.18781694706037794,0.029937689574757464,-8.405060158490994e-19,2.4830892791576994e-18,1.9805261545212552e-18,-1.0152078214152387,0.04554171886518033,2.7049098021333934e-09,1.9002817790980355e-21,-1.7755943363476125e-20,-1.5576500230557464e-19,-3.201560168353213e-06,2.704909802120051e-09,0.04554178343047925,-1.6207735899200867e-21,1.0503592030545898e-19,4.5453659986581415e-20,-4.459230251931192e-05,-1.505427672042372e-20,-1.996951171659323e-20,0.0032244262977864048,1.4123592688879807e-14,6.695069271031806e-14,-2.0030130690932172e-22,5.086648012182657e-22,8.575273018874231e-20,1.4123592688879832e-14,0.0008076025849018179,-2.0518510777727017e-16,6.93784458846303e-22,-1.4612187128465515e-19,5.458648716733756e-20,6.695069271032969e-14,-2.0518510777726785e-16,0.0008076025849008881,7.13233024822795e-23,-3.201560168353181e-06,-4.4592302519311924e-05,1.6122217168049777e-24,8.092075658876501e-22,-3.242527625535538e-23,0.030171300393991126
1774036445190737545,93,1774036445126857519,center_camera,base_link_12,-0.41825309042980024,0.35525467458287285,1.1040867649434687e-18,2.512963679688027e-16,-4.898684287100624e-15,0.14143784119087918,0.9899471385277416,0.004356249747486555,-2.3380227455982417e-15,-1.2895476860098884e-24,8.373273007399615e-16,-5.861181080218447e-15,4.118757594641538e-12,-2.3380226397191233e-15,0.004356249747491608,-4.98843453324988e-24,3.370604074495911e-16,-5.997430300785462e-15,-1.0221099371065558e-11,-2.6059013185579098e-25,6.5838536476988876e-24,0.005227099897051777,7.260448329110851e-13,1.0363938982189957e-11,9.97063748282994e-26,8.373272997722813e-16,3.37060406959618e-16,7.260448320640521e-13,0.0026145490286579327,-1.4489056283145317e-14,9.152599231794685e-22,-5.861181079269154e-15,-5.9974303008820475e-15,1.0363938982189957e-11,-1.4489056238690822e-14,0.002614549028479883,1.719700981446821e-20,4.118757594641538e-12,-1.0221099371065558e-11,1.3134380839000172e-26,9.152599218010054e-22,1.7197009810892698e-20,0.005227099924909403,-0.1926109726052965,0.0075348042951338305,4.165078717764665e-20,-2.4660764877881703e-18,1.420006853877293e-18,-1.1027291032210436,0.046912027215773415,2.2836308788385364e-08,-3.122910490052369e-24,1.0888380097549263e-20,-5.249814721228547e-21,-9.234929368197475e-06,2.283630878845509e-08,0.046912239066607485,-9.184271472178977e-22,-8.325723677144325e-20,-6.2593740972079285e-21,-7.990623588172114e-05,6.098695649427748e-20,-5.621588647405472e-21,0.003485399410138325,5.464692142848326e-15,7.840417656219792e-14,5.426489821427328e-23,-1.7786362314631923e-20,-8.104635446732099e-20,5.4646921428476306e-15,0.0008728463683399886,-9.11816416127944e-17,-1.8259396087220188e-23,1.6805688465272377e-20,-1.9497698789904077e-20,7.840417656216432e-14,-9.118164161286663e-17,0.000872846368338687,-8.653444994421987e-23,-9.234929368197478e-06,-7.990623588172114e-05,3.10711267129248e-24,5.394933807224151e-24,1.762318518663565e-25,0.030548976272921514
1774036445257936863,94,1774036445195195913,center_camera,base_link_12,-0.42175221982867994,0.3237568627848515,2.1912705996268945e-19,1.2649187511861833e-14,-4.852078552297918e-16,-0.02079645939926671,0.9997837302519254,0.0034189190536183097,-3.963311894130398e-16,-8.551763604003529e-24,1.5002080627856125e-15,7.500469618106466e-16,2.072234338333992e-12,-3.963311629432602e-16,0.0034189190536196064,2.469022812308452e-24,4.157700458324279e-15,1.8760520308681665e-16,-8.284230167631378e-12,1.421520571934859e-23,2.8280307355430276e-24,0.0041023030761174,-2.821516887419387e-13,7.620910264069698e-12,5.870191102781727e-26,1.5002080597501657e-15,4.157700474541689e-15,-2.821516885301805e-13,0.002052150684585966,3.688751415678464e-15,-1.8417267617321005e-20,7.500469941001197e-16,1.876052032603976e-16,7.620910257293435e-12,3.6887514259802555e-15,0.0020521506844849925,7.365639803379382e-22,2.072234338333992e-12,-8.284230181183905e-12,9.365578612656286e-26,-1.841734593300522e-20,7.366013400716291e-22,0.004102303091261089,-0.1964277614177605,-0.01622153994417793,1.0792659459793069e-18,6.624587092943717e-19,1.074292948504076e-18,-1.2001517945445994,0.048729785687277795,2.933397647379739e-08,-5.634833108788873e-22,2.598014596244794e-19,5.425446778301422e-20,-9.555501288545412e-06,2.9333976473701937e-08,0.048730091839284104,3.6048150334772053e-22,8.581415315560188e-20,-8.012210278541333e-20,-9.548673828856254e-05,3.730750831052262e-20,-1.0692492089822309e-20,0.0027355349035211585,-1.2958511363952036e-15,3.550360526050967e-14,-6.512736643234401e-23,2.598014080731025e-19,8.581363480321033e-20,-1.2958511363954347e-15,0.0006853805045527718,1.7173954360553818e-17,6.081540043752297e-22,5.563395914501956e-20,-7.53920437580612e-20,3.5503605260520753e-14,1.7173954360541862e-17,0.0006853805045523019,-1.2349259798033922e-21,-9.555501288545412e-06,-9.548673828856254e-05,1.927170563847778e-24,6.083641772682524e-22,-1.2658650551631424e-21,0.03110351084006797
1774036445324088069,95,1774036445283353567,center_camera,base_link_12,-0.423754100878925,0.3055050283091674,1.3012653091370113e-18,-9.98509918030107e-15,-6.60111023012926e-15,-0.12217207594282069,0.9925089338942101,0.0044098819035002295,-7.549570446687444e-16,-2.2741876331262148e-23,1.4195585046786818e-16,4.010741848689349e-15,5.158300938388311e-13,-7.549570512861893e-16,0.004409881903508989,2.107212057803534e-24,-3.4838496056228787e-15,1.664709165120586e-16,-1.3225040271344808e-11,7.383165569392658e-24,3.824698513405846e-24,0.005291458497458632,-2.4005940947452995e-12,1.2588743612265089e-11,-6.677441395355783e-25,1.4195585051417165e-16,-3.48384960565607e-15,-2.4005940955923325e-12,0.002646728169493379,4.18727771334556e-14,5.123242853972164e-20,4.0107417691672404e-15,1.664709152375945e-16,1.2588743598712562e-11,4.187277712042266e-14,0.0026467281692742306,2.7362198177511204e-20,5.158300934153147e-13,-1.3225040271344808e-11,-6.720660218930197e-25,5.1232429719285445e-20,2.7362188488651505e-20,0.005291458537924153,-0.18277151196959832,-0.03872852071191625,-2.1232870285166633e-19,1.2836084383911176e-18,1.737491572475351e-18,-1.2619485471507643,0.04903247594231176,1.8832882540758045e-08,-2.4039831946563505e-21,-2.1992652331051595e-19,2.366610472783921e-19,-3.892887137349383e-06,1.8832882540720498e-08,0.049033124268859876,-4.23436498235598e-21,1.2383566399941195e-19,9.572172911255708e-21,-0.00013738110052143165,-7.064033842395649e-20,-7.192964130866975e-21,0.0035283050505284783,-1.8611510994704202e-14,9.757112653863243e-14,6.178063653237718e-23,-2.198848997572542e-19,1.2283326800125538e-19,-1.8611510994704798e-14,0.0008835721582701554,3.1991306946652684e-16,2.9444002695224885e-21,2.04588547125853e-19,8.240724707010268e-21,9.757112653861939e-14,3.199130694665112e-16,0.0008835721582685391,-5.530059644509866e-23,-3.892887137349383e-06,-0.00013738110052143165,1.685514561080632e-23,2.9527657084250925e-21,-7.689147490467247e-23,0.03113536504315157
1774036445424160400,96,1774036445363600016,center_camera,base_link_12,-0.42525287094570563,0.2895036225668282,-4.101673901370919e-19,8.07844806007101e-15,6.558188483287042e-15,-0.1929379726519706,0.9812109552532255,0.004014321792567222,-2.1194140107097393e-16,5.354276544166032e-24,-4.457163039713828e-15,-5.348549492153442e-15,-3.439184260458066e-13,-2.1194136136630452e-16,0.004014321792569365,-1.4971480737319746e-24,1.5705654203551206e-16,1.884648679874961e-16,-9.353840971096719e-12,6.0361992432081536e-24,-1.5032053591408976e-24,0.004816786344203084,-2.620744863596311e-12,8.151158011906155e-12,-3.3370299934592577e-25,-4.45716303691708e-15,1.570565430993959e-16,-2.620744865290377e-12,0.0024093923340801834,4.027975606282006e-14,-5.271925997205082e-21,-5.34854946208083e-15,1.8846486996922384e-16,8.151158005129892e-12,4.0279756103357565e-14,0.002409392333981812,-6.579972633757509e-20,-3.4391842562229015e-13,-9.353840957544192e-12,-3.3367721599791574e-25,-5.2719314208701814e-21,-6.579974330190822e-20,0.004816786364778076,-0.172371100483433,-0.05162171871862812,7.903700075513177e-19,-1.697821171926319e-19,-1.8132596895457684e-18,-1.2812044690509345,0.050615916330333244,-1.334296730084918e-08,-8.658348748962607e-22,1.0413383554877648e-19,-2.2415118899437885e-19,3.0254813167537353e-06,-1.3342967300707256e-08,0.05061678173065197,2.217613731813677e-21,5.732595424995275e-20,2.5872853476227078e-20,-0.00015792671966086673,4.203000316719436e-20,1.3030183657249297e-20,0.003211857087083286,-1.6819792066042133e-14,5.239054643407308e-14,-2.5437109493982605e-23,1.2736114714220626e-19,6.161069632940364e-20,-1.6819792066039097e-14,0.0008044610877767517,2.415972239785395e-16,-1.4282330284424106e-21,-2.6989306091993305e-19,1.4444097935001294e-20,5.239054643408118e-14,2.4159722397849886e-16,0.0008044610877760769,6.1656231464704066e-24,3.0254813167537717e-06,-0.00015792671966086673,-8.253367809769438e-24,-1.4096268413507145e-21,-1.2394561316854109e-23,0.031602790623045836
1774036445491285582,97,1774036445442736387,center_camera,base_link_12,-0.4275027155708072,0.2702553466863551,-3.1050939278827425e-19,-1.104567963391407e-14,-1.302387087200217e-15,-0.3309895021946462,0.9436344363348237,0.003958817889826684,-1.7894318782020843e-16,-2.4770028293854593e-23,6.137139941481189e-15,3.0686116756410754e-15,-9.744783842366238e-13,-1.7894314811553902e-16,0.00395881788982873,1.5123589836918274e-24,-5.921524612271607e-16,-2.960812550039753e-16,-9.65098073885725e-12,2.4270308305053303e-23,1.5321458970365685e-24,0.004750181674104507,-3.419470329246309e-12,8.248836895930357e-12,1.5066388625808436e-25,6.13713997634898e-15,-5.921524613369921e-16,-3.4194703258581772e-12,0.0023760899165733394,4.7808768980299797e-14,1.6212569610858812e-20,3.0686116753329148e-15,-2.960812592367814e-16,8.248836889154093e-12,4.7808769002556125e-14,0.0023760899164888775,-3.2566819951784234e-20,-9.744783833895909e-13,-9.65098073885725e-12,1.145788005992646e-25,1.621255211716379e-20,-3.2566799174726947e-20,0.004750181698553575,-0.15752778557812508,-0.06928639930351047,8.716841128774146e-19,-1.2649788517733393e-18,-1.3504170247636022e-20,-1.3736266492213507,0.051772157286940804,-6.911026081831756e-08,1.5058466899216556e-21,1.4382691658897686e-19,5.506787594928065e-20,1.240667440339765e-05,-6.91102608183231e-08,0.051773240085157754,-1.721565674027547e-21,-5.840476966807938e-21,-6.615513407273125e-20,-0.0001762071228806812,1.5048276918162236e-21,-1.7220711378971935e-21,0.0031674539269567737,-2.1372040150973058e-14,5.15288682426144e-14,7.20685579978803e-24,1.4506316515208874e-19,-8.867384272725692e-21,-2.1372040150976198e-14,0.0007933599854034379,2.8264639983870104e-16,-7.020796163442652e-23,5.38299864953331e-20,-6.312866954309612e-20,5.152886824262176e-14,2.8264639983869414e-16,0.0007933599854028738,-8.378486259309275e-24,1.240667440339765e-05,-0.0001762071228806812,7.646458974053495e-24,-5.2164987859180855e-23,-2.65783123713862e-23,0.0319377570404276
1774036445557295713,98,1774036445517879725,center_camera,base_link_12,-0.4282527545080049,0.2610030550277605,-7.004799887872153e-19,-8.001348247417024e-15,-9.610936514389329e-15,-0.3951267224276151,0.918626623402354,0.003759166158496245,-7.685675207898062e-17,-2.8275275162412064e-24,1.9998060982321828e-15,6.666065861858108e-15,-2.3522510809558927e-12,-7.685680501853982e-17,0.0037591661584975298,-2.376327502099279e-24,-5.295633149539764e-16,-1.7651776158027185e-15,-8.692119330615082e-12,-3.7314354120860486e-24,3.2818953192149615e-24,0.004510599603608818,-4.070131516840719e-12,7.1305955592708935e-12,3.0750774890099444e-26,1.99980606514973e-15,-5.295633160392734e-16,-4.070131513452587e-12,0.002256298868895014,4.596748918602736e-14,4.998507151558875e-20,6.6660658627148536e-15,-1.7651776160445888e-15,7.130595562659025e-12,4.596748918600878e-14,0.0022562988688407215,-1.4861693688820345e-20,-2.3522510843440245e-12,-8.692119330615082e-12,-6.0660643392773636e-27,4.9985116132516015e-20,-1.4861692664772912e-20,0.004510599626597938,-0.14445358146053464,-0.07396380588133833,1.0132075320571422e-18,6.468127111757507e-19,1.6114870755559624e-19,-1.3904760871736916,0.05290703822379607,-1.4050665852138365e-07,-2.079639777206184e-21,4.5867358690473634e-20,1.620732967984644e-19,2.308675670795872e-05,-1.4050665852130916e-07,0.05290827509147965,2.0570811743931686e-21,1.8817028532760664e-19,1.5949978919198428e-19,-0.0001882666418372778,-4.1204919916786926e-20,-2.9232390634086343e-20,0.003007732539695987,-2.2935257967952693e-14,4.017865792274075e-14,-1.2391871072061414e-23,4.586851143657932e-20,1.8817126946547416e-19,-2.2935257967951156e-14,0.0007534295904304344,2.5868845952988155e-16,-1.613417108075974e-24,1.862815005361049e-19,1.705902846499104e-19,4.017865792275201e-14,2.586884595298615e-16,0.0007534295904301286,-2.2691706875404025e-22,2.308675670795872e-05,-0.0001882666418372778,-7.986095342983934e-24,-1.5103824746146695e-24,-1.997097385209944e-22,0.03227193498002984
1774036445657352789,99,1774036445599447727,center_camera,base_link_12,-0.4290027691539567,0.25325324379805,-9.959872922496017e-20,-3.0459294522493705e-15,-5.4200090523678485e-15,-0.48991595521953873,0.8717696695924485,0.004080399407619556,6.611505081881601e-17,-3.447419111751454e-24,8.207029443386778e-23,3.1642804476151648e-15,-3.205679767318871e-12,6.61149449396976e-17,0.004080399407621354,-3.955258506886514e-24,1.7782297692827627e-23,-1.1097822594589505e-15,-8.926083715210791e-12,-3.338655456785979e-24,-2.959308369809945e-24,0.004896079497146186,-4.906833819877344e-12,7.356114534103368e-12,-4.4379984570792496e-26,8.418816744991545e-23,9.14977170496488e-24,-4.906833826653608e-12,0.0024490387690339456,5.431249150183136e-14,4.507247224030025e-25,3.1642804107635883e-15,-1.1097822592239871e-15,7.3561145374915e-12,5.431249150182571e-14,0.0024490387689886863,-1.2515192847553028e-21,-3.205679770707003e-12,-8.926083715210791e-12,-4.9514135950120106e-26,4.8671404285582585e-25,-1.251460345666479e-21,0.0048960795272468965,-0.12840732932267845,-0.0769616634456027,5.988730976706635e-19,2.270273688231167e-18,-5.531154074982395e-19,-1.445236339602534,0.05347133214539731,-2.490723848818628e-07,-4.0974901261894525e-21,-5.887236538814569e-20,6.750069913193213e-20,3.761943247548324e-05,-2.490723848814013e-07,0.05347273443778778,-1.367583276780145e-22,-2.0788270895988774e-20,2.628759753813215e-19,-0.0002012716423278161,-1.549945715941599e-20,8.104812366082606e-21,0.0032647191066281418,-3.2574727590911894e-14,4.8860194211554606e-14,5.24585273412828e-23,-3.8431452563196934e-20,7.860753590315685e-22,-3.2574727590922396e-14,0.0008176760435524692,3.6008634333164504e-16,3.003835565754545e-23,6.210868374509139e-20,2.679876466449629e-19,4.886019421155204e-14,3.600863433316818e-16,0.0008176760435521696,7.551196686082959e-24,3.7619432475483214e-05,-0.00020127164232781612,-9.16143857550989e-24,1.95114779644194e-23,-2.5631557198465703e-23,0.032436359017911184
1774036445724137848,100,1774036445671231985,center_camera,base_link_12,-0.4290021630691136,0.251001726594356,-3.5468125651397813e-19,-8.961940940974233e-15,-9.264849849439843e-15,-0.54646876369882,0.837479486495928,0.003591212207213087,-7.892578887132686e-17,-3.0187713613167758e-24,1.5678512929378513e-15,7.31894244867738e-15,-3.4593286758364747e-12,-7.892589475044526e-17,0.0035912122072134893,4.5040691911824236e-24,-8.203381769954759e-16,-5.574826284858429e-15,-6.484251327608208e-12,-2.2786689625713432e-24,4.135994472022531e-24,0.0043090548607601885,-3.975892982492667e-12,5.284769864967063e-12,1.9401593249825724e-25,1.5678513100900189e-15,-8.203381673496427e-16,-3.975892982492667e-12,0.0021555265253615694,3.710755481010598e-14,-2.498073689347109e-20,7.318942432597314e-15,-5.574826285247542e-15,5.2847698581908e-12,3.710755481010921e-14,0.0021555265253424315,1.4339895133859925e-20,-3.4593286758364747e-12,-6.484251320831944e-12,1.9011534041289542e-25,-2.4980800025740022e-20,1.4339925349051615e-20,0.004309054880909334,-0.1202937682053419,-0.07514197340433805,-1.1111928129355012e-18,-2.421490186258293e-18,-2.066864415632705e-18,-1.4583917920755696,0.05468347180284336,-3.18026508186642e-07,-2.2719179472778735e-21,1.0012667151640971e-19,2.7003024797440652e-19,4.649790754391554e-05,-3.1802650818641817e-07,0.054684929286761955,-2.5642538757463323e-24,5.669358789443913e-20,1.0244951319548209e-19,-0.00020557946858538954,-6.895410565703411e-21,-5.539556150016022e-20,0.002873369393859673,-2.0444911210781676e-14,2.7157754971072617e-14,-8.0772429536304e-23,1.0012665578927508e-19,5.669274954738767e-20,-2.044491121078222e-14,0.0007198389097053244,1.7603448279761777e-16,-1.2155587702105517e-22,2.8063714460849265e-19,9.599209125889878e-20,2.715775497107534e-14,1.7603448279761898e-16,0.000719838909705223,-8.705775736860653e-22,4.649790754391557e-05,-0.00020557946858538952,1.0001877604382844e-24,-1.21554562667229e-22,-8.328332718885912e-22,0.03280067447159649
1774036445790720761,101,1774036445754563332,center_camera,base_link_12,-0.42875260522960223,0.25050170587891774,-2.69881172422223e-19,-4.053149530019127e-15,4.3285298141897103e-16,-0.5800421627027725,0.8145864530466305,0.004168566572785901,2.5603868407630655e-16,7.614866552748891e-25,1.892636655911819e-15,-4.731762002391316e-16,-4.989362116953342e-12,2.5603868407630655e-16,0.004168566572786936,6.510543967923103e-24,-1.2823065623058063e-15,-3.1135421886878956e-15,-7.21844512060945e-12,7.019273487819116e-25,-6.563088772550662e-24,0.005001880094718985,-5.204057826758545e-12,6.40760832386995e-12,-5.597746942131052e-26,1.8926366331292417e-15,-1.2823065420527803e-15,-5.204057826758545e-12,0.002501939024638275,4.488858508627063e-14,-1.659863250206034e-21,-4.731762002387103e-16,-3.113542189229806e-15,6.40760832386995e-12,4.488858508626659e-14,0.002501939024622808,1.650707191645296e-20,-4.989362116953342e-12,-7.2184451273857135e-12,9.457538658427539e-27,-1.6598779514374285e-21,1.650707507450378e-20,0.005001880129569605,-0.1100779995871823,-0.06944870983428891,-8.726076229128815e-19,-2.5270777872774683e-18,-1.886365870228093e-19,-1.4341499621854512,0.05471429446584421,-4.359193417578586e-07,-4.439070791249876e-21,1.470680250260521e-19,4.1464454372916083e-19,6.0849966678265504e-05,-4.359193417579854e-07,0.05471582254885255,1.1373691626682877e-21,1.0072118718389708e-19,1.9767466956634322e-19,-0.0002123804659101767,-4.440453432235777e-21,1.1369525136546856e-21,0.0033352528120622893,-3.6026118662282674e-14,4.4392296111904865e-14,-6.315335617241419e-24,1.3219264575973147e-19,1.0726870655854508e-19,-3.6026118662277593e-14,0.0008353092957421803,3.311966981212006e-16,-1.5173122900231499e-22,4.146445135768476e-19,1.976746835961559e-19,4.4392296111914754e-14,3.3119669812118994e-16,0.0008353092957420408,-1.8773054402240017e-21,6.084996667826552e-05,-0.00021238046591017667,-6.744687749263826e-24,-2.0499565061836373e-22,-1.8773055855890193e-21,0.032820150284953845
1774036445890743526,102,1774036445833040237,center_camera,base_link_12,-0.4290018840604274,0.2505012198894956,1.0211759497737675e-18,-9.16130637631569e-15,-1.3814458833551275e-15,-0.5800473569960636,0.8145827543238816,0.0039258446270793185,2.866465372626959e-18,1.0975363669803887e-23,5.9399100915081994e-15,4.4795964569018785e-15,-4.2421357225597145e-12,2.866571251745366e-18,0.0039258446270795475,7.476798576373154e-24,-1.7828387282165924e-15,-3.565493450273836e-15,-5.249942861896336e-12,-1.1905008537867554e-23,-4.710873913881388e-24,0.004710613749751604,-3.853862673728952e-12,4.782074133788351e-12,-1.1198119608374949e-25,5.939910075789857e-15,-1.7828387282538373e-15,-3.853862680505216e-12,0.002356305991212253,3.359037056352046e-14,1.0159373773967553e-20,4.479596455945501e-15,-3.565493433535818e-15,4.782074127012087e-12,3.359037058490114e-14,0.0023563059911994094,-2.1527590325593536e-20,-4.242135715783451e-12,-5.249942861896336e-12,1.508076824409861e-26,1.0159409692821169e-20,-2.1527635355155126e-20,0.004710613772986393,-0.10381559278651838,-0.06550550036550433,1.4016825410014354e-19,-9.464762585417025e-19,5.202109978332084e-19,-1.3784375261107569,0.05566785336620977,-5.071009289661053e-07,-9.671274972090377e-22,1.1644006562158587e-19,1.8862503600757362e-19,6.914783936209984e-05,-5.071009289662823e-07,0.0556693991875882,1.126227030942027e-21,1.9725799777955174e-19,1.269998478744085e-19,-0.00021466125723222044,-9.667704662906174e-22,1.1276744356611316e-21,0.0031410753300999445,-2.3660889847560816e-14,2.94172788802836e-14,-3.244634236700745e-24,1.1644032139739045e-19,1.9725874315531437e-19,-2.3660889847561507e-14,0.0007867654652023661,1.8862326384085567e-16,-1.248777166702623e-22,1.8862584281964608e-19,1.2699961335663131e-19,2.9417278880286666e-14,1.8862326384082156e-16,0.000786765465202283,-8.111595659106285e-22,6.914783936209984e-05,-0.00021466125723222044,-3.2488618609960908e-24,-1.248780892375314e-22,-8.1110597360619955e-22,0.03311425181383456
1774036445957380230,103,1774036445908718109,center_camera,base_link_12,-0.42900186013779457,0.2505011901412744,5.157944990194592e-19,1.9319453368277436e-15,2.713105913004506e-15,-0.5800472199358395,0.8145828519215855,0.0037858928802848727,-1.4934779046869417e-18,6.239111521281812e-24,2.319681015786669e-21,-2.3000004459016288e-15,-4.103684612851962e-12,-1.4934249651277383e-18,0.0037858928802849447,-7.177244206047938e-24,1.1155706116607715e-23,1.8306270359553824e-15,-5.080142090416878e-12,-5.881869734739695e-24,5.644357493124913e-24,0.004542671665567669,-3.6796320656250214e-12,4.651780900039558e-12,9.259517830672877e-27,2.320077524098904e-21,1.0760942425731536e-23,-3.6796320639309555e-12,0.0022723348923368485,2.966161627260378e-14,1.3583566052684057e-23,-2.300000445305193e-15,1.830627053652498e-15,4.6517809068158215e-12,2.966161627259328e-14,0.002272334892324713,-2.805022890960093e-20,-4.10368460946383e-12,-5.080142097193142e-12,-2.4313528982600103e-27,1.358459759081256e-23,-2.8050274923196355e-20,0.004542671690158895,-0.0975680599388035,-0.06149092919958075,-7.384026818179998e-19,4.1992049642803795e-19,-5.246777397531134e-19,-1.3250772992010984,0.05639509905291592,-5.609844234540804e-07,-1.4618601966848183e-21,-3.7553783545407305e-20,-4.5288733127285947e-20,7.551854443060622e-05,-5.609844234539108e-07,0.056396632696014415,1.965780567790647e-21,1.7777156936937295e-19,7.961634101432088e-20,-0.00021470883966971533,-6.3309939683661435e-22,1.679388159125057e-21,0.0030291139098414586,-2.102921775827482e-14,2.6583766769316708e-14,-1.0917362812052129e-23,-1.9732559675582807e-20,1.8642825635517153e-19,-2.1029217758271254e-14,0.0007587749032274793,1.5343239035074582e-16,7.270301620136817e-23,-4.528790568800646e-20,7.96160217141075e-20,2.6583766769319387e-14,1.534323903507555e-16,0.0007587749032274071,-2.387966645198848e-22,7.55185444306062e-05,-0.00021470883966971535,-9.38929512442421e-24,9.460848096113135e-23,-2.3879514109080363e-22,0.03334575747008262
1774036446024043429,104,1774036445991078377,center_camera,base_link_12,-0.42900194179376183,0.2505012310872379,-2.0776238731697254e-19,-1.3438174546382448e-16,3.639322123076543e-15,-0.5800478700718796,0.8145823889730712,0.004120012664688603,8.638550215867707e-17,-1.6558650004510966e-24,1.5117100572553029e-15,-1.6365129322222534e-15,-4.261270664400376e-12,8.638550215867707e-17,0.0041200126646886975,1.2627037017775749e-24,-1.2037982513396849e-15,2.0213884039890375e-15,-5.2664065193193735e-12,-1.1648296029257996e-24,-3.7746479706344275e-26,0.004943615398140404,-3.925403359363055e-12,4.916006454859642e-12,-7.711944341005828e-27,1.5117100572582246e-15,-1.2037982524001147e-15,-3.925403364445253e-12,0.002472806725229607,2.917513073426894e-14,-3.0274129523713273e-20,-1.6365129322259076e-15,2.021388422256669e-15,4.91600645147151e-12,2.917513073426248e-14,0.0024728067252161004,2.1961002892479962e-20,-4.261270661012244e-12,-5.2664065193193735e-12,-4.719381749325617e-27,-3.027413003649821e-20,2.1960955324831462e-20,0.004943615429402922,-0.09004158489138998,-0.056547158233407994,4.943873513693651e-19,2.055310273955435e-18,2.1162072267134215e-18,-1.26221489139519,0.056524423633718214,-6.217367306812032e-07,9.348011567104447e-22,-1.7121351349591718e-20,-5.112808382460948e-20,8.26673990546088e-05,-6.217367306813049e-07,0.05652593326739848,-3.0399311059127594e-22,-1.1130479980588316e-20,3.074590542436589e-20,-0.00021458010642036164,4.017868110358994e-20,1.9534669281782588e-20,0.0032964097111420946,-2.6543984075409797e-14,3.324514690841988e-14,-4.1658563606860405e-23,-2.213134995054355e-21,-1.6290549559945512e-20,-2.6543984075416095e-14,0.0008255987207720359,1.9720912291591312e-16,-3.2868552913621076e-23,-5.112701548021573e-20,3.0745535914313214e-20,3.324514690842653e-14,1.972091229159183e-16,0.0008255987207719464,2.8883257725559835e-22,8.266739905460883e-05,-0.0002145801064203617,1.5493425845425952e-24,-5.852710549555676e-24,2.8884938826843107e-22,0.03341086796577808
1774036446124428978,105,1774036446069208860,center_camera,base_link_12,-0.4290015707477641,0.2505010206557313,8.263523329121099e-19,8.048624542932506e-15,3.264118108871639e-15,-0.580046352401375,0.8145834696738327,0.003908523511327629,2.4140862513221187e-17,1.8869071339585626e-24,-5.113550025708558e-15,-5.831108313384898e-15,-3.5021418375708307e-12,2.414091545278039e-17,0.003908523511327551,-1.8221327635472943e-24,1.1465887341765063e-15,5.3983253546618086e-15,-4.325761205129213e-12,2.576212190566969e-24,-1.766793277414546e-24,0.00468982841096048,-3.1033271655558914e-12,3.980689455634293e-12,2.402056092803393e-27,-5.113550023065852e-15,1.1465887500234816e-15,-3.103327168944023e-12,0.0023459133079377706,2.2948868721576947e-14,-3.95361131519226e-20,-5.831108296483805e-15,5.3983253373350026e-15,3.98068944885803e-12,2.2948868732419152e-14,0.002345913307933737,7.275609218779298e-21,-3.5021418375708307e-12,-4.325761205129213e-12,3.832299260287523e-28,-3.9536154724223115e-20,7.275617642909932e-21,0.0046898284349647075,-0.08412799762488192,-0.052896462209727727,-6.581075342144463e-19,-1.1872197573200872e-18,9.630938905788558e-19,-1.2121879331826273,0.05725577847890388,-6.535293212498156e-07,1.5640245977295748e-21,-1.4287933085308061e-19,-2.8595496283209736e-19,8.662951313989994e-05,-6.5352932124947e-07,0.057257247844669665,1.0318324189688424e-21,-1.0856687363680653e-19,-2.0226385129762424e-19,-0.00021250873416167783,1.5637086375049303e-21,1.0319135383535664e-21,0.0031272184316815527,-1.8907272698832953e-14,2.4273594946474162e-14,-2.2507240539757492e-24,-1.4287859417421376e-19,-1.0856727126292053e-19,-1.8907272698831338e-14,0.0007833012010991618,1.240144987650634e-16,-4.4288641219120496e-24,-2.7274572496465466e-19,-2.0683682210099395e-19,2.4273594946477343e-14,1.240144987650704e-16,0.0007833012010990997,3.900535236374911e-22,8.662951313989994e-05,-0.00021250873416167785,-1.7817890990965335e-24,-4.401774949971143e-24,4.057714165088558e-22,0.033649088317271245
1774036446190699295,106,1774036446145070314,center_camera,base_link_12,-0.4290014941039012,0.2505009831079159,-9.977027511882107e-20,-2.2253608777340035e-15,3.765321488991409e-15,-0.5800462186281211,0.814583564930706,0.0037950719945320094,5.912668489683321e-17,9.12419209200772e-24,4.8175246251604734e-15,-1.54354828810185e-15,-3.3531673158872666e-12,5.9126631957274e-17,0.0037950719945318723,-8.5711357228828e-24,-9.854691683216345e-16,1.2318529849759381e-15,-4.147263431384263e-12,-1.849192840393449e-24,3.334558008473672e-24,0.004553686601101207,-2.9449697549837305e-12,3.82434376525252e-12,8.299812031483241e-27,4.817524624023195e-15,-9.854691680793083e-16,-2.9449697532896646e-12,0.0022778423529142737,1.4850335796742097e-14,-3.9055017400880794e-20,-1.5435482880719568e-15,1.2318529940740492e-15,3.824343766946586e-12,1.48503358081958e-14,0.002277842352904408,8.86082841257512e-21,-3.3531673158872666e-12,-4.147263431384263e-12,-7.617372483959009e-28,-3.905501654677986e-20,8.860808643489155e-21,0.004553686626431003,-0.07837880330937666,-0.04940922884806586,-6.275987706586523e-19,-4.909976081314069e-20,-2.076416848287036e-19,-1.1641071080658478,0.05778405915032129,-6.69473006102161e-07,3.212391584907281e-21,1.6798539457018109e-19,-2.7438061647390393e-19,8.914108673058772e-05,-6.694730061024748e-07,0.057785469783085075,-6.172241860616131e-22,9.821096964053626e-20,-1.0606866028614606e-19,-0.0002087936733258082,2.6925424068250076e-20,2.086018717000196e-20,0.0030364571978154643,-1.6910734537479616e-14,2.1983183524088284e-14,-1.1340970409874973e-23,1.6115102075470123e-19,1.0057661975322622e-19,-1.691073453747842e-14,0.0007606107093956568,1.0108684561322014e-16,-2.0682227730671054e-23,-2.8121458346291695e-19,-1.0370321262348607e-19,2.1983183524085545e-14,1.0108684561320678e-16,0.0007606107093956031,6.022768842695431e-22,8.914108673058774e-05,-0.00020879367332580823,6.921749329589191e-24,-2.608499475793262e-23,5.969261428225005e-22,0.03383152337638384
1774036446257315665,107,1774036446225855350,center_camera,base_link_12,-0.42900150925417185,0.2505009856916953,-4.785985968431752e-19,-2.7131074511965246e-15,1.9319431766830973e-15,-0.5800465713740646,0.8145833137483189,0.00404125108764513,1.1287706638898616e-16,1.0708322284887528e-24,4.125994380248564e-15,-3.6364218177864323e-22,-3.3708327707609228e-12,1.1287690757030855e-16,0.00404125108764499,8.862250578828562e-25,-4.739476845532493e-16,2.8535730719874473e-22,-4.17833477507016e-12,1.0444244872259214e-24,1.4471120470797328e-24,0.004849101506609419,-3.0229747267148006e-12,3.901193829582866e-12,1.4575281409536992e-26,4.125994380153211e-15,-4.739476756587426e-16,-3.0229747250207347e-12,0.002425549777868575,2.0638049103197564e-14,1.3095257436191281e-20,-3.448081834784006e-22,2.855941630799678e-22,3.901193831276932e-12,2.0638049138563575e-14,0.0024255497778598585,4.4744138079095766e-26,-3.3708327775371864e-12,-4.17833477507016e-12,1.217907924399414e-26,1.3095238518332339e-20,1.3347978825500857e-26,0.004849101537038742,-0.07192424384423061,-0.04542961813037729,-4.937172920911119e-19,-2.144317909377568e-18,-7.2462164622747805e-19,-1.1102604375904725,0.057831048206814034,-6.809003459931749e-07,5.621367783156402e-22,2.5659584026580452e-20,-3.973794365090923e-22,9.147438292267467e-05,-6.809003459929345e-07,0.057832385672352674,1.79430680622941e-21,2.567561807888947e-19,-1.269242807788833e-20,-0.0002042027790380042,1.5531582228983035e-20,-3.387530327722971e-21,0.0032334004516299496,-1.9685564809976654e-14,2.5404366283356152e-14,-1.5310318940589162e-23,3.8313815894762486e-20,2.6912272841685884e-19,-1.9685564809973814e-14,0.0008098464150888257,1.1643901121073492e-16,-1.4387309251030457e-22,-7.875126793691197e-21,-1.01053507270914e-20,2.5404366283359245e-14,1.1643901121069464e-16,0.0008098464150887658,7.33290409555727e-23,9.14743829226747e-05,-0.00020420277903800423,-3.674874546715491e-24,-1.3541705005249396e-22,6.776961747855862e-23,0.033882222520882334
1774036446357860237,108,1774036446300132990,center_camera,base_link_12,-0.4290012086394711,0.25050080685852866,1.5467429900060164e-19,2.5568762616450575e-15,-1.0029288054552632e-15,-0.5800452187703331,0.8145842769055124,0.003715881283150599,9.898157029861816e-17,4.958958348784728e-24,-4.178146751478919e-15,-8.0257497309955365e-16,-2.732530500292431e-12,9.898155706372836e-17,0.0037158812831504413,6.986896044930106e-25,4.2504321001686704e-16,6.375451641368971e-16,-3.4004459540043844e-12,-6.806517969770458e-24,-3.6900697074948423e-26,0.004458657744841986,-2.358472900483577e-12,3.1128038819781215e-12,-2.6354126230477284e-26,-4.178146734747136e-15,4.2504321055595644e-16,-2.358472900483577e-12,0.0022303279538579547,1.1671502940440222e-14,5.300393700920486e-21,-8.025749736119567e-16,6.37545163932931e-16,3.1128038819781215e-12,1.1671502951534459e-14,0.002230327953856914,-2.4261405542232027e-20,-2.732530500292431e-12,-3.4004459540043844e-12,2.7666278258218824e-28,5.300368893314404e-21,-2.4261405777596465e-20,0.004458657767785652,-0.06702591459207496,-0.04259184707078303,-6.294113833726692e-19,2.293969839835936e-19,1.89986905598644e-18,-1.0690328281953982,0.0585140497282741,-6.755064167228885e-07,-2.2133334144617677e-23,-8.828559392292162e-20,-1.0663732872648583e-20,9.190161475921802e-05,-6.755064167229874e-07,0.05851531704263823,8.603769501367863e-22,-6.008810729114358e-20,-2.0873541473878544e-20,-0.00019898653568633555,2.622578432310596e-22,1.6820982619065576e-21,0.0029731046447207367,-1.3007347696070176e-14,1.716182092294095e-14,-3.359170367726351e-24,-8.828582330474746e-20,-6.00888845167485e-20,-1.3007347696068731e-14,0.0007447726888220058,6.546245119894607e-17,-1.0339401690270996e-22,-4.0993689676566684e-21,-2.3145665368139936e-20,1.7161820922936367e-14,6.546245119893352e-17,0.000744772688821969,-2.3305815266926375e-24,9.1901614759218e-05,-0.00019898653568633558,-2.9555017971077253e-24,-1.0339441590355297e-22,-7.424052025340934e-25,0.034109488664362975
1774036446424065193,109,1774036446382384777,center_camera,base_link_12,-0.4290013315198831,0.25050087283538724,1.4067738548439397e-19,3.820195736257933e-15,5.5931445019589625e-18,-0.5800461857229999,0.814583588361685,0.004114588632214408,1.7373648952832604e-16,-6.640122745549053e-24,-4.257747677347564e-15,-1.9644017675842667e-15,-2.9760085963213747e-12,1.7373648952832604e-16,0.004114588632214243,1.9346739544538736e-24,6.032760392040026e-16,2.286699040147876e-15,-3.7200454779877205e-12,5.264332885564859e-24,-4.6883398105379564e-24,0.004937106558494428,-2.6836028940089825e-12,3.47829355717825e-12,-3.617137289649735e-27,-4.257747659533028e-15,6.032760205696836e-16,-2.6836028957030484e-12,0.00246955228158318,1.4111974993515595e-14,-1.1292505261653316e-20,-1.96440176761398e-15,2.2866990494756383e-15,3.4782935537901183e-12,1.4111974981465335e-14,0.0024695522815699786,-8.556388564181106e-21,-2.9760085963213747e-12,-3.720045481375852e-12,-1.1973934639107167e-26,-1.129249770140388e-20,-8.556405364738564e-21,0.004937106591575308,-0.06080437725405721,-0.038815877320891624,1.675334387490279e-18,-2.10698332517235e-18,1.482901735159293e-18,-1.0164147430478128,0.05824709073639471,-6.649946050472396e-07,3.2536638868256035e-22,-8.25913852612356e-20,-1.8752921971489574e-19,9.232289833725566e-05,-6.649946050463441e-07,0.05824826552212607,-1.4882516764339703e-21,-3.2616858023121933e-19,-6.118963274348919e-20,-0.00019231805655644824,1.6330548948534372e-20,-5.9328109423678716e-21,0.00329207047428933,-1.8114867124977285e-14,2.347775142770153e-14,-2.82420124275639e-24,-8.530167402025312e-20,-3.3399513438635006e-19,-1.8114867124974158e-14,0.0008245138419885274,9.352896790947001e-17,2.165537256469372e-22,-1.8752863164414154e-19,-6.118983189292286e-20,2.34777514277009e-14,9.352896790949871e-17,0.0008245138419884779,1.3579815366625874e-22,9.232289833725565e-05,-0.00019231805655644827,3.5213124260084864e-24,2.1383668789365825e-22,1.3579835668891635e-22,0.034075599554661724
1774036446524011380,110,1774036446463002443,center_camera,base_link_12,-0.42900108055853287,0.2505007134795138,5.106327875855777e-19,4.3079404375235505e-15,1.8389788234802464e-15,-0.5800450186497298,0.8145844194063833,0.004032882646562336,1.463126596604452e-16,1.0633419171564815e-24,-1.2566286034080561e-15,-4.430036296031057e-15,-2.4232305411938694e-12,1.463126331906656e-16,0.0040328826465621925,1.1537527077545498e-24,4.663243705238531e-15,4.268385660582988e-15,-3.0486633725325396e-12,1.7682477004195765e-24,9.568252292496839e-25,0.004839059367192188,-2.1500034164714495e-12,2.8026469169663846e-12,9.566845664043384e-27,-1.2566285948619102e-15,4.6632437131645776e-15,-2.1500034147773836e-12,0.0024205287812795284,1.2510262794580164e-14,-9.01141499082175e-22,-4.430036295504125e-15,4.268385659836117e-15,2.8026469203545163e-12,1.2510262805481339e-14,0.0024205287812803394,2.493660941997748e-21,-2.4232305378057376e-12,-3.0486633725325396e-12,8.190353291175801e-27,-9.01167023315018e-22,2.493661120287956e-21,0.0048390593932632385,-0.055707698330186385,-0.03585175457970795,-2.771743138139846e-19,8.347408424044943e-19,-1.401713767525403e-18,-0.9727625595921635,0.058638712064572884,-6.475140959345733e-07,6.426341619913642e-22,-3.288821375474589e-19,-2.0741318121136634e-19,9.178792194807171e-05,-6.475140959343821e-07,0.058639804414894574,-5.5773627613423e-22,3.605797353597034e-20,-1.208628221979446e-19,-0.00018580993724514109,1.3448560094768696e-20,-5.9685723807700415e-21,0.0032267057349260747,-1.3917443146279035e-14,1.8176519688273166e-14,3.446459980700535e-24,-3.337171225892772e-19,2.208778413483463e-20,-1.3917443146282938e-14,0.0008081730219992015,6.411432048341971e-17,2.285014103626356e-22,-2.0042847934925482e-19,-1.232805126121503e-19,1.8176519688274248e-14,6.411432048339422e-17,0.0008081730219991665,1.9878324409391756e-22,9.178792194807173e-05,-0.00018580993724514109,3.941069103726133e-24,2.214517334559679e-22,1.9928346729700121e-22,0.03422438771001526
1774036446591180698,111,1774036446535172701,center_camera,base_link_12,-0.42900091384105904,0.2505006136616182,3.0719900901480785e-19,2.4034430683338845e-15,-1.9840139396716727e-15,-0.5800442479425905,0.8145849682069481,0.003610512188527877,1.6147233918970043e-16,-8.18158389734046e-24,-5.667266551172884e-15,4.0558505477824494e-16,-2.0640432620716315e-12,1.6147231933736573e-16,0.003610512188527753,6.853091949376901e-24,1.58152698882319e-15,-3.162920276671394e-16,-2.618487739326379e-12,3.2849254749299874e-24,-4.418102479308797e-24,0.004332214834318032,-1.7799148156947523e-12,2.3642081673456994e-12,-8.030243580370074e-27,-5.667266551228023e-15,1.5815269890795634e-15,-1.7799148148477193e-12,0.0021671064944048983,6.5886006806806604e-15,-1.944839784725322e-20,4.055850458013652e-16,-3.1629201896240246e-16,2.3642081673456994e-12,6.588600669544418e-15,0.0021671064944066257,1.6222144097044057e-20,-2.0640432637656974e-12,-2.6184877427145106e-12,-3.1304120144888236e-27,-1.9448397988327277e-20,1.6222141884221233e-20,0.004332214856333688,-0.05166615028231811,-0.033607608464402396,8.497165279513079e-19,3.013239288883953e-18,1.5655074295409535e-18,-0.9381887869547134,0.05932135213571088,-6.223405918996079e-07,4.564034114348831e-22,-8.653353488638606e-20,1.6837734338534268e-19,9.023887166218492e-05,-6.223405918997561e-07,0.05932236863732436,-1.136828651194611e-21,-2.34299723095104e-19,9.292959263386799e-20,-0.0001791042508593577,-1.2539018300605372e-20,3.361330088172176e-21,0.0028888093701541027,-9.250473372994696e-15,1.2287470631069151e-14,-5.939928476557764e-25,-8.42866232720865e-20,-2.2780819222832297e-19,-9.250473372994361e-15,0.0007236988633227878,3.5231707423856614e-17,1.2715949196790662e-22,1.6837786774384966e-19,9.292985738685182e-20,1.2287470631069086e-14,3.5231707423865e-17,0.000723698863322767,5.940768688605868e-23,9.023887166218495e-05,-0.00017910425085935767,3.815118673719456e-24,1.3210965203088582e-22,5.940787198449271e-23,0.03445131196122233
1774036446657353815,112,1774036446617885828,center_camera,base_link_12,-0.42900106032295066,0.2505006924327901,4.5130774807667e-19,-6.714179804799934e-16,2.055138955187694e-16,-0.5800454676532916,0.8145840996820858,0.004137655612596077,2.4448879427045313e-16,-3.523557667533404e-24,7.770586084006227e-16,1.94273970096488e-16,-2.3550909046012296e-12,2.4448876780067353e-16,0.004137655612595935,2.3759228526623835e-24,-5.990454829735192e-16,-1.4976245071688262e-16,-3.0130988510983746e-12,3.2182123247697428e-24,-4.5078897315984424e-24,0.004964786935901928,-2.1527605358198166e-12,2.7837344635759124e-12,-9.176409900091888e-27,7.770586084111303e-16,-5.9904547849592345e-16,-2.1527605349727836e-12,0.0024833924388790144,5.988380459022405e-15,7.417793969688783e-21,1.9427397033944566e-16,-1.497624554906535e-16,2.7837344618818465e-12,5.988380471449098e-15,0.0024833924388741008,-1.6805181084460234e-20,-2.3550909062952955e-12,-3.0130988544865064e-12,-5.360572624557461e-27,7.41778814889514e-21,-1.6805174280450162e-20,0.004964786971614046,-0.04618005849082327,-0.030346435048883003,-1.2723240161223865e-18,-1.892343295916797e-18,2.4298826107262867e-18,-0.889769013097983,0.05872696123374907,-5.866058576110832e-07,2.4707788105261103e-22,7.89008123354369e-20,8.178422108700088e-21,8.822261255205656e-05,-5.866058576117362e-07,0.05872787374655043,-1.2579576304983631e-21,-2.5040733001475625e-19,2.1399349890905286e-20,-0.00017007252377308787,5.905827226462562e-21,1.5091641639612252e-20,0.003310524042709708,-1.4694163526759055e-14,1.9000970605068548e-14,-5.667241900171962e-24,7.890110055998196e-20,-2.5040743141505416e-19,-1.469416352675847e-14,0.0008291271242420198,5.89945997578272e-17,3.451675081905437e-22,1.1004737782278706e-20,2.956577218889116e-20,1.9000970605072426e-14,5.899459975781098e-17,0.0008291271242419891,-1.2438809847942237e-23,8.822261255205657e-05,-0.00017007252377308787,3.2225159646547453e-24,3.4509626368007537e-22,-7.972738470026127e-24,0.03432755061352428
1774036446757981822,113,1774036446692094326,center_camera,base_link_12,-0.4290007631535406,0.2505005055805171,-1.8541246680286496e-19,2.0551249382824044e-16,6.714184095209408e-16,-0.5800437670802735,0.8145853106159756,0.0037124242292251065,1.752722529059267e-16,-2.4443360702957522e-24,5.382418417480948e-16,-1.0765415064604145e-15,-1.7016534106681315e-12,1.752722529059267e-16,0.0037124242292250155,-1.2277636831417388e-25,-4.1101341402871533e-16,8.22063199123738e-16,-2.204199516864843e-12,3.1473763325256886e-24,-3.126351127886136e-25,0.004454509275973514,-1.4923404012721843e-12,1.9591048245747467e-12,7.17105500672315e-27,5.382418496869939e-16,-4.110134098619112e-16,-1.4923404021192173e-12,0.0022282537378943207,4.672241739699587e-15,-2.88474883832981e-20,-1.0765414980084959e-15,8.220631903990741e-16,1.9591048262688126e-12,4.672241728837591e-15,0.0022282537378976058,3.09748003403992e-21,-1.7016534106681315e-12,-2.204199520252975e-12,-1.0255240612014419e-28,-2.884749976259483e-20,3.097483598735839e-21,0.004454509298133918,-0.04245483171730586,-0.028299523008613818,8.760899695481814e-19,-6.138478001142769e-19,-2.355573300926701e-18,-0.8571176477843052,0.05940356076252057,-5.558267706715445e-07,-2.8304362394960284e-23,-4.209563171184587e-20,-7.952380913827209e-20,8.600940152283158e-05,-5.558267706714312e-07,0.059404399636078346,1.8608909553778373e-22,-2.5854001304924247e-20,-5.0850684348109393e-20,-0.00016291646800204923,1.7507623368495597e-20,8.703662349197324e-21,0.002970339010885858,-8.223886768970072e-15,1.0787758337505071e-14,-4.50230079064522e-24,-4.860318858459716e-20,-2.360187972996344e-20,-8.223886768970295e-15,0.0007440813609589732,2.6682190443527402e-17,-1.0807628287534616e-23,-7.9524342025402e-20,-5.085093263403966e-20,1.0787758337506384e-14,2.6682190443536702e-17,0.0007440813609589583,2.249031595010587e-23,8.600940152283158e-05,-0.00016291646800204923,-5.854567375887071e-25,-7.70468075750558e-24,2.249017536825018e-23,0.034551908921132114
1774036446824463499,114,1774036446777784109,center_camera,base_link_12,-0.42900088176558593,0.250500565409329,3.49644959904856e-19,1.984015869661348e-15,2.40344147514884e-15,-0.5800449020627861,0.8145845024249926,0.004286488434493824,2.5310163041892677e-16,-1.3553825314190277e-24,-1.7235949424799985e-16,-4.525834868885913e-15,-1.9282084592610283e-12,2.5310162380148187e-16,0.004286488434493719,1.3444548033738306e-24,1.2956763264230201e-16,4.269076763244317e-15,-2.5280827371841966e-12,4.935076588673849e-24,-4.946818246298795e-24,0.005143386312506965,-1.8089649303983948e-12,2.3011331423385345e-12,-4.1978985465206086e-27,-1.7235949394922711e-16,1.2956763289278783e-16,-1.8089649287043289e-12,0.002572692154564456,5.981788471846911e-15,-1.768103104938363e-20,-4.525834869154954e-15,4.2690767635133815e-15,2.3011331440326004e-12,5.981788459755453e-15,0.0025726921545671287,1.5435093737086705e-21,-1.9282084592610283e-12,-2.5280827371841966e-12,-1.510496170374359e-27,-1.7681031319661508e-20,1.5435093748443996e-21,0.005143386348783929,-0.037446017129921474,-0.02534195296618623,1.0723542686645166e-18,9.440685432800414e-19,-1.041178214387405e-18,-0.8109211147433248,0.058728723379472964,-5.128268054702305e-07,8.191349117492489e-22,-3.4477467077568104e-20,-4.533677070114481e-19,8.30790083434368e-05,-5.128268054705911e-07,0.058729462001932076,3.4150264511362564e-22,-2.1715921288870496e-20,-2.247617847980868e-19,-0.00015320901799706363,1.3326199299216245e-21,1.6367446318434883e-22,0.003429590309384101,-1.3253120585321162e-14,1.6856747009691916e-14,1.3938945036816687e-25,-4.269045144707257e-20,-1.887306996102043e-20,-1.3253120585320176e-14,0.0008588937965666817,4.521905220180779e-17,-8.581711136870087e-24,-4.644234822453753e-19,-2.3013192749447846e-19,1.6856747009690297e-14,4.521905220182952e-17,0.0008588937965666596,1.507242601101631e-22,8.307900834343682e-05,-0.00015320901799706363,9.979621049380599e-27,-6.624226850146439e-24,1.4797630153105973e-22,0.03440346137330661
1774036446890734410,115,1774036446855829000,center_camera,base_link_12,-0.42900063338275557,0.25050040862969825,-1.0773811035682937e-18,-1.4688293340698864e-15,-1.6799478716863363e-15,-0.5800433644252624,0.8145855973353705,0.003904243923643449,1.767792568679901e-16,2.2268377319363633e-24,3.223621367168277e-16,4.39687191433135e-15,-1.3811235463531127e-12,1.767792303982105e-16,0.0039042439236433918,6.028410603786753e-25,-2.3876159131289304e-16,-4.229667839298673e-15,-1.8425424184174196e-12,-3.795743864606659e-24,6.032677540097142e-25,0.004684692898324086,-1.2583483618977803e-12,1.6104493134083448e-12,-6.761452575103813e-27,3.223621364560911e-16,-2.387615872358077e-16,-1.2583483627448132e-12,0.002343345579881213,3.4738662501796075e-15,-4.6085135033678106e-21,4.396871905929939e-15,-4.229667839298678e-15,1.6104493125613118e-12,3.4738662501792036e-15,0.002343345579879479,-8.118593686000594e-21,-1.3811235480471785e-12,-1.8425424218055514e-12,1.8779462574635062e-28,-4.608518448094597e-21,-8.118586781890522e-21,0.004684692921157295,-0.033943010400257864,-0.02342030970951783,1.5709274439782618e-19,1.2165550519738675e-18,6.373340292016894e-19,-0.7791615697772433,0.05936830395730569,-4.787038606253834e-07,7.200443311458363e-22,4.546485505784755e-22,1.4688450343723002e-19,8.035716573373269e-05,-4.78703860625027e-07,0.05936897238301688,-1.392431964040889e-22,1.5962091830550996e-21,9.19681773191654e-20,-0.00014565984872390693,5.981171689495901e-21,1.3727175548828956e-20,0.003123794776349817,-7.649768685264933e-15,9.790264706760894e-15,-9.758868918141501e-24,4.548519471044059e-22,1.5961532054773087e-21,-7.649768685264167e-15,0.0007824454190748923,2.1094131841748764e-17,-4.3966045235708255e-24,1.4688464517339477e-19,9.196858713455972e-20,9.790264706756633e-15,2.109413184174734e-17,0.0007824454190748812,4.381133234492627e-23,8.035716573373269e-05,-0.0001456598487239069,1.36495855094377e-24,-4.189881463985649e-24,4.375982080979206e-23,0.03461685266990821
1774036446990723857,116,1774036446930832863,center_camera,base_link_12,-0.42900060932996537,0.25050038911363337,8.821612306767938e-19,9.53647408480052e-16,9.564504501660662e-16,-0.5800434267533885,0.8145855529532711,0.0037521924130897305,2.0782647861726558e-16,-2.8200300835903728e-24,-6.468691575411653e-16,-2.8045323259435867e-15,-1.3160057675624384e-12,2.0782647861726558e-16,0.003752192413089676,2.7283087408059798e-24,4.698481857881145e-16,3.0169360099192786e-15,-1.7875514843291793e-12,3.255848088156188e-24,-3.459525747737929e-24,0.004502231102658634,-1.2122380939230508e-12,1.5385671998046323e-12,-2.3731458139634504e-27,-6.468691575356742e-16,4.698481857824107e-16,-1.2122380922289849e-12,0.002252114596296233,8.799539583630258e-15,9.526406417140018e-21,-2.8045323218194842e-15,3.0169360101742132e-15,1.5385671989575993e-12,8.79953959514899e-15,0.002252114596283903,-1.252490408288642e-20,-1.3160057675624384e-12,-1.7875514843291793e-12,-2.4431022294880046e-28,9.526406417138506e-21,-1.2524907851229312e-20,0.004502231128213262,-0.030593573008119174,-0.021564299731449372,1.6890633809266414e-18,-2.0231270043340287e-18,1.940931698626045e-18,-0.7480550842341259,0.05966810422085956,-4.4099807008718174e-07,-6.9329656967925545e-22,2.5130020452307795e-21,4.040656440621549e-20,7.713098414301222e-05,-4.409980700868606e-07,0.059668701848495,1.0757021720386383e-23,1.9235471701626745e-20,2.0261043242395774e-20,-0.00013751124839921512,6.3109141792804765e-21,-2.4141607933365253e-21,0.0030021535316825084,-6.828424981739398e-15,8.65901835609489e-15,3.4946734252294015e-24,2.513001455860913e-21,1.923547789093302e-20,-6.828424981740185e-15,0.0007520347890507044,1.6424329442873014e-17,-1.843768663409102e-23,3.9329755140631587e-20,2.84700665430684e-20,8.659018356094043e-15,1.6424329442860873e-17,0.0007520347890506966,-7.466710400694859e-23,7.713098414301223e-05,-0.00013751124839921514,-9.465637104505412e-25,-1.8437686701346646e-23,-6.677328764576543e-23,0.03473489567063687
1774036447057601659,117,1774036447012987137,center_camera,base_link_12,-0.429000621713986,0.2505003845826233,3.096135153280086e-19,1.340034696665341e-15,1.4990727637412111e-15,-0.580043832986633,0.8145852636858679,0.004109712979810656,2.376432261919766e-16,-2.139172457703864e-24,-2.485532785933955e-16,-4.131790094288167e-15,-1.3147481828278476e-12,2.376432129570868e-16,0.0041097129798106065,-3.244763860584454e-25,1.7633822856888924e-16,3.9512215035185934e-15,-1.8227102126071055e-12,3.609884542173327e-24,-1.2768483198533458e-25,0.004931255773071303,-1.2773063907430124e-12,1.5774445992326486e-12,6.012773047471423e-27,-2.4855327829939976e-16,1.763382327782309e-16,-1.2773063907430124e-12,0.0024666268933202957,3.015479082267927e-15,6.4402578749627895e-21,-4.131790098915404e-15,3.951221498753125e-15,1.5774445983856157e-12,3.0154790942515446e-15,0.0024666268933192866,1.4942975106224203e-20,-1.3147481828278476e-12,-1.8227102143011714e-12,1.9854898620620441e-28,6.440252750204372e-21,1.494298231952992e-20,0.004931255806046986,-0.02681290768370094,-0.019383884981330462,-1.6879335721004073e-18,-2.0265476462201682e-19,1.176797211223026e-18,-0.71102010798228,0.05926462660304728,-3.9702862213340645e-07,7.055759519805278e-22,1.6399101964175304e-20,-1.8214754368058504e-19,7.333058246311598e-05,-3.970286221330312e-07,0.05926514417484654,1.2425266480294723e-22,-5.316682736140329e-21,-1.1442057166820684e-19,-0.00012796463567926264,-1.855532949141077e-21,-7.274239807474635e-21,0.0032881699561446228,-8.60188256113386e-15,1.0595498130743616e-14,6.139797491620895e-24,2.0341058996661096e-20,-6.68119199050836e-21,-8.601882561134364e-15,0.0008235387488320674,2.0280658544805934e-17,2.5675422840513115e-23,-1.8214773645365908e-19,-1.1442018245801744e-19,1.0595498130744879e-14,2.0280658544788444e-17,0.0008235387488320591,7.990818767585659e-23,7.333058246311598e-05,-0.00012796463567926262,6.587886075323787e-25,2.3603046994893888e-23,7.990854752713608e-23,0.034658311693219056
1774036447124051750,118,1774036447089429855,center_camera,base_link_12,-0.42900047741827374,0.2505002918257009,1.4170447319093772e-18,6.19339609283197e-16,1.041580576981097e-16,-0.5800428609366883,0.8145859558551091,0.003824135253841617,1.7966484996510174e-16,-4.590064204981769e-24,-1.0144569669693158e-15,2.2543810779857825e-16,-9.922183314228263e-13,1.7966486319999154e-16,0.0038241352538415903,2.1071959007920447e-24,7.009494813816355e-16,3.5181195608387103e-15,-1.413666115117622e-12,6.6013891651164516e-24,-3.66660119609806e-24,0.004588562502152667,-9.639604991507934e-13,1.1745973863149482e-12,1.7916099033061194e-27,-1.0144569673312682e-15,7.009494771516121e-16,-9.639605008448593e-13,0.0022952803431776103,-9.846353502348465e-16,-2.556438266835953e-22,2.2543811204242746e-16,3.518119560739507e-15,1.1745973846208823e-12,-9.846353611836805e-16,0.002295280343176815,-1.8368871991655587e-20,-9.922183322698592e-13,-1.4136661134235562e-12,-5.096387377847669e-28,-2.55640625167837e-22,-1.8368874232345715e-20,0.004588562526155218,-0.023892534270333197,-0.0177793810243528,3.567735677355787e-19,1.6384556250201099e-18,-7.637684860293468e-19,-0.6829585083474726,0.05972639011229487,-3.623431016827944e-07,7.643007641736203e-22,-2.9703060176672127e-20,-2.417056539568323e-19,7.005001436259543e-05,-3.6234310168281864e-07,0.05972684833438288,3.7231949178647905e-23,-1.641159035818435e-20,-1.0733926418132883e-19,-0.000120256576389624,5.519554882117709e-22,1.1027823855719264e-22,0.0030597078246936346,-5.6215194959965214e-15,6.849863932980602e-15,6.353924460781804e-25,-2.7487428663247485e-20,-2.0973357023969143e-20,-5.621519495993608e-15,0.0007664235410722,1.0836564913974358e-17,1.433689142300746e-23,-2.3831690559639975e-19,-1.0851249233450885e-19,6.849863932976712e-15,1.0836564913986713e-17,0.0007664235410721949,6.116039998378305e-23,7.005001436259542e-05,-0.000120256576389624,7.772150527627922e-25,9.377031615486102e-24,5.891524164123307e-23,0.03481924381009349
1774036447224099798,119,1774036447167829752,center_camera,base_link_12,-0.42900047135085845,0.25050027891808746,4.0491945359683047e-19,0.0,0.0,-0.5800430895124266,0.8145857930929554,0.0039219941174780575,2.0359288717851916e-16,3.8475391073146977e-25,6.035064577729558e-23,-2.730413740635108e-23,-9.571916115356637e-13,2.0359288221543548e-16,0.003921994117478036,-1.778707651666533e-24,-4.7515469405888005e-23,1.2250469275369793e-21,-1.40295691493516e-12,3.8969855482626923e-25,1.6161393265114512e-24,0.004705993143693814,-9.701351334376015e-13,1.1486836406444435e-12,3.577050137807485e-27,6.04658228714205e-23,-4.535123148456642e-23,-9.70135133861118e-13,0.0023539955961154125,1.703767239780487e-15,-1.2191786293539863e-26,-3.1857971272982535e-23,1.2251862806047475e-21,1.1486836397974105e-12,1.703767228013762e-15,0.002353995596114834,2.3660999455725882e-24,-9.571916115356637e-13,-1.40295691493516e-12,1.6172003857251244e-28,-1.4305410978627076e-26,2.3686916684035656e-24,0.004705993172828449,-0.02088643992481053,-0.016076786980639374,1.0020671257301608e-18,5.697537269779464e-19,1.5816191479748268e-18,-0.6525143976446108,0.05966676289417594,-3.242507428546752e-07,1.6359797394718394e-22,7.756687144376111e-20,-5.429132938245855e-20,6.628474298663831e-05,-3.242507428540895e-07,0.05966715891635108,-9.274904971671678e-23,7.006899468259228e-20,-4.442145424460322e-21,-0.00011166977877908029,-7.062459060593293e-21,2.4084164213319377e-21,0.003137994880798179,-5.950035275116479e-15,7.045109607608434e-15,-4.323581037845366e-24,8.258261913617726e-20,7.250517480647032e-20,-5.9500352751128055e-15,0.0007859950507524577,1.0436051196811433e-17,-4.942351526069695e-24,-5.429123227967895e-20,-4.441894383292388e-21,7.0451096076074944e-15,1.0436051196826753e-17,0.0007859950507524545,-1.8505295624320858e-22,6.628474298663832e-05,-0.00011166977877908029,3.9224144660772093e-25,-4.493211559029984e-24,-1.8505278508480133e-22,0.034835107356337956
1774036447290752648,120,1774036447243202925,center_camera,base_link_12,-0.42900039650796734,0.25050022779486564,-1.4794370489561912e-19,0.0,0.0,-0.5800426335676769,0.8145861177578916,0.0037706579358308175,1.7593184507201525e-16,7.684393693606639e-26,1.71777082014433e-16,1.7177242825987545e-16,-7.82657086316192e-13,1.7593183349148668e-16,0.003770657935830807,2.792129704719628e-24,-1.1072463169279361e-16,-1.1071976343634672e-16,-1.1890670570293815e-12,-1.0368287509857755e-25,-3.066793566858201e-24,0.004524389728297191,-8.152091494730072e-13,9.404938333589723e-13,-5.304638268396747e-27,1.7177708633101398e-16,-1.1072462941438579e-16,-8.152091494730072e-13,0.0022631939121671536,6.760467083071053e-15,9.173527699723687e-21,1.717724282599954e-16,-1.1071976120426614e-16,9.404938333589723e-13,6.7604670888112345e-15,0.0022631939121673544,-1.6523843825235457e-20,-7.82657086316192e-13,-1.1890670604175133e-12,5.0635620730988075e-30,9.173524643451197e-21,-1.6523845167763566e-20,0.004524389754026798,-0.018293371988534236,-0.014633370599614797,-1.3151892813398133e-18,2.0340870025592766e-18,2.323889868792213e-18,-0.6261710168993386,0.05992052075936857,-2.9117492862935164e-07,3.680737935005898e-23,1.1392731374280645e-20,1.104394320207313e-20,6.27844621811827e-05,-2.911749286293016e-07,0.05992086514238099,3.395585614428359e-23,8.94306194120598e-21,8.761622153781815e-21,-0.00010397716722511128,1.888314632079346e-22,4.738620852651374e-22,0.00301692595116673,-4.6215227530409354e-15,5.331768494636324e-15,-2.9349973692563694e-25,9.635148099627248e-21,9.551197008201653e-21,-4.6215227530399525e-15,0.0007557279100523991,6.805389475709225e-18,-4.663074653932914e-24,1.1044055656035022e-20,8.761583990700411e-21,5.3317684946359886e-15,6.80538947570211e-18,0.0007557279100523965,-4.3845521973503535e-24,6.27844621811827e-05,-0.00010397716722511129,-2.1190559783063512e-26,-3.473262930458467e-24,-4.384630600351383e-24,0.034936160735785135
1774036447357325281,121,1774036447319390535,center_camera,base_link_12,-0.42900037127813545,0.2505002040234718,-1.0004601746133355e-18,0.0,0.0,-0.5800426590319596,0.81458609962553,0.003811379804974235,1.8017876404479113e-16,2.0797227593506956e-26,2.2468021145822935e-16,-3.7446085604029845e-16,-7.084926585297288e-13,1.8017877231659726e-16,0.003811379804974234,-8.100329851119275e-26,-1.3845673850306805e-16,2.307718843181256e-16,-1.1204400546195505e-12,2.2090305605593996e-25,-1.2318963555030038e-25,0.004573255974696877,-7.756725284425818e-13,8.656995031685363e-13,1.5760836492288993e-30,2.24680216084362e-16,-1.3845673864762087e-16,-7.756725280190654e-13,0.002287626997022351,-4.18292973090983e-15,-4.728870056201218e-21,-3.7446085615399535e-16,2.307718843181137e-16,8.656995035920528e-13,-4.182929730909426e-15,0.0022876269970107223,7.88021986224848e-21,-7.084926576826959e-13,-1.1204400546195505e-12,2.5438186633833666e-29,-4.728871595545553e-21,7.880219860458661e-21,0.004573256003143638,-0.015766263092154877,-0.01319964106002004,6.016396065516292e-20,1.358819578151658e-18,-3.821971906647101e-18,-0.5993000116186108,0.059901903200997496,-2.5794244829682753e-07,2.3565623160562012e-23,4.501759023392384e-21,-2.9541817166284066e-20,5.9076860747442934e-05,-2.5794244829721023e-07,0.05990219768395349,1.9938483689946353e-23,3.5758863310747176e-21,-5.467033552383227e-21,-9.600766697089087e-05,-3.672606823466066e-21,1.2992406973424389e-21,0.0030495034272567017,-4.4924832790806475e-15,4.9902277731506744e-15,-2.418444972851756e-24,4.501665440914501e-21,3.5756378408506714e-21,-4.492483279080325e-15,0.0007638721359263791,5.825516789682398e-18,-4.884890673706944e-24,-3.0819907357086843e-20,-9.159460668875807e-21,4.990227773149431e-15,5.825516789681791e-18,0.0007638721359263785,-6.1601416337535645e-24,5.907686074744294e-05,-9.600766697089086e-05,-9.40218112858692e-27,-4.914142337709158e-24,-8.99546355711515e-24,0.03496067970196273
1774036447457737945,122,1774036447405835629,center_camera,base_link_12,-0.4290003607152494,0.25050018412631675,2.1059519768821594e-18,0.0,0.0,-0.5800429131173718,0.8145859186987663,0.00432425395609552,1.8688280979226598e-16,-1.6272400731695043e-25,-3.04223980899059e-16,-3.802957950054776e-16,-6.555047481446069e-13,1.8688279655737618e-16,0.00432425395609552,-7.558624731844529e-25,1.7672404435151132e-16,2.209079131989289e-16,-1.0897335424235968e-12,2.5787109182694643e-26,8.42494483786969e-25,0.005188704933499294,-7.878586940459405e-13,8.161772119934794e-13,1.333650502297965e-27,-3.0422398104074337e-16,1.7672404655018034e-16,-7.878586940459405e-13,0.0025953514875254997,-4.500645825428468e-15,-2.7524317435691423e-21,-3.8029579927356097e-16,2.2090791540280276e-16,8.161772115699629e-13,-4.50064583723841e-15,0.0025953514875248444,-3.44138933994714e-21,-6.55504747297574e-13,-1.0897335424235968e-12,5.959767230889717e-30,-2.7524329234172834e-21,-3.441388606930494e-21,0.0051887049689494326,-0.012960986672424332,-0.011538775759781704,-1.0902147879406688e-18,3.485548476250972e-20,-4.0615318391137134e-19,-0.5669046824763377,0.05922405368799419,-2.210955006140224e-07,2.365400710289253e-24,-4.7174293843689156e-20,-3.1853449783578145e-21,5.486430886804438e-05,-2.2109550061459808e-07,0.05922429375820814,-3.689683911987882e-24,-3.854793441246264e-20,-3.2984442535692206e-21,-8.679639883832956e-05,-4.247153798560278e-21,8.971925771882214e-22,0.0034598027379664303,-5.845702135223568e-15,6.1126118448289326e-15,-1.968441607144514e-24,-4.7174141933485663e-20,-3.854797628118648e-20,-5.845702135224388e-15,0.0008664470013003327,7.289240381474918e-18,7.639378720402899e-24,2.58230834331754e-22,6.694113996220553e-23,6.112611844827969e-15,7.289240381492462e-18,0.0008664470013003326,8.191008142809074e-24,5.486430886804438e-05,-8.679639883832956e-05,3.932816185286452e-27,7.623162104542234e-24,9.497441061658806e-24,0.03479978241898638
1774036447524035685,123,1774036447486854315,center_camera,base_link_12,-0.42900026018727816,0.2505001241206291,-2.1472888954114773e-19,0.0,0.0,-0.5800420021146258,0.8145865673965269,0.004052933680054014,1.2538193538485144e-16,1.5315402733433024e-27,-1.384480471690258e-16,-2.7689630618522066e-16,-4.4236694580522345e-13,1.2538192545868409e-16,0.004052933680054022,1.3031399249766364e-24,7.445043983001153e-17,1.4889707239585268e-16,-7.927244625294651e-13,1.4922163709234364e-27,-1.4342019174297274e-24,0.0048631205996439,-5.595888700264911e-13,5.502260558187442e-13,-1.7903261976508276e-27,-1.3844804727438555e-16,7.445044191060656e-17,-5.595888708735241e-13,0.0024325594359576913,-5.301352252315428e-15,-1.793558629415936e-21,-2.7689630616440696e-16,1.488970722813368e-16,5.502260566657771e-13,-5.301352257523677e-15,0.0024325594359568907,-3.588615735975078e-21,-4.423669462287399e-13,-7.927244625294651e-13,2.1141705157900514e-31,-1.7935595524615295e-21,-3.588615738447006e-21,0.00486312062403041,-0.010768089507433553,-0.010312059632768817,3.526166379531185e-20,2.095395967147481e-18,2.0012335925659305e-18,-0.5429893470319191,0.059674681315710146,-1.9456935567847322e-07,-1.9216610846581347e-24,1.2913924803658003e-20,1.3322951635364583e-20,5.154015000761039e-05,-1.9456935567879846e-07,0.0596748838411304,3.8191330821630806e-24,1.0911004577426779e-20,1.01545560660573e-20,-7.97937133719105e-05,-1.987971196183398e-24,3.843604199667864e-24,0.0032427465812257298,-3.666069710830967e-15,3.631775634990084e-15,4.6344788547430347e-26,1.1736834478272068e-20,7.51001820851985e-21,-3.666069710830741e-15,0.0008121833983056267,3.50513339186451e-18,5.1726282221539e-24,1.3846218633005122e-20,6.164992614921319e-21,3.631775634990925e-15,3.505133391871224e-18,0.000812183398305627,9.006654712368483e-24,5.154015000761039e-05,-7.979371337191052e-05,-5.311699935416287e-27,2.8424367422073134e-24,5.631108369697671e-24,0.03495202847901759
1774036447624026276,124,1774036447561436415,center_camera,base_link_12,-0.42900022404830646,0.2505000978316329,-7.342292119398799e-19,0.0,0.0,-0.5800418100419736,0.8145867041655117,0.003731104313289338,1.1798011357344166e-16,1.060404424094056e-25,-1.306478818010844e-25,-2.0878610876018385e-16,-3.5419750205061993e-13,1.1798011398703197e-16,0.00373110431328935,-4.8545301889986166e-26,2.108565761244709e-26,1.0204276003294583e-16,-6.909411126468194e-13,-1.1056585902948508e-27,2.3519271423063393e-26,0.004476925378155231,-4.862520268872968e-13,4.465985801081708e-13,2.8409679242290456e-29,5.60545463775023e-26,-4.755739716621861e-27,-4.862520256167474e-13,0.0022394617668636445,3.065266506932355e-15,-1.3821070485207407e-28,-2.0878610665142042e-16,1.0204275892680955e-16,4.465985801081708e-13,3.065266490255659e-15,0.0022394617668693357,-1.4001150966611612e-21,-3.5419750205061993e-13,-6.909411126468194e-13,-5.456293532652055e-30,3.3909796311032363e-28,-1.4001151066186207e-21,0.00447692540187306,-0.008891096722631976,-0.009262212877207115,-3.5926621262115475e-19,-1.5163615919426418e-18,-7.358894652903482e-19,-0.5221083824943952,0.06011305464130402,-1.7147094941341268e-07,5.9070831637460165e-24,8.196548483578365e-21,5.286213214163541e-21,4.838077495505447e-05,-1.7147094941347245e-07,0.06011322619933377,-1.040557702281788e-24,6.209788443908004e-21,3.8843074843984025e-21,-7.342147055012968e-05,-4.026567845930893e-21,-6.179981144997101e-21,0.0029852830683950583,-2.699233567160446e-15,2.5012983294115478e-15,3.310328491480553e-24,9.626113119367153e-21,7.606886431779668e-21,-2.699233567159521e-15,0.0007478173046304279,1.9647048773488555e-18,-5.958812185934602e-25,5.546071164240614e-21,1.9022979366030958e-21,2.501298329410762e-15,1.964704877367635e-18,0.0007478173046304285,5.445883426585752e-24,4.838077495505447e-05,-7.342147055012968e-05,4.337315936121816e-27,-1.6359238483609883e-27,3.712001943243611e-24,0.03509955163473889
1774036447690660729,125,1774036447643711329,center_camera,base_link_12,-0.4290002282012974,0.25050008564709997,7.333814753523527e-19,0.0,0.0,-0.5800422596127998,0.8145863840399479,0.004115744966942586,1.4209681455456048e-16,-8.434493595645066e-25,-4.6252827562157404e-17,-1.0919846484124072e-22,-3.2954081764834456e-13,1.4209683440689518e-16,0.004115744966942605,5.132281052786276e-26,1.9834737770060162e-17,-7.796017690547348e-25,-7.112296591515327e-13,7.92496772210968e-25,3.6717673893995676e-26,0.0049384941573686275,-5.239801029792933e-13,4.340484599057282e-13,4.195512314434966e-28,-4.625282742686419e-17,1.983473657116083e-17,-5.239801034028098e-13,0.0024702460772941777,3.3605677454895376e-16,-9.732471682812754e-22,-1.0913699882096197e-22,4.192927911196231e-25,4.3404845969397e-13,3.3605677454895376e-16,0.0024702460772943018,-4.936969573757603e-26,-3.2954081764834456e-13,-7.112296583044997e-13,-2.390060001528339e-29,-9.732478375240328e-22,-4.9783725499706404e-26,0.004938494191140434,-0.006836579529546957,-0.008029554739793835,-6.81982489598418e-20,-1.2260134137573035e-18,1.1765072568612908e-18,-0.4957887208668032,0.059582220616240834,-1.443246226882768e-07,-4.312293655945918e-24,-3.1664994579157087e-21,2.6547723858953253e-21,4.4475473651616596e-05,-1.4432462268910092e-07,0.059582357012324824,-9.09515876918321e-24,-2.631903883252607e-21,-1.6869813048091076e-20,-6.552667143936726e-05,5.4370946054903125e-21,2.5818799625624748e-21,0.0032929955425049146,-3.5131166776416727e-15,2.931607446164171e-15,-3.994583554259345e-26,-2.4756989302398093e-21,-6.359472758553982e-22,-3.5131166776402105e-15,0.0008247451243303867,2.2667492919619597e-18,-6.185218135869899e-25,3.3457254373633362e-21,-1.4873903978774303e-20,2.9316074461634625e-15,2.2667492919621122e-18,0.0008247451243303878,1.7293650970378708e-23,4.4475473651616596e-05,-6.552667143936726e-05,5.8815247458686344e-27,6.189467395370339e-25,1.8572655992050278e-23,0.0349757078565744
1774036447757384871,126,1774036447715256453,center_camera,base_link_12,-0.42900015524521035,0.25050004855249725,-9.832535983335198e-19,0.0,0.0,-0.5800413719399088,0.8145870161241636,0.003579255525612368,8.748364004973741e-17,-1.353774154343929e-24,1.4911405146774763e-16,-1.491189210315342e-16,-1.8990484500792926e-13,8.748364004973741e-17,0.0035792555256123843,1.454455272143418e-26,-5.294165975357856e-17,5.2941077714582604e-17,-4.874934680209459e-13,1.5483171648658372e-24,-3.0788549460119954e-26,0.00429470683592949,-3.474161247229247e-13,2.651031368576138e-13,4.0130214578982303e-28,1.4911405360227202e-16,-5.294165978248907e-17,-3.474161251464412e-13,0.0021483525093536652,-5.54405724781379e-15,-1.9220633297832517e-21,-1.4911892108103733e-16,5.294107769792206e-17,2.651031372811303e-13,-5.54405725328962e-15,0.0021483525093533517,1.9208095192466806e-21,-1.8990484479617102e-13,-4.874934675974294e-13,1.1434094261058191e-29,-1.922063539673986e-21,1.9208095237607662e-21,0.004294706857188734,-0.0053095974233807785,-0.007181222541039523,-2.739884771045685e-19,3.949153204024313e-19,-1.424990799332433e-18,-0.47843548166425565,0.06024338950808478,-1.270492068609308e-07,7.669919277106226e-24,8.601584391625387e-21,-5.591406357750234e-21,4.173777986929405e-05,-1.270492068611099e-07,0.06024350443188042,6.8299772141453e-24,9.716151017159696e-21,-7.07523364436945e-21,-6.020837382785213e-05,4.2352406286345123e-23,1.0704178881445707e-22,0.0028638040483980978,-1.7952952502178336e-15,1.3336628162029146e-15,-5.25891004738104e-26,9.002266001523348e-21,9.577355106776578e-21,-1.7952952502174068e-15,0.0007174476027385707,7.667934066430856e-19,-2.4685633445478554e-24,-6.146222100813968e-21,-8.678087437558451e-21,1.333662816202984e-15,7.667934066487552e-19,0.0007174476027385715,3.926287615753417e-24,4.173777986929405e-05,-6.0208373827852134e-05,-1.1046093476684824e-27,-2.745213316771045e-24,2.7800646268474886e-24,0.03518234678583549
1774036447824032389,127,1774036447794665813,center_camera,base_link_12,-0.42900016479064507,0.25050003628164835,-1.0301196747977645e-18,0.0,0.0,-0.580041974583601,0.8145865870005209,0.003972467289058491,1.1880454256968703e-16,7.87064284211243e-25,-6.176917345378516e-17,-6.177012426643901e-17,-1.6858919524522138e-13,1.1880453946775974e-16,0.003972467289058515,-2.0178498889471235e-25,1.6322367767197082e-17,1.632173262702685e-17,-5.27899283345141e-13,-8.853891004071458e-25,2.2408492497640496e-25,0.0047665609548210855,-4.013632539692747e-13,2.494653615456213e-13,-8.847674420856814e-29,-6.176917224091137e-17,1.6322367176246654e-17,-4.0136325418103295e-13,0.0023842794330315,-5.170711092140894e-15,-1.2037095391266097e-20,-6.177012555532478e-17,1.6321732326976647e-17,2.494653612279839e-13,-5.170711092140692e-15,0.002384279433031236,6.078286011610169e-21,-1.6858919524522138e-13,-5.27899283345141e-13,4.8540555234199634e-29,-1.2037095337714246e-20,6.078286184458871e-21,0.00476656098913353,-0.0036332815576490523,-0.006151561283774624,-2.6329385438327155e-19,1.3867873027488235e-18,-1.1552360813593108e-18,-0.4549284864963643,0.05966703335908823,-1.0539895795217787e-07,-1.8701861467449466e-24,-1.1626106727833065e-20,4.408463497666867e-21,3.808489405848437e-05,-1.053989579526218e-07,0.05966712254667393,-2.2575910366182936e-24,-1.4831364852773218e-20,4.265392719776343e-21,-5.311544215447038e-05,-1.6767858572826565e-21,-1.6808119681506505e-21,0.003178373383958313,-2.501433482526122e-15,1.5458074679084221e-15,5.663376674863339e-25,-1.212983390975466e-20,-1.465708410320518e-20,-2.5014334825259672e-15,0.0007960894263688188,8.735531211803128e-19,1.6255098516034958e-24,4.912137310745258e-21,4.091135577664323e-21,1.5458074679086645e-15,8.735531211803392e-19,0.0007960894263688197,3.038931908786072e-24,3.808489405848437e-05,-5.311544215447038e-05,7.605042444231187e-28,1.9265312062264602e-24,2.750118768920939e-24,0.03504198019256667
1774036447924024363,128,1774036447871312857,center_camera,base_link_12,-0.42900011792938475,0.25050001184320886,-2.1280549021219864e-18,0.0,0.0,-0.580041404910223,0.8145869926470559,0.0038343514693639537,8.161226222420412e-17,-8.988307996736808e-27,-2.6921535582462068e-17,4.762129101307507e-26,-7.783155602880085e-14,8.161225891548167e-17,0.0038343514693639728,7.739889657247881e-26,3.7457576269588054e-18,-8.896006129759089e-26,-3.8135552429756467e-13,-6.494667493744918e-27,-9.085670304828716e-26,0.004600821964481421,-2.9658738983529703e-13,1.3653810284291703e-13,-5.078032855500127e-29,-2.692153565121181e-17,3.745757767817301e-18,-2.965873902588135e-13,0.0023014100408362,6.271446252079139e-17,-2.5339790209379305e-22,-2.1129650710836106e-26,4.8557550307715576e-26,1.3653810284291703e-13,6.271446819392561e-17,0.002301410040836307,-1.4199725505219617e-28,-7.783155602880085e-14,-3.8135552429756467e-13,-4.446537175059676e-31,-2.5339792625820002e-22,3.464459518610054e-28,0.004600821990546075,-0.0021970985459899275,-0.00530797334149871,-1.0940447599583912e-18,-8.73040000704462e-19,-1.6468390877327656e-18,-0.4360855363913315,0.05989013397504034,-8.931630623663533e-08,5.126195442370944e-24,1.8050320434654235e-21,2.9210278547611145e-21,3.513875379363069e-05,-8.93163062370727e-08,0.05989020470061477,1.0763199090821732e-23,2.6508411972477247e-21,4.741224299440329e-21,-4.747737653601609e-05,-4.2215196164641716e-22,1.5861528904531863e-22,0.0030678807819517267,-1.715548123298677e-15,8.004553431893383e-16,-3.0604110184896887e-25,1.694884393674458e-21,2.6889719449025983e-21,-1.7155481232986796e-15,0.0007684666628081676,3.672115083203369e-19,7.843882728957366e-25,2.9210361506467417e-21,4.741224982997028e-21,8.004553431893075e-16,3.6721150831341453e-19,0.0007684666628081683,-1.0721660835263851e-26,3.513875379363069e-05,-4.7477376536016084e-05,-5.452240616409533e-27,8.485575683314154e-25,-1.0738074954199223e-26,0.03512344593897887
1774036447990678684,129,1774036447957039356,center_camera,base_link_12,-0.42900010626481583,0.2504999912549829,-4.1309173219313342e-19,0.0,0.0,-0.580041682262135,0.8145867951535382,0.004288324278680428,9.044837665048478e-17,-6.8719285622675395e-28,-4.658204434644353e-17,-6.987137324056256e-17,-2.2927711644735714e-14,9.044838295773695e-17,0.004288324278680447,-4.35310638080804e-28,-1.90694715442869e-18,-2.8604207253203326e-18,-3.536776177915507e-13,-1.3623548644344239e-27,-3.7303373429717744e-28,0.005145589321582617,-2.837175454002103e-13,7.495150408888125e-14,9.919090800543064e-32,-4.658204434644382e-17,-1.9069471512400565e-18,-2.837175454002103e-13,0.0025737936857538083,2.8829520587363944e-15,6.593263605336133e-22,-6.987137324056248e-17,-2.860420728508946e-18,7.495150398300214e-14,2.8829520646128906e-15,0.002573793685748636,9.86508994272864e-22,-2.2927711644735714e-14,-3.536776177915507e-13,-5.540683064592001e-31,6.593263606601289e-22,9.865089946627403e-22,0.005145589356224497,-0.000705718487806937,-0.004365491193026911,5.5503067569824e-20,-2.0631311263866432e-18,-2.0599121625259836e-18,-0.41291253076031037,0.05929039296208455,-7.154388893996896e-08,-6.6664355533246265e-25,-4.581083809360925e-23,-1.822845551753783e-21,3.163747487778417e-05,-7.154388893968759e-08,0.059290444129816634,-1.328897702562414e-24,-2.538189858410599e-21,-6.1575570868026705e-21,-4.068936849264046e-05,-4.584751259729416e-24,5.885914771758213e-26,0.003431059000067605,-2.1090391953958948e-15,5.496407500056474e-16,2.0416382505019566e-25,-7.720282598046152e-23,-2.5273228026377997e-21,-2.1090391953962064e-15,0.0008592610889317183,2.360656605844778e-19,2.064797962596085e-24,-1.7914535887506166e-21,-6.1684233347934984e-21,5.496407500055302e-16,2.360656605750769e-19,0.0008592610889317191,3.0948373023359247e-24,3.163747487778417e-05,-4.068936849264046e-05,4.471774437438283e-28,1.977882760879309e-24,2.974951265577305e-24,0.03497159825970734
1774036448090804921,130,1774036448029360533,center_camera,base_link_12,-0.42900006216603037,0.250499978664999,-8.653130046813357e-19,0.0,0.0,-0.5800408314358328,0.8145874009995661,0.0036180581755017264,4.848779050288278e-17,3.279617131807043e-25,-3.303879644945099e-17,-4.955729539999008e-17,3.802164580011405e-14,4.848779055458157e-17,0.003618058175501743,-8.280582078396897e-28,-1.0167077946996359e-17,-1.5250908279478808e-17,-2.0946517695909727e-13,-3.6941815227269407e-25,-9.825296188023763e-28,0.0043412700088640704,-1.7211334633776575e-13,8.345685906697058e-16,9.953186640543482e-29,-3.303879644126256e-17,-1.0167077946996408e-17,-1.7211334633776575e-13,0.0021716341319171378,2.9926936267831178e-15,6.700092860022293e-21,-4.955729491131715e-17,-1.525090778100956e-17,8.345685902561155e-16,2.9926936215253914e-15,0.0021716341319115533,1.0050462633289235e-20,3.802164580011405e-14,-2.094651771708555e-13,-7.699921047506901e-29,6.700093347123562e-21,1.0050462585819227e-20,0.004341270028885653,0.0004299658582083377,-0.0037214104639847613,3.02649326770905e-19,-6.432450774893749e-20,-1.2014713851680188e-18,-0.398731031055147,0.06010430953496213,-6.130424623910182e-08,-5.375102403346406e-25,8.452356075240189e-22,1.3607532400048e-21,2.9392317620278097e-05,-6.130424623938405e-08,0.060104350014690396,-3.762555484971695e-24,1.4743376601039778e-21,2.060184238153833e-21,-3.65386393205915e-05,-1.265538420683288e-23,4.56552661295223e-25,0.002894846184086799,-9.199327041449429e-16,4.36239099683363e-18,-1.0229259675306626e-25,5.768523597359125e-22,6.989862514195675e-22,-9.199327041447827e-16,0.0007252082732581544,-2.1672067952697107e-21,1.7866841270104116e-24,1.286221850157949e-21,1.217708832301858e-21,4.36239099683294e-18,-2.1672067899477884e-21,0.0007252082732581547,2.653320128273308e-24,2.9392317620278097e-05,-3.65386393205915e-05,2.542532237036275e-27,1.4359963997701972e-24,2.147033952872474e-24,0.03521684915725966
1774036448157348527,131,1774036448114840269,center_camera,base_link_12,-0.42900006058208917,0.2504999519154746,-6.979229869856368e-19,0.0,0.0,-0.5800415672495247,0.8145868770503949,0.0042759860798961035,7.689091882588091e-17,1.760871904310038e-26,1.2149593966990567e-17,-3.6447723611923546e-17,1.0034138005148127e-13,7.689091882588091e-17,0.004275986079896127,1.8250840650722697e-25,8.968614645509318e-18,-2.6905499643189873e-17,-2.218974647141814e-13,9.435186040145184e-28,-1.9504097560208942e-25,0.005130783488859208,-2.0411361813966339e-13,-6.769032738343357e-14,-1.0362877677318217e-28,1.2149593966985638e-17,8.968614365479388e-18,-2.0411361803378427e-13,0.0025663907108501634,-1.1284714803625933e-16,9.944414516899409e-21,-3.644772362854172e-17,-2.690549934251913e-17,-6.769032735696379e-14,-1.1284715426555942e-16,0.0025663907108555537,-5.1908955474807245e-21,1.0034137994560215e-13,-2.218974647141814e-13,4.5470592644519764e-29,9.944414272658938e-21,-5.190896138754734e-21,0.005130783527525935,0.001636830792761542,-0.002907879878988142,8.455743746129329e-19,-7.34317283202401e-19,8.136780309338944e-19,-0.3764145722209184,0.05912980005064185,-4.7146620875674165e-08,1.1036107103389085e-24,-3.70599757678272e-22,1.6176529620291484e-21,2.5983272808637787e-05,-4.714662087580122e-08,0.05912982675846971,-5.681693865469373e-24,4.01588038666477e-21,-1.095261420891859e-22,-3.0135928992300406e-05,-3.326023301069336e-22,-1.0768076986519591e-21,0.0034211884122380314,-1.4879902150708382e-15,-5.2099200951659e-16,6.1317317862628785e-25,-3.7061886540093757e-22,4.015887176219874e-21,-1.4879902150705477e-15,0.0008567932240920419,-1.5926938132658746e-19,-5.035681830601788e-25,1.963751351344387e-21,-8.220329777883295e-22,-5.209920095165596e-16,-1.5926938131614883e-19,0.0008567932240920428,2.9570182047959953e-24,2.598327280863779e-05,-3.0135928992300406e-05,2.8481945406684896e-27,-4.180509504253181e-25,2.5200214050081032e-24,0.0349555062660042
1774036448224054156,132,1774036448186569452,center_camera,base_link_12,-0.42900002772612167,0.25049995296517885,-5.408273545920312e-19,0.0,0.0,-0.5800406196092205,0.8145875518342713,0.0035884585062911636,3.5032158327340855e-17,-3.1612746690748605e-28,1.0299598991483319e-26,-7.559440580323524e-18,1.214190544253504e-13,3.5032155367585226e-17,0.0035884585062911784,3.3950963587459163e-25,-8.555078755157412e-29,-1.2087823618503438e-17,-1.056148602208702e-13,-3.170890733843683e-28,-3.807801761564009e-25,0.00430575040726796,-1.1129036509691559e-13,-9.484552689308158e-14,-6.109897441884809e-29,-5.767568945927759e-27,-1.5029596249365054e-28,-1.1129036520279471e-13,0.002153874328414567,-2.9207972348097403e-15,1.0428699339857203e-30,-7.559440580323521e-18,-1.2087823618558614e-17,-9.484552694602114e-14,-2.920797229535858e-15,0.0021538743284144134,7.41684399940291e-21,1.2141905421359216e-13,-1.056148602208702e-13,-2.6528475767589162e-31,-3.885758921366881e-31,7.416843999402854e-21,0.004305750427078522,0.0025993968594866536,-0.002352698243667719,1.072604456793508e-18,2.130199155527648e-19,-2.8937845732978903e-19,-0.36365984326505074,0.05996922283185218,-3.966254503378983e-08,4.204595733193045e-24,3.435332468687877e-22,-4.5462374122784715e-22,2.3981310843383422e-05,-3.96625450335299e-08,0.05996924267416898,-5.4298141651826274e-24,-1.0248159520478243e-21,2.5371179432367205e-21,-2.6546392384997717e-05,4.181649156875271e-24,-5.42213298040761e-24,0.0028711664483307415,-5.714871384616205e-16,-4.870427682714801e-16,2.9259892321492836e-27,3.4353347701327303e-22,-1.024815285767464e-21,-5.714871384616633e-16,0.0007192883299946911,-9.572555980258672e-20,2.3138973872886287e-27,-4.546237448243821e-22,2.5371179444841548e-21,-4.870427682715939e-16,-9.572555980783291e-20,0.0007192883299946913,5.990216586818805e-25,2.398131084338342e-05,-2.6546392384997717e-05,3.3183749834733196e-27,-3.7826778217964915e-27,5.990231916723755e-25,0.03520554408198268
1774036448324078779,133,1774036448270996809,center_camera,base_link_12,-0.4290000176468387,0.25049992041729036,-1.5038445379543887e-18,0.0,0.0,-0.5800412928595406,0.8145870724347598,0.004223367091836952,5.674680867463693e-17,-9.309323038740968e-26,-1.9067656943369004e-17,3.813568426386669e-18,2.036239117586807e-13,5.674680872633572e-17,0.004223367091836972,3.6324114531073073e-25,-7.596960391580054e-17,1.5194058737313566e-17,-9.259724951170642e-14,9.765767695883274e-26,-3.9718526254199377e-25,0.005067640706672813,-1.2291218949345194e-13,-1.9464126330183689e-13,-2.715613987176422e-29,-1.9067656935077962e-17,-7.596960387819227e-17,-1.229121895463915e-13,0.002534819310933245,-2.773814819791856e-15,1.332949486261557e-20,3.8135684264124665e-18,1.5194058155595366e-17,-1.9464126330183689e-13,-2.7738148260730566e-15,0.0025348193109383634,-2.6659713813680626e-21,2.0362391154692247e-13,-9.259724961758553e-14,-5.064613588324476e-29,1.3329495425503016e-20,-2.6659713653341918e-21,0.005067640745041853,0.003545184201922406,-0.0016848568834393072,3.211359839496011e-19,5.156949174872294e-19,-1.1463511960923821e-18,-0.3436281597011984,0.0590486965485211,-2.9558177128275767e-08,2.282474647269632e-24,6.77881572741881e-21,-2.1772844315845536e-21,2.0938421844190298e-05,-2.9558177128246895e-08,0.059048708011305615,-1.2605844102899839e-24,-4.4438657231398254e-21,1.708904964493829e-21,-2.100411203789266e-05,7.975769228442215e-24,1.5216225863574324e-23,0.0033790932194555983,-8.455116956557475e-16,-1.3841878352953283e-15,2.0073510727941868e-25,6.869973712016493e-21,-4.180523742766962e-21,-8.455116956555577e-16,0.0008462693942524436,-2.408575434634605e-19,3.932861453649329e-24,-1.650637498300825e-21,1.526606751105229e-21,-1.3841878352949254e-15,-2.4085754345308876e-19,0.0008462693942524437,-6.0956279993133e-25,2.093842184419029e-05,-2.1004112037892663e-05,1.352034824777076e-27,4.015117706573952e-24,-8.126315900787906e-25,0.03495495061497747
1774036448390736535,134,1774036448351477623,center_camera,base_link_12,-0.4289999984605876,0.2504999232336949,-8.480997741425457e-19,0.0,0.0,-0.5800406764578756,0.8145875113542376,0.004026040049563492,3.159719348489607e-17,-2.6626401871787627e-27,-3.100254380495076e-19,-9.23783899601932e-29,2.103786966987551e-13,3.15971876170836e-17,0.004026040049563506,-3.3057498188828505e-25,-5.98830243148235e-17,6.429515140909571e-25,-2.231769349801842e-14,3.155324923226083e-27,3.8714967469980203e-25,0.004830848246971426,-6.825407111439073e-14,-1.9980329564058642e-13,1.2408653501008612e-29,-3.100254420888819e-19,-5.988302431478792e-17,-6.825407106145117e-14,0.002416423237422156,2.9416718805077803e-15,1.5884346293178891e-21,1.3388977175707e-29,-3.642698551937125e-25,-1.9980329564058642e-13,2.9416718751684668e-15,0.0024164232374164845,-9.096786986119989e-29,2.103786966987551e-13,-2.23176935244882e-14,-9.27477660995957e-33,1.5884346297955564e-21,1.6349951624712462e-28,0.004830848272297285,0.004419638099166193,-0.0011342495061135924,9.40949862806928e-19,1.789433698041462e-18,-7.185061415952762e-19,-0.32892544658654527,0.0594172228390685,-2.2980323206206053e-08,8.724512992829057e-24,-1.866735080480516e-21,1.2567182740563987e-21,1.8720342183520024e-05,-2.2980323206066736e-08,0.059417229316444,-3.0173107561440473e-24,2.3072281407232384e-21,-6.059624838051782e-22,-1.7033075286858658e-05,1.7327686274254665e-21,-5.997897678787804e-22,0.0032212316679140303,-4.1484294533929856e-16,-1.2916138374958346e-15,7.575045212820902e-25,-1.8667346001990835e-21,2.3072283341500717e-21,-4.1484294533931616e-16,0.0008068045927757112,-1.4390601133248983e-19,1.82620432846487e-24,3.9658430113781774e-22,-3.0446259533444673e-22,-1.2916138374961638e-15,-1.4390601132568554e-19,0.0008068045927757106,-4.097952489449258e-25,1.8720342183520024e-05,-1.7033075286858658e-05,4.217612056199338e-27,1.826210699037203e-24,-6.674588995229999e-27,0.03506889609509305
1774036448457339185,135,1774036448426689386,center_camera,base_link_12,-0.42899998504521086,0.2504999141645584,1.124840240573355e-18,0.0,0.0,-0.5800405522356107,0.8145875998087669,0.003762587483140927,2.5538516455328747e-17,-4.107820056841119e-26,3.050848717727698e-18,5.393989788733182e-28,2.4102309215703844e-13,2.5538519557256044e-17,0.0037625874831409426,-1.8280793748743695e-26,-2.0231078828036898e-17,-4.458309045982629e-27,1.9568914883082974e-14,4.804303777004806e-26,2.7839109727860224e-26,0.004514705182080856,-3.7439847111899905e-14,-2.337478647631826e-13,-1.7993228701952024e-29,3.0508485850718534e-18,-2.0231078828035582e-17,-3.7439847058960346e-14,0.0022583516614015785,-2.8305783576145878e-15,-4.842910622698874e-21,1.5156823535197525e-27,-1.21380083527033e-26,-2.3374786455142434e-13,-2.830578360415208e-15,0.0022583516614013534,1.1098228857779492e-30,2.410230919452802e-13,1.9568914856613195e-14,1.2690271719261058e-30,-4.842910645268218e-21,-1.0537701912266315e-30,0.004514705206581236,0.005163820567535037,-0.0006592239942247069,-4.3261212622782605e-19,-1.280761061205067e-18,1.51838079488036e-19,-0.3159461229876001,0.05980596080334315,-1.7881546657330974e-08,-2.2712736133997398e-24,-3.123860808614802e-21,-1.076004167055909e-22,1.6757431232583556e-05,-1.7881546657675005e-08,0.05980596392476584,-6.604802485288301e-26,1.1688647844512703e-21,3.3622080583498954e-23,-1.3642171224402045e-05,-7.613369592069565e-23,-2.134561269773756e-22,0.003010469600836014,-2.113597734477366e-16,-1.3195405026985563e-15,2.625864336383811e-26,-3.0869612582766797e-21,1.275465367189021e-21,-2.113597734477169e-16,0.0007541139145909491,-8.259953042277237e-20,2.4525910405947474e-25,-9.972512556882927e-22,2.222071336952883e-22,-1.3195405026984506e-15,-8.259953041950835e-20,0.0007541139145909487,-3.2533886808046346e-25,1.675743123258356e-05,-1.3642171224402045e-05,-7.940998154898745e-28,2.71295720570859e-25,1.0246592496329909e-27,0.0351893150061664
1774036448558064130,136,1774036448501588106,center_camera,base_link_12,-0.428999971471899,0.25049989947629114,1.6885643984676338e-18,0.0,0.0,-0.5800405941021889,0.8145875699969769,0.0037469352593330757,2.4362049678439677e-17,-9.016135696963779e-26,1.0852411139644262e-17,-1.0852410950976661e-17,2.848056123722759e-13,2.4362049678439677e-17,0.0037469352593330852,7.08204771155244e-25,-4.171132360859196e-17,4.171132354738593e-17,5.817057041135679e-14,9.446267714806499e-26,-7.902042582753128e-25,0.004495922522957934,-1.9533189865634205e-14,-2.889036954139461e-13,3.640221881189157e-29,1.0852411139646288e-17,-4.171132244712781e-17,-1.9533189865634205e-14,0.0022489602667564914,2.7148544519691265e-15,4.386627507277199e-22,-1.085241124130905e-17,4.171132244992117e-17,-2.889036952021879e-13,2.714854460960071e-15,0.0022489602667562637,-6.3686865360404735e-21,2.8480561258403413e-13,5.817057041135679e-14,-1.1284397998854542e-29,4.386625131143389e-22,-6.368686608053249e-21,0.004495922550799714,0.00580490269204589,-0.00022012402133536374,5.446879049702936e-19,3.270751199266022e-19,-1.3039018372181811e-18,-0.3027054713530305,0.05985154851747357,-1.342188676499509e-08,2.5723137852325656e-24,1.8237255766651197e-21,-3.28212012551521e-21,1.4780567791157003e-05,-1.3421886765576328e-08,0.059851549198551506,1.853141853704198e-25,1.1342560545080563e-23,2.6346743928212545e-22,-1.0292386512588253e-05,-1.7613160388316288e-21,6.107384632208783e-22,0.0029979477917020003,-8.778331383304545e-17,-1.5955683158939403e-15,-7.426180419014897e-25,1.8237858382654215e-21,1.1321704664596057e-23,-8.778331383303332e-17,0.0007509832193019803,-4.0595305984789305e-20,1.0167230978751279e-24,-4.191630101743991e-21,5.783098536296984e-22,-1.5955683158941045e-15,-4.0595305995949894e-20,0.0007509832193019792,-1.6009845093751168e-24,1.4780567791157001e-05,-1.0292386512588253e-05,7.021697296869914e-28,1.0203175732241027e-24,-1.245788119211938e-24,0.03521259461054664
1774036448624087441,137,1774036448586610317,center_camera,base_link_12,-0.42899995420579223,0.2504998781569746,7.489279765430423e-19,0.0,0.0,-0.5800407552535856,0.8145874552464273,0.00425310983866918,2.7223279824969788e-17,-1.7635302316913395e-25,-1.7987065757505415e-17,8.99374487792781e-18,3.443851276472166e-13,2.7223279824969788e-17,0.00425310983866919,3.274888881173081e-25,5.1541107025435195e-17,-2.577140087479784e-17,1.032258828848409e-13,1.906505948991507e-25,-3.5720088945736307e-25,0.0051033319974177265,1.417233048547313e-14,-3.682841313372941e-13,-3.749746596009222e-29,-1.798706573944446e-17,5.154110699350375e-17,1.4172330492090576e-14,0.002552664999973313,-2.7113714975188536e-15,6.799703091074752e-21,8.99374433401822e-18,-2.5771399718902104e-17,-3.682841313372941e-13,-2.7113715005278847e-15,0.0025526649999729734,-1.8781303937277611e-22,3.443851276472166e-13,1.0322588299072001e-13,-3.034466590752437e-30,6.799703085654189e-21,-1.8781334544474304e-22,0.005103332033175123,0.0063754030964804686,0.00023086219718796948,7.071254266324378e-19,1.6284352631356412e-18,2.38891375214449e-19,-0.2864806069863767,0.059166110607124726,-8.915707898721327e-09,1.2249999073080598e-23,-9.316767462885214e-21,6.507131765825953e-21,1.2429056688493254e-05,-8.915707899021485e-09,0.05916610945231803,1.5121569084772278e-25,2.945940114794904e-22,-2.8134926740126484e-22,-6.187906575024918e-06,1.505800214628615e-22,-1.2099674748801388e-23,0.003402887437938891,7.449566035784764e-17,-2.628628919496345e-15,5.956357294781978e-26,-8.298988741016773e-21,-5.770974974229792e-23,7.449566035785348e-17,0.000852218113469368,3.6479087323399885e-20,-4.763882488798514e-25,6.683372356855002e-21,2.2755086713665976e-22,-2.6286289194962836e-15,3.647908732823622e-20,0.0008522181134693667,4.0235896118576096e-25,1.2429056688493252e-05,-6.18790657502492e-06,2.729749034827411e-27,-8.588803995703152e-25,5.8096315996217735e-25,0.03502570266403678
1774036448724305837,138,1774036448663830757,center_camera,base_link_12,-0.42899995290110904,0.2504998940822781,-3.003561096663671e-19,0.0,0.0,-0.5800402449460433,0.8145878186192904,0.0038630213459181226,1.338119768188649e-17,-1.6226513778709236e-25,4.706599656703536e-17,4.706565263125407e-17,3.076786270762009e-13,1.3381200577018633e-17,0.003863021345918128,6.812590017480553e-25,-1.1212846762234297e-16,-1.1212793849584638e-16,1.1966632641704676e-13,1.8602621667623324e-25,-7.392796461059547e-25,0.004635225806956556,2.307791386645506e-14,-3.099564937007038e-13,4.856649440110165e-29,4.7065996595900746e-17,-1.1212846869088675e-16,2.307791389292484e-14,0.002318612023269875,-1.140368237049211e-16,8.047847586524914e-21,4.706565263134218e-17,-1.121279395004277e-16,-3.099564941242203e-13,-1.1403682370471914e-16,0.0023186120232812878,8.047543938237277e-21,3.076786270762009e-13,1.1966632641704676e-13,2.9492470015223328e-31,8.047847513712054e-21,8.047543877545389e-21,0.004635225830076731,0.006951046650895686,0.0006119441915450973,6.630298633252802e-19,-1.52524455918868e-18,1.354415325496921e-18,-0.2752117401471488,0.059724717159427114,-6.267912653151532e-09,1.1206005960061316e-23,1.1674534155840178e-20,5.642752077916632e-21,1.0818469186209745e-05,-6.267912653423192e-09,0.05972471534334594,-1.584937496969664e-25,4.863921449345662e-22,4.902517437771995e-22,-3.485423793591681e-06,1.5447165052174319e-21,-5.888925895298022e-22,0.0030908167116769866,1.617010785537381e-16,-1.8690187044717696e-15,5.004966307019342e-25,1.0990863399194048e-20,1.185917530867285e-21,1.6170107855375487e-16,0.000774200877403767,8.334896935618722e-20,1.0515519609033365e-24,4.8160051054863204e-21,7.764284941455236e-22,-1.8690187044725163e-15,8.334896935617146e-20,0.0007742008774037665,1.1395368381868027e-24,1.0818469186209746e-05,-3.4854237935916804e-06,2.5452427974021798e-27,1.4640855222047117e-24,1.4764961259853943e-24,0.03519229861021606
1774036448790736697,139,1774036448740890980,center_camera,base_link_12,-0.42899993872881925,0.2504998772634001,-2.052595349127085e-18,0.0,0.0,-0.5800403318236768,0.8145877567566794,0.0038550104220271258,1.3369317610531426e-17,-5.024393438280145e-28,3.5354646427567587e-25,1.2824792292669966e-17,3.5703089629237077e-13,1.3369314301808976e-17,0.003855010422027136,-6.859341494591373e-25,6.9077104523803145e-25,-2.7038062304864527e-17,1.5936940382116772e-13,5.337764584028569e-28,7.500795423325783e-25,0.004625612710513516,4.906380121396345e-14,-3.767721500341493e-13,-1.6951008404705768e-28,-1.9035292678182644e-25,-3.689958458498832e-25,4.906380124043323e-14,0.0023138053862235154,2.779769976802736e-17,9.364666794613134e-29,1.2824792306712294e-17,-2.7038062233822034e-17,-3.767721504576658e-13,2.7797691009828536e-17,0.0023138053862233046,-1.2479343939539834e-21,3.5703089671588724e-13,1.5936940382116772e-13,-4.228956867560369e-31,1.7836636997169007e-28,-1.2479341247903985e-21,0.0046256127384378485,0.007405437108413153,0.0009535195963491103,8.900807389303156e-19,1.934670113227362e-18,2.624946120873572e-18,-0.2633351067554448,0.05977463166814645,-4.057116043955626e-09,1.1995836931548584e-23,-9.037790970333557e-21,-7.20181898208307e-21,9.157429708288938e-06,-4.057116044393784e-09,0.059774629801320776,2.0794967299083593e-24,-5.175812808973067e-22,-2.9306551505891676e-22,-7.690139213509365e-07,1.2048607962745591e-23,2.048480465741594e-24,0.0030844079309941485,2.9072816209157015e-16,-2.2094505389079297e-15,3.805250086877405e-27,-9.195151084382182e-21,-9.720016607736147e-22,2.9072816209160974e-16,0.0007725983503075736,1.6450486984559349e-19,1.390326559219527e-25,-7.044501460252977e-21,1.614013332831585e-22,-2.20945053890818e-15,1.6450486985673034e-19,0.0007725983503075719,1.039703827296265e-25,9.157429708288933e-06,-7.690139213509348e-07,5.516340450299671e-28,6.471974379761747e-27,2.6238416521336307e-25,0.035214823680847225
1774036448857442509,140,1774036448815320730,center_camera,base_link_12,-0.42899993239872874,0.2504998754189737,1.181815599956373e-18,0.0,0.0,-0.5800402047150267,0.8145878472664259,0.0037234868073661173,9.857461315367371e-18,-7.798104160362003e-27,2.818937944073464e-17,-4.2284122044424486e-17,3.6513562813367045e-13,9.8574550081152e-18,0.0037234868073661226,4.50883844984091e-26,-5.436716759031498e-17,8.154641214205762e-17,1.8107392598644358e-13,-7.298585936170585e-27,1.508752823112002e-26,0.004467784378175499,6.337560134535228e-14,-3.8122339943977073e-13,-4.21718349733331e-29,2.8189379440734586e-17,-5.4367166553403825e-17,6.337560126594294e-14,0.002234891217963681,2.7922149156070975e-15,1.2089289271090845e-21,-4.22841220798939e-17,8.154641100700959e-17,-3.8122339901625426e-13,2.7922149243841785e-15,0.002234891217963573,5.735802867092397e-21,3.651356285571869e-13,1.8107392598644358e-13,4.520510124301852e-29,1.2089290245980966e-21,5.735802760114921e-21,0.004467784404426788,0.007808018734337636,0.0012572371926090928,-9.446941368735883e-19,-1.0459767963726185e-18,-3.818658473541322e-19,-0.2526742625935531,0.05996718539542477,-2.491951424236776e-09,-1.754641307746422e-23,4.29867758690677e-21,-8.545851805987605e-21,7.703046007133169e-06,-2.491951424236531e-09,0.0599671839275699,-6.494992275596825e-25,6.314438015017301e-22,-1.1997904973656371e-21,1.5429540213471974e-06,1.7524833308920472e-21,-6.13370344791451e-22,0.002979189041900063,3.5033003518801145e-16,-2.1073423175525646e-15,5.537919707233701e-25,5.182915433859468e-21,3.253656220932065e-22,3.5033003518803536e-16,0.0007462936209635386,2.03290590055075e-19,9.170567365780333e-25,-8.545911273139546e-21,-1.199769013982539e-21,-2.1073423175523524e-15,2.0329059004458824e-19,0.0007462936209635375,-7.984345427268009e-25,7.703046007133169e-06,1.542954021347199e-06,-2.7961131383837875e-27,6.800069182342561e-25,-7.7033939980200885e-25,0.03527777661923608
1774036449024078014,141,1774036448979800463,center_camera,base_link_12,-0.4542452551076738,0.2517495209777226,4.154391993786573e-19,-1.7025272813144424e-16,1.4254057366277778e-16,-0.6419456744328628,0.7667501229715826,0.008225986075441623,8.915571762240798e-17,7.691669953342117e-25,-1.111170815080854e-16,-8.38824646739097e-27,6.012642632247773e-13,8.915573747474268e-17,0.008225986075441593,1.0561344933477896e-24,1.932119053743273e-16,1.279535457346181e-24,3.210090062893251e-13,-6.103428815016285e-25,-1.1093573218289371e-24,0.009870783279537686,2.3298181716541086e-13,-9.777223984518634e-13,1.3095966167137268e-27,-1.1111708138361073e-16,1.9321190324080926e-16,2.329818173771691e-13,0.004936390636194875,-2.2625333528109334e-15,-5.851683057799902e-21,-9.492358108624772e-27,-6.074892933827895e-25,-9.777223988753799e-13,-2.2625333467613673e-15,0.00493639063618789,2.8824287833187644e-28,6.012642640718102e-13,3.2100900713635805e-13,1.3706207753511465e-29,-5.851683436556952e-21,1.8290496158947533e-28,0.009870783397693785,-0.011655889569441236,-0.044724524750220714,-1.0624656008985024e-18,-2.437793938542651e-18,-1.883122644318818e-18,-0.37567768997320106,0.050637923018314004,-7.797734234974954e-11,-2.455219556525259e-23,-7.534490802944925e-20,1.3356248687318765e-20,1.3733415239670516e-06,-7.797734130678563e-11,0.05063793154178086,-1.2814628851589975e-23,-1.389078821656092e-20,2.6189199269912527e-21,1.5818532054661955e-05,-1.2743601259596478e-20,4.39013480231374e-21,0.006581188275870576,6.185376016700033e-15,-2.6391750605629184e-14,-5.768824312170935e-24,-7.424584282668655e-20,-1.0714156147002288e-20,6.185376016699955e-15,0.0016467932763372176,8.972172427402237e-18,-8.6624840329287e-24,7.002839876847436e-21,4.818147330227449e-21,-2.639175060562372e-14,8.972172427365861e-18,0.001646793276337181,-2.7127064492630413e-24,1.37334152396706e-06,1.5818532054661955e-05,1.5777224873315274e-27,-6.929323547817015e-24,-1.505292346220766e-26,0.03235827633331365
1774036449124701462,142,1774036449058737516,center_camera,base_link_12,-0.4792474981747965,0.2520000628213507,9.958089919855779e-20,1.099056697499951e-15,1.0990727445987593e-15,-0.7071016190456897,0.7071119432897202,0.003948852333264306,1.89403647672105e-17,-1.4888740928386474e-26,3.2191687229949015e-25,1.2067313534160842e-15,-8.612627280736758e-14,1.8940363112849276e-17,0.003948852333264358,3.4051570531714826e-25,2.7513817491034687e-27,-8.574712096731462e-17,-1.2612888706554914e-12,-3.7766893600789807e-26,-4.433139746654492e-25,0.004738222916939254,-1.0911037698346782e-12,2.356541348573515e-13,-1.605111036555422e-27,-2.190090101225233e-25,1.447552006203265e-27,-1.0911037664465464e-12,0.002370111003376015,8.672209741432495e-16,-2.124071287691912e-28,1.2067313538487537e-15,-8.574712099406593e-17,2.356541348573515e-13,8.672209686607545e-16,0.0023701110033801064,-1.905687703599724e-21,-8.612627365440053e-14,-1.2612888706554914e-12,-9.135472632122206e-29,3.3421428068200047e-28,-1.9056882021460036e-21,0.004738222923026718,-0.012785175409165527,-0.056040000560382885,-7.586988674903229e-19,3.0526328974801305e-18,-8.223748978253476e-19,-0.41300619755981627,0.053681647340751676,2.0585611954669596e-09,1.5710712612706003e-23,1.3906574647966686e-20,6.624070913278568e-21,5.398323130822096e-06,2.0585611953844632e-09,0.05368165469784401,8.542005089090863e-23,3.738885563428108e-21,2.4628939779087898e-20,1.4724422852717292e-05,-2.319579493031431e-22,-7.116447716969373e-22,0.0031594816895722097,-6.791849200538009e-15,1.5046124679416357e-15,-1.179956371105843e-25,1.3906573694862234e-20,3.7388985930514796e-21,-6.791849200539316e-15,0.0007913687127793913,5.394942558172357e-18,-9.862575435422284e-26,9.770148036082403e-21,3.752396479820126e-20,1.5046124679416104e-15,5.394942558175293e-18,0.0007913687127794155,1.1731817353219053e-23,5.398323130822095e-06,1.4724422852717285e-05,1.3031362985862832e-26,-9.863859240955841e-26,7.561972325880471e-24,0.03328833387360406
1774036449191283344,143,1774036449132864475,center_camera,base_link_12,-0.5137428159658263,0.25225041480956,-1.2478903541030906e-18,1.2332003194655359e-14,1.0212810161940683e-14,-0.8043736137684547,0.5941237997867758,0.0037083472370728317,1.4836185404425751e-16,-4.913373020663333e-26,-2.207481395202854e-16,4.4840445456610806e-15,-6.217592308117035e-13,1.4836185404425751e-16,0.003708347237073183,-5.98180143320318e-25,4.9087878483359775e-17,-1.9635718645412285e-16,-2.8538967487780256e-12,-8.0834841368919145e-25,1.0085724537093845e-24,0.004449616897853089,-2.6671773395160444e-12,5.127178271282075e-13,3.3573413551265105e-27,-2.207481482058179e-16,4.9087880640909506e-17,-2.6671773412101103e-12,0.0022258075015361167,2.231709769281777e-15,5.165382236419596e-22,4.4840445448940845e-15,-1.9635718645473375e-16,5.12717827551724e-13,2.231709769281575e-15,0.0022258075015416418,4.52446667957562e-21,-6.217592299646705e-13,-2.8538967453898938e-12,2.8210690573427158e-28,5.165374017256675e-22,4.524466596776918e-21,0.004449616921369742,-0.010702945260395873,-0.08709615433209668,6.4657618366842445e-19,-7.832690184132909e-19,-6.947785865628703e-20,-0.5473622683401047,0.054589986110803346,5.188060925827192e-09,3.5810209514624684e-22,3.3925417409090155e-22,2.4782195087560868e-21,1.442965044887524e-05,5.188060925828165e-09,0.05458998626558326,-1.2190418965238505e-22,1.3446107104781759e-21,2.32137295761929e-19,1.1764508403721298e-05,3.58086060398301e-22,-1.2218717330895017e-22,0.0029670774012866465,-1.4646424721711947e-14,2.7897437914580914e-15,-7.760577960523593e-27,3.3973432598614893e-22,7.948609968508054e-21,-1.464642472171335e-14,0.0007432657970256123,1.1754122608816389e-17,5.325953484861539e-24,2.4778394730825395e-21,2.2553372840955766e-19,2.789743791457925e-15,1.175412260881743e-17,0.0007432657970256718,1.8435363633858262e-22,1.442965044887523e-05,1.1764508403721298e-05,4.4111240040332395e-26,5.17068130483533e-26,1.8962778515367732e-22,0.033533572735630436
1774036449257646658,144,1774036449214360952,center_camera,base_link_12,-0.5342465116586761,0.25250084053392235,1.1500059572462604e-18,1.1778809691772255e-15,2.0592914597793975e-16,-0.8506440213512003,0.525742093558675,0.004076823121758409,6.583573244003604e-16,2.469645821371326e-24,3.2688985633408794e-16,1.6343914600197592e-15,-2.040495727503237e-12,6.583573376352502e-16,0.004076823121759315,1.0743585122315446e-24,-1.4462966488037748e-16,-4.212866083341913e-15,-4.647493039689572e-12,2.459551897732532e-24,1.7248057828741205e-24,0.004891787953612492,-4.858101673222738e-12,3.618839660579501e-13,1.7305551816501275e-26,3.268898563340132e-16,-1.4462965988805547e-16,-4.858101669834606e-12,0.002446892969437545,5.400937650671366e-15,-1.77342027251719e-21,1.6343914600197648e-15,-4.21286608799143e-15,3.618839660579501e-13,5.4009376385259876e-15,0.0024468929694672044,1.5993344710606347e-21,-2.040495727503237e-12,-4.647493039689572e-12,1.5910869741357882e-26,-1.773431418879562e-21,1.5993443092688258e-21,0.004891787985717961,-0.001735476788737738,-0.1037199108089342,-7.85497392034644e-19,-1.443953524617176e-18,7.104142710778211e-19,-0.6179490117096039,0.05480413319812239,9.175760218124065e-09,4.903908669422494e-21,1.7817532670177498e-20,2.0292557131640665e-19,3.3944246585303567e-05,9.175760218362402e-09,0.054804103134825956,9.264928100659798e-22,1.4569153400945973e-19,2.377389208926342e-19,8.341260496072267e-06,-9.414778282475971e-21,-3.475972936414749e-21,0.0032618580699716837,-3.2191992332890007e-14,2.3712637555649785e-15,5.482589645031893e-23,1.781781946345194e-20,1.4569162220323557e-19,-3.219199233290281e-14,0.0008169607333610175,1.7061126950758396e-17,2.5987596036696005e-23,2.1030810067121687e-19,2.400090042582347e-19,2.371263755565809e-15,1.7061126950777585e-17,0.000816960733361248,-4.585833795186715e-22,3.3944246585303567e-05,8.34126049607225e-06,3.865994508413783e-24,2.5988617805994017e-23,-4.3227809280769855e-22,0.03356452591179335
1774036449357565387,145,1774036449293359756,center_camera,base_link_12,-0.5532472722604097,0.25275098655015293,-2.3444475706068624e-20,2.3890180186198155e-15,-7.768398473803624e-16,-0.8911097691016472,0.45378781320305306,0.00395193952755876,5.858427676114707e-16,1.953058708754485e-24,8.580356727797703e-16,1.6006711330325149e-15,-2.4771969448866924e-12,5.858427676114707e-16,0.003951939527559445,1.4212106360733617e-24,1.4467264380197162e-15,-8.266979923438463e-16,-4.812635133347263e-12,4.502455375133708e-25,1.422643898886093e-24,0.004741927632439905,-5.078193752007867e-12,-1.8093935182700354e-13,1.1683771247670135e-26,8.580356556119614e-16,1.4467264385560363e-15,-5.078193758784131e-12,0.002371962900262961,1.1967348975611213e-15,-2.9924158678438304e-20,1.6006711334679957e-15,-8.26697992343844e-16,-1.8093935193288265e-13,1.1967348920390444e-15,0.002371962900311105,4.031445656668696e-20,-2.4771969448866924e-12,-4.812635133347263e-12,1.4491781952538677e-26,-2.992413761899661e-20,4.031445557984338e-20,0.004741927657585883,0.008437560614759863,-0.11535947931291049,7.296778539873707e-19,7.257457982625709e-19,-2.2571156645652486e-18,-0.6784831539450641,0.05555226792468941,1.3046609330507828e-08,-1.103325411894761e-22,-1.0086047972943458e-19,-3.05262545901463e-20,5.216236119066414e-05,1.304660933052275e-08,0.055552189583002835,-1.6496473860171976e-22,1.888055522081588e-20,-3.4108505902090764e-20,7.637376511532826e-06,-1.103590799250413e-22,-1.6492428662686442e-22,0.003161951240530108,-3.160269257081132e-14,-1.1269015742553066e-15,1.9095675258178845e-24,-1.0086085271453489e-19,1.8881365248682874e-20,-3.16026925708134e-14,0.0007919843671563955,-9.32183837391874e-18,4.597341869616481e-22,-3.6714467975189457e-20,-2.1728556839601825e-20,-1.1269015742551938e-15,-9.321838373910901e-18,0.000791984367156657,-9.006073659540414e-22,5.2162361190664135e-05,7.637376511532804e-06,1.906216724133077e-24,4.598378834021805e-22,-9.283706920550455e-22,0.03376555899277424
1774036449424111731,146,1774036449366084576,center_camera,base_link_12,-0.5774958307852347,0.2535011388767615,5.113454946391184e-19,1.509582075050947e-15,1.22241144789306e-14,-0.9341357615332664,0.35691788835061844,0.0036382402542111947,4.933691896746238e-16,1.9544136362926585e-24,-4.3648697085022785e-15,4.573570157474003e-15,-3.0524124115078547e-12,4.93369242614183e-16,0.003638240254211644,2.2236444722958353e-24,-3.132373238694374e-15,-6.4235406946222036e-15,-4.954433578349161e-12,2.3095188974583867e-24,-1.0102851556681299e-23,0.004365488518525668,-5.33006641549442e-12,-6.721439306995897e-13,-6.109951667314757e-26,-4.364869708502637e-15,-3.1323732478323407e-15,-5.330066408718156e-12,0.002183743314463033,-5.663492839074616e-15,1.6207222522859722e-20,4.573570158029015e-15,-6.423540703509435e-15,-6.721439306995897e-13,-5.663492827681092e-15,0.002183743314507235,2.511738570093601e-20,-3.0524124148959865e-12,-4.954433578349161e-12,-1.811036540248303e-26,1.6207244380511005e-20,2.5117407216458673e-20,0.004365488541443978,0.02343322412730948,-0.12937536667928753,-4.730510865787623e-19,-1.914172690718685e-18,2.412181773647806e-18,-0.7597872920052975,0.056371322070693,1.9300122046254236e-08,8.591022072329328e-22,1.0009947011182778e-19,3.755821233916907e-20,6.760888121044185e-05,1.930012204634808e-08,0.05637118676125698,3.5948597755271294e-22,1.03769767606212e-19,3.6931924018552535e-19,8.828418622533588e-06,2.748119642391565e-20,-1.3449285663921051e-20,0.0029109918156125163,-2.81309803869297e-14,-3.546192215124524e-15,-1.0175324333681767e-22,1.055177695869843e-19,1.0770950658918613e-19,-2.8130980386922617e-14,0.0007292444035999242,-2.985313305741577e-17,-1.5324302925640467e-23,3.755789607972922e-20,3.693189783244448e-19,-3.546192215124165e-15,-2.9853133057427177e-17,0.0007292444036001571,-2.4419981040291423e-22,6.760888121044184e-05,8.82841862253359e-06,-1.4055614480171727e-24,6.638205396000994e-24,-2.44175328358672e-22,0.03399401913824331
1774036449490791591,147,1774036449448744535,center_camera,base_link_12,-0.5914985013130791,0.2537518356045894,-1.295498743242044e-18,-2.763034668726516e-17,2.5315472381258586e-15,-0.9618347624931078,0.27363093695674623,0.004134997246591729,1.3602910263958267e-15,-1.0872196446782059e-23,-1.7682884347313042e-15,-5.019936080120708e-16,-4.802877205374676e-12,1.360291079335386e-15,0.004134997246592516,8.639308959052483e-24,-1.306017193758488e-15,1.1709691042143051e-15,-6.2021594118637745e-12,1.5613152662245117e-24,-4.788034466699444e-24,0.004961596900588428,-7.325221717857698e-12,-1.8357058164473875e-12,-3.0904037730369146e-26,-1.7682884167931673e-15,-1.3060171939160382e-15,-7.32522172124583e-12,0.0024817974261614156,-2.2367465130769364e-14,7.353779712422372e-21,-5.019936079967732e-16,1.1709690851275726e-15,-1.8357058181414534e-12,-2.2367465130770172e-14,0.0024817974262400923,-8.94462602457255e-21,-4.802877201986544e-12,-6.202159405087511e-12,-1.8180851603813506e-26,7.353741350279704e-21,-8.944570563922511e-21,0.004961596935223339,0.03620970799942471,-0.13092006377893164,-4.587022457220556e-19,-1.1834136862611503e-18,-1.4710016865303035e-18,-0.8288023922650072,0.05620770953393257,4.3278486930078044e-08,2.7882572251066354e-21,3.16842039946943e-19,-3.061658163425244e-19,9.434564597789942e-05,4.32784869300349e-08,0.056207441647731136,2.8595925109169586e-21,-1.2387249980188607e-19,3.0724727870671862e-19,1.4534157223417589e-05,4.772854186086969e-20,3.8983137326987066e-21,0.003308397356932392,-4.991252546460761e-14,-1.2486743361808722e-14,-2.163309447822934e-22,3.0591895781642154e-19,-1.3607960621697908e-19,-4.9912525464607776e-14,0.0008285954822820496,-1.3290581780517672e-16,-3.019036313692739e-21,-3.0616663976686955e-19,3.072463692539482e-19,-1.2486743361810258e-14,-1.3290581780518222e-16,0.0008285954822825476,-3.77818584674667e-22,9.434564597789942e-05,1.4534157223417608e-05,9.940363097212734e-25,-3.083160896615313e-21,-3.7783632192176916e-22,0.03392935244334937
1774036449590814738,148,1774036449527544975,center_camera,base_link_12,-0.6029990261642041,0.2537518258958159,-1.8131933441905558e-19,-1.7702118751136164e-16,-2.5936675254298464e-16,-0.9826582821088661,0.18542572799601512,0.003942021324519963,7.273106635114174e-16,3.5545385217454635e-24,-4.3939402152032773e-16,4.3939412837211154e-16,-4.753794302376612e-12,7.273107164509766e-16,0.003942021324520249,1.1937868834697374e-23,4.0406464292762893e-16,-4.0403778122664613e-16,-5.155952738594791e-12,3.611676450504744e-24,-1.1362293706883261e-23,0.004730025785595116,-6.165396626800447e-12,-2.1681201857459958e-12,-6.222142209671217e-26,-4.3939400419500757e-16,4.0406467555096397e-16,-6.165396626800447e-12,0.0023660119919496334,-1.9447538261114484e-14,1.815924458692282e-20,4.3939412794461667e-16,-4.040377808392761e-16,-2.1681201857459958e-12,-1.944753826111004e-14,0.0023660119920108184,-1.8159988046315814e-20,-4.753794309152876e-12,-5.155952738594791e-12,3.0937307077606966e-26,1.815911043203479e-20,-1.8159988046103526e-20,0.004730025810158218,0.04607809832639173,-0.12924587421542919,8.865659479864156e-19,-5.788155086842027e-19,1.2392128316317408e-18,-0.888837884166315,0.0568959715295892,7.520001303800657e-08,-5.737345594347361e-22,-1.818272532607252e-19,3.043829213615101e-20,0.00011301738953888161,7.520001303931102e-08,0.05689558598798013,8.705210357395442e-22,1.2162743908304244e-19,6.776034206509575e-20,2.1188507577700395e-05,1.4131692199259967e-20,2.4619586103640395e-20,0.003154016683217409,-3.820742355599666e-14,-1.3435743382988164e-14,-9.119617571956727e-23,-1.9368966980313858e-19,1.2897488892139525e-19,-3.8207423555980115e-14,0.0007900007761320931,-1.3688350183828252e-16,-5.213769391964726e-23,3.4956061681730945e-20,4.854970675738337e-20,-1.3435743382981084e-14,-1.3688350183827537e-16,0.0007900007761324337,8.405396004590128e-24,0.00011301738953888163,2.118850757770042e-05,3.694515318446818e-24,-9.208672080491902e-23,1.06546549308012e-24,0.03412253139797737
1774036449657456909,149,1774036449603255987,center_camera,base_link_12,-0.614998412417754,0.25400212903926783,-1.0651756142909188e-19,1.9294019015997355e-16,6.751386144964349e-16,-0.999058740651798,0.04337779071418283,0.0037875498932837285,5.871521746688075e-16,6.555792792942383e-24,1.453351739727009e-15,-3.6330914495819125e-16,-5.407557139970685e-12,5.871521746688075e-16,0.003787549893283803,-5.727341292345049e-25,-1.6620825215544075e-15,4.1548910085830427e-16,-4.708486035689529e-12,-6.277388058508938e-24,-4.831854280203752e-25,0.004544660079129571,-6.089974095895229e-12,-2.6664472428552903e-12,-5.1634927852310187e-26,1.4533517215061502e-15,-1.6620824856599876e-15,-6.089974092507097e-12,0.0022733290950106067,-2.3013779854705322e-14,1.6688729079970483e-20,-3.6330910964440275e-16,4.154890842355465e-16,-2.6664472411612244e-12,-2.3013779866100462e-14,0.0022733290950638385,-1.742431482296433e-20,-5.407557139970685e-12,-4.708486035689529e-12,2.7272937700460513e-28,1.6688692865098677e-20,-1.742437111278303e-20,0.004544660104246452,0.05774318929148413,-0.12586205625602173,6.738914427427797e-19,3.530355516584141e-19,6.820190492601883e-20,-1.0037554564914073,0.057453379151384334,1.162322927293116e-07,-6.809013326865341e-23,-2.46968013382002e-20,3.544154253263276e-20,0.00012831818372046437,1.1623229272979257e-07,0.057452883284226985,-1.7458806458042065e-23,8.225805826765152e-20,-1.1072978840653828e-19,2.8792663947776466e-05,-6.887186126828256e-23,-1.712387406315438e-23,0.0030304395210685345,-3.483652517644684e-14,-1.5252249367572462e-14,-3.36457249537308e-25,-1.663094057197867e-20,6.3818011535943e-20,-3.483652517645323e-14,0.0007591063205931501,-1.4632261014080324e-16,-1.16218998336104e-23,2.2188986645974576e-20,-1.0554318546642968e-19,-1.525224936757394e-14,-1.46322610140798e-16,0.00075910632059342,6.141952599620652e-23,0.00012831818372046437,2.8792663947776473e-05,-1.1900932793755093e-25,-1.2302235510513401e-23,2.200031935897621e-23,0.034281185641965396
1774036449724154532,150,1774036449680088758,center_camera,base_link_12,-0.6197498459169827,0.2542523585058166,-1.8222317954674725e-19,-1.5237217389971792e-15,5.397905247890272e-16,0.9980684793272475,0.06212334966335604,0.0038436378401476836,6.194328914562445e-16,-7.965229808464849e-24,-2.6995778571817045e-16,-8.098098890856582e-16,-6.5985293265643716e-12,6.194328914562445e-16,0.003843637840147381,2.8934405426579152e-24,4.714000383038928e-16,1.4141628297847893e-15,-3.749676747078672e-12,4.564591980337564e-24,2.356671285442052e-24,0.004611965618155576,-6.179854374679114e-12,-3.4628892991089366e-12,5.366424278947953e-26,-2.699577942847106e-16,4.71400020358758e-16,-6.179854374679114e-12,0.0023069818279010815,-3.2605687142460605e-14,6.755196311086861e-22,-8.098098700848558e-16,1.4141628290867986e-15,-3.462889295720805e-12,-3.260568713061068e-14,0.002306981827946045,-1.742926639340521e-20,-6.5985293265643716e-12,-3.7496767538549355e-12,-5.9431930900312504e-27,6.755814385128101e-22,-1.74293268105098e-20,0.004611965646221707,0.06133429892055853,-0.11786855337739224,-4.381540230166983e-19,-2.6827678511402615e-18,-3.658582580581869e-19,-1.0781537367174518,0.05771327160217346,1.7530867215546395e-07,4.386551532850445e-22,5.523624019916616e-20,-1.0054229428000372e-20,0.0001427950373158874,1.7530867215567476e-07,0.05771266429409875,-2.6962546991631894e-22,-1.4014798645370492e-19,3.508774305234516e-20,3.8871105149254295e-05,3.0614873281785914e-21,2.9828674470223026e-20,0.0030753098586410576,-3.640286289748907e-14,-2.0374751938912633e-14,-6.892368760634235e-23,5.392581671019014e-20,-1.5518324649561448e-19,-3.64028628974938e-14,0.0007703237602143303,-1.905684365841322e-16,3.3690194867551055e-23,-1.1363057847597346e-20,2.0053298070416767e-20,-2.0374751938916745e-14,-1.9056843658413921e-16,0.0007703237602145643,3.4067336954311035e-23,0.00014279503731588742,3.887110514925429e-05,-1.0525228440813217e-26,-5.350080765216691e-25,-3.577799633419615e-25,0.03435582133171157
1774036449824540084,151,1774036449762339354,center_camera,base_link_12,-0.6212503339526506,0.2540025740990974,3.294180947907225e-19,1.1081232592197526e-15,-4.441416512477671e-15,0.9881628735050866,0.15340839424937028,0.004114529048454334,5.8206809763093e-16,5.504220961677571e-24,1.1944459599985854e-15,1.7916872604862943e-15,-7.111284793719173e-12,5.820680711611504e-16,0.004114529048453662,-3.323111006574638e-24,-3.1826115123074544e-15,-1.2209438032909983e-15,-2.6349395924982633e-12,-5.759847623280763e-25,-2.3558907121985675e-24,0.004937035055273843,-6.021726726876094e-12,-3.881995887125653e-12,-2.7624824135844985e-26,1.1944459685086126e-15,-3.182611529202158e-15,-6.02172672009983e-12,0.002469516563211963,-3.3428410343343125e-14,1.6854828290672074e-21,1.7916872694843424e-15,-1.2209438021583214e-15,-3.8819958854315875e-12,-3.3428410354991104e-14,0.0024695165632506663,-3.333176384366503e-21,-7.111284786942909e-12,-2.634939599274527e-12,4.502723466914147e-27,1.6854741424865652e-21,-3.3332099876417338e-21,0.004937035086405454,0.06028481387915747,-0.10800713388879549,3.159602067309711e-19,1.8341782189517306e-18,2.9476966498802974e-18,-1.1336213267237167,0.057696155199472375,2.5500397884198026e-07,-1.7274535683702022e-22,-3.476329895900967e-20,-1.5015611690516328e-19,0.0001572370706765355,2.550039788421687e-07,0.05769543185871382,2.660886240412645e-22,6.589850272335154e-20,8.762792882856803e-20,5.091251983126558e-05,7.941466006047666e-21,-6.470971048373707e-20,0.003292022824229601,-4.0678084374247864e-14,-2.6177559949952092e-14,1.180238931394212e-22,-1.9026207700674938e-20,6.786252906287639e-20,-4.0678084374252326e-14,0.0008245020544972306,-2.4227356227868625e-16,-7.570584612069963e-23,-1.5015557076263992e-19,8.76280747392187e-20,-2.6177559949954417e-14,-2.4227356227863793e-16,0.000824502054497451,3.7551522089574597e-22,0.0001572370706765355,5.091251983126559e-05,2.492147172274598e-24,-2.3932819723493382e-23,3.7552470205768924e-22,0.034351887317254234
1774036449890644360,152,1774036449842691183,center_camera,base_link_12,-0.6215006192833109,0.2540021358948352,-9.182038130437031e-19,2.891774103421895e-15,5.855376608151644e-15,0.9891076860900497,0.14719369999285886,0.0040195908098184215,2.3271641273215764e-16,-3.3064131554382014e-24,-1.120688914969484e-15,-3.115711288295409e-15,-6.42056595607024e-12,2.3271645243682704e-16,0.004019590809818042,3.886357793050797e-24,5.39613624292733e-15,-2.6981197944633665e-15,-1.3052363297848995e-12,-3.5620043229228905e-24,5.2035857887416996e-24,0.004823109164241499,-5.007107796011498e-12,-3.4561600475535408e-12,-2.401999584476576e-26,-1.1206889144418463e-15,5.3961362260298706e-15,-5.007107796011498e-12,0.002412553681655808,-2.8716993416449095e-14,-3.761728587582013e-20,-3.115711292412183e-15,-2.6981198113622695e-15,-3.4561600475535408e-12,-2.871699341644102e-14,0.0024125536816828877,3.400409206741016e-20,-6.42056595607024e-12,-1.3052363280908336e-12,-2.368367037583369e-26,-3.7617275896639624e-20,3.4004118355962164e-20,0.004823109190307757,0.05679935245716209,-0.10109456449080348,6.638720260316586e-19,1.4681444710992564e-18,-8.748019408720309e-19,-1.0781392916494805,0.05813112949131918,3.2178066846488244e-07,6.916820398060017e-22,1.2165034440869204e-19,1.7812392789698214e-19,0.00016619483039140686,3.2178066846431583e-07,0.05813033232119897,3.613412172107687e-22,-1.2772369520028391e-19,-1.3235855619249553e-19,6.009907852596154e-05,-6.827788741721291e-21,-1.1336140665938715e-22,0.003216072266310868,-3.22627540871782e-14,-2.2245055586192694e-14,1.6757706308989493e-23,1.2165065179989866e-19,-1.2772458324008703e-19,-3.226275408717213e-14,0.0008055146548536613,-1.8314399475502903e-16,-2.0940195711304578e-22,1.7464427697004158e-19,-1.3346627842370493e-19,-2.224505558618451e-14,-1.8314399475502504e-16,0.0008055146548538006,2.710631628010528e-23,0.00016619483039140686,6.009907852596161e-05,-1.4230278301539344e-24,-2.0958206813112102e-22,1.7019464192425536e-23,0.03448138817011712
1774036449957414536,153,1774036449921159267,center_camera,base_link_12,-0.6212506831962753,0.2540020011394421,-5.574436606641591e-19,1.864214609064237e-15,1.9674783534316574e-15,0.989107928354266,0.14719207202404705,0.003925403533398924,1.3764547443700437e-16,-4.134474990333607e-24,-4.601459213821795e-15,1.0756863207750943e-15,-6.024405048443444e-12,1.3764547443700437e-16,0.003925403533398744,1.0826582333711715e-24,6.92086721658937e-16,-1.1726831419235097e-15,-1.3228045672990674e-12,-4.248088759359607e-24,1.5274898966847662e-24,0.004710084438287202,-4.706366437382979e-12,-3.217197870413434e-12,-3.342836528188044e-26,-4.601459218153333e-15,6.920867227449705e-16,-4.706366433994847e-12,0.0023560412960466977,-2.996035326302012e-14,5.2724304722347254e-20,1.075686320883707e-15,-1.1726831245984913e-15,-3.217197868719368e-12,-2.996035326302012e-14,0.00235604129606517,5.320297890436811e-21,-6.024405048443444e-12,-1.3228045689931333e-12,-3.3339994093211157e-26,5.272431757990185e-20,5.320287956792664e-21,0.004710084464461969,0.05316273646167124,-0.09465167944945803,2.6806469733306105e-19,-1.486382970592495e-18,-1.386352200832267e-18,-1.0326653801855812,0.058506377621770585,3.7684133315276535e-07,5.217911024929398e-22,3.078574150870056e-19,6.785417819444458e-20,0.00017201736932180583,3.7684133315203124e-07,0.05850553180243211,-1.98445050787499e-21,-3.0127358153565737e-20,-2.5144274231005485e-20,6.71371727567553e-05,1.5168596063770577e-20,-2.6394196335973794e-20,0.003140722437161593,-2.8894008265541696e-14,-1.976985986806215e-14,6.530184914103582e-24,3.078571704280565e-19,-3.0127370255161565e-20,-2.889400826554081e-14,0.000786677117608365,-1.4933074266951464e-16,-2.3798792426888464e-22,6.433450982734985e-20,-2.62145789795814e-20,-1.9769859868060244e-14,-1.4933074266950784e-16,0.0007866771176084806,-6.948639426679164e-22,0.00017201736932180583,6.71371727567553e-05,-5.36796436519057e-24,-2.379883637485974e-22,-7.025217047171496e-22,0.03459634794607387
1774036450057444973,154,1774036449996171713,center_camera,base_link_12,-0.6212506381991935,0.25375188633518647,-6.260561582855244e-20,7.047658477992512e-15,-9.042167393523635e-16,0.9918697529787999,0.1272571928252959,0.003752621569220794,5.806441293674771e-17,3.976630764102045e-24,-1.0765346916211006e-21,4.153555582792146e-15,-5.5698607144137775e-12,5.806441293674771e-17,0.003752621569220735,7.493740120240279e-24,1.9382013058705967e-22,-6.108171312909839e-15,-1.223736130807093e-12,3.97451221034834e-24,-1.6717885485941685e-23,0.004502746090239771,-4.3286004121345645e-12,-2.9121348277152785e-12,1.895640038518811e-25,-1.0766736321146154e-21,1.9374201107212222e-22,-4.328600418910828e-12,0.0022523720984537346,-1.704279626996968e-14,-8.734048359338465e-24,4.153555582931064e-15,-6.108171295607651e-15,-2.9121348294093444e-12,-1.704279625854627e-14,0.002252372098470479,-1.357619387327326e-20,-5.5698607144137775e-12,-1.2237361291130271e-12,2.1168610092871556e-25,-8.734686930706726e-24,-1.3576205327313607e-20,0.004502746115478304,0.04995210435358431,-0.08862049284868423,8.591674181616507e-20,-2.7902282491104138e-18,5.775373996081035e-19,-0.9703601922500322,0.05891561198926084,4.1567394303636077e-07,-1.5791031616186905e-21,-7.982502437686126e-20,-3.2957056602929564e-19,0.0001748186090266621,4.156739430360833e-07,0.05891474275556379,-3.6970844099500776e-23,-9.958130988070561e-21,2.822350945285183e-19,7.190128229076184e-05,-1.578917811380771e-21,-3.788260094036715e-23,0.0030024968596266844,-2.4304964217589967e-14,-1.6372172183474835e-14,-1.318820499000455e-24,-7.982502891540521e-20,-9.958141997255368e-21,-2.4304964217592236e-14,0.0007521206403486965,-1.111670523273598e-16,-3.1838786601514837e-22,-3.338049719707675e-19,2.9614712073986224e-19,-1.637217218347277e-14,-1.1116705232736546e-16,0.0007521206403487865,6.600593447947428e-23,0.0001748186090266621,7.190128229076184e-05,-1.3256474120386723e-24,-3.1833320271272515e-22,7.684676529855247e-23,0.03472292703896793
1774036450124667505,155,1774036450071360350,center_camera,base_link_12,-0.6212506179901788,0.253751780267887,-1.2313394668501975e-19,-1.1402870933726947e-15,5.071314558229188e-15,0.9918702920333927,0.12725299124811307,0.00376143110674439,4.072162509995272e-17,-3.411675790239523e-24,-3.710362017997815e-15,-2.811005358151108e-15,-5.398515442729505e-12,4.072159863017312e-17,0.0037614311067443286,6.4420907138654575e-24,4.25596485030423e-15,9.01532401513898e-16,-1.42541268332685e-12,-6.44616254576876e-24,5.696516211969124e-24,0.0045133175407253865,-4.259964376965384e-12,-2.8562793914722797e-12,-5.008546695910292e-26,-3.7103620180066465e-15,4.2559648682999635e-15,-4.259964375271318e-12,0.0022576577792738283,-1.5326673896208045e-14,7.858102172401941e-21,-2.8110053488678007e-15,9.015324004827906e-16,-2.8562793948604115e-12,-1.532667390816662e-14,0.0022576577792835827,1.3900048951283698e-20,-5.398515449505769e-12,-1.42541268332685e-12,-3.70662225112902e-26,7.858089699864092e-21,1.3900024972642664e-20,0.0045133175685198295,0.046963984108116356,-0.08258836938693677,2.570189847591514e-19,3.2891917053926903e-18,-9.024007460250874e-19,-0.9298066297805322,0.059060480403788855,4.467220416062343e-07,-7.389199437796431e-22,3.9393828640256125e-19,-6.079907582345381e-20,0.00017602260016152656,4.467220416064771e-07,0.059059602308422485,-1.1179903917929906e-21,-3.422862396618945e-19,6.839147642484612e-20,7.567129179538751e-05,-8.140231766705864e-21,-3.048735662100256e-21,0.0030095444687069078,-2.402972991621545e-14,-1.6088716426452985e-14,1.9990675955191218e-24,3.93938034379069e-19,-3.4228528910430276e-19,-2.402972991621119e-14,0.0007538823786761418,-1.0277305318417939e-16,-3.3562813240497036e-23,-6.465686624289086e-20,8.317884837934244e-20,-1.608871642644892e-14,-1.0277305318415755e-16,0.0007538823786762263,4.039508619815181e-23,0.00017602260016152656,7.567129179538751e-05,-6.2824262222235285e-24,-3.3768948641236274e-23,5.055414617810891e-23,0.03477564971417703
1774036450190752963,156,1774036450158667326,center_camera,base_link_12,-0.62125067298897,0.25375186519846143,1.677832855536141e-19,1.1302400381794097e-16,8.809577060120275e-16,0.9918701991312335,0.12725371536960012,0.004367348106451549,1.0663825845087441e-16,-6.60994808407097e-24,-2.211560800652267e-16,-1.2374423833488339e-21,-5.633333501010775e-12,1.0663827168576421e-16,0.0043673481064513174,-3.218951237837414e-26,8.099821143568135e-16,-1.4200769239377922e-22,-1.5120525630321147e-12,5.2725811535600914e-24,4.4307784063201375e-26,0.005240417914599864,-4.570073909826141e-12,-3.1450490778036407e-12,4.208840083240509e-26,-2.211560801560735e-16,8.099821137312721e-16,-4.5700739132142724e-12,0.0026212079701873345,-1.89099401761558e-14,-1.4868379311593314e-20,-1.2422843271769636e-21,-1.2253211263185184e-22,-3.1450490811917725e-12,-1.890994018807156e-14,0.0026212079702045937,-1.013287887798552e-23,-5.633333494234512e-12,-1.5120525613380488e-12,-7.189643774848975e-27,-1.4868378449738063e-20,-1.0132263706810528e-23,0.00524041795142839,0.04290847768534713,-0.0748777058978781,-8.852631136692237e-19,4.741758158530959e-19,-2.453609806137861e-18,-0.8782128395755812,0.05837800859248587,4.920847616114349e-07,9.338002331344228e-22,1.778527885958385e-19,6.878687814807119e-20,0.0001785685156965714,4.920847616114436e-07,0.05837711376924526,-1.8181217078028242e-21,-2.7568668415277497e-19,1.7492789726703064e-19,8.096012306157429e-05,8.813588642805001e-21,2.3864888079958074e-22,0.003494278051289912,-3.4758440429078945e-14,-2.3920241956377277e-14,-1.1882122827449266e-23,1.8643206926234758e-19,-2.9138429695672783e-19,-3.4758440429079746e-14,0.0008750657807879902,-1.6430684448666467e-16,-5.862271340019266e-23,6.878618095421377e-20,1.7492917902580115e-19,-2.392024195637338e-14,-1.6430684448666474e-16,0.0008750657807881159,-5.599070735033558e-22,0.0001785685156965714,8.096012306157429e-05,-8.523345457145091e-25,-6.519488444367166e-23,-5.599065945340303e-22,0.03459209506283663
1774036450290721258,157,1774036450234747171,center_camera,base_link_12,-0.6212504624292942,0.253751323334459,-2.725232906173793e-19,-4.4047898601668807e-16,5.65109651568904e-17,0.9918704986446452,0.12725138081145934,0.0038059916354070203,-9.834780436561474e-18,-4.539319311309732e-26,-2.521151321328519e-25,-2.050577194357911e-16,-4.039883811052074e-12,-9.834753966781872e-18,0.003805991635407001,-1.0362870227566956e-23,-2.0581195234623006e-23,7.42201392316423e-16,-1.1024219816240183e-12,-4.962019334015932e-26,1.1528423859203445e-23,0.0045667901533810494,-3.136415150693599e-12,-2.110798823462502e-12,1.9748120478288893e-26,9.615058190564959e-26,1.1656824522214771e-23,-3.136415152387665e-12,0.002284394223992967,-1.1350248580224541e-14,2.112174993086306e-26,-2.050577235423965e-16,7.422013927456317e-16,-2.1107988268506336e-12,-1.1350248569934463e-14,0.0022843942239965335,-2.1296874931360362e-20,-4.039883811052074e-12,-1.10242198501215e-12,-1.7327094089979416e-28,-6.074910998114668e-28,-2.129686580667514e-20,0.004566790174429606,0.040817776139796605,-0.07024844106431971,8.501177125469409e-19,1.9208776129473196e-18,7.881719301319991e-19,-0.8458783031059558,0.0592092523507144,5.042936086565446e-07,8.601642318958558e-23,-3.1175103511090206e-20,4.185344191650138e-20,0.00017722453628079445,5.04293608656425e-07,0.05920837024997544,-3.751448981167541e-22,5.2010058078034265e-20,-7.175130334858161e-20,8.243220555795592e-05,8.581965376460401e-23,-3.7439237578109576e-22,0.0030451929556114254,-1.811952811646057e-14,-1.2170483456601806e-14,-2.558047524045121e-25,-3.775935675991809e-20,6.405810852297165e-20,-1.811952811645322e-14,0.0007627950246153587,-6.66291316560778e-17,-4.1654933047546666e-24,4.843712435222772e-20,-8.379788019749276e-20,-1.2170483456597045e-14,-6.662913165608412e-17,0.000762795024615413,3.2896558052696855e-23,0.00017722453628079445,8.243220555795594e-05,-2.441088777993237e-25,4.352582473627973e-25,2.8296431843034145e-23,0.03483993191893819
1774036450357370863,158,1774036450315073967,center_camera,base_link_12,-0.621250527151232,0.2537514733977851,3.383036775944228e-19,-5.651138330664409e-17,-4.404789323702355e-16,0.9918703778435732,0.1272523224009968,0.004018339064868833,1.3426537622609629e-17,2.260353354163153e-25,1.817206532359872e-16,2.1315420418398567e-22,-4.493267445669722e-12,1.3426524387719828e-17,0.004018339064868707,-1.2945338415601906e-23,-6.416236490990645e-16,1.0592748672293788e-22,-1.2537695762235984e-12,4.233011004344249e-25,1.1537413065574278e-23,0.0048216070779566215,-3.5580679773480027e-12,-2.4289378508865348e-12,2.2806353981883244e-26,1.817206533548479e-16,-6.416236485607195e-16,-3.5580679807361345e-12,0.002411802560855977,-1.3346420930049339e-14,-2.312978221096307e-20,2.130361927619321e-22,1.0644523117269543e-22,-2.4289378525806007e-12,-1.3346420918246667e-14,0.002411802560871746,1.527332902245703e-24,-4.49326744228159e-12,-1.2537695745295325e-12,1.2073256827188258e-28,-2.3129782185283796e-20,1.5278614143444647e-24,0.00482160710874735,0.03796738139717994,-0.06444464410210615,9.07492362809917e-19,-1.0754783585600669e-19,-2.1078486380750386e-18,-0.8061839706063525,0.059063164050730546,5.123343692556815e-07,8.205331475466228e-23,-2.3224014672034504e-20,-7.167432128035203e-20,0.00017458756558146786,5.123343692554533e-07,0.05906230861370578,9.886472563307923e-23,4.734942183790968e-20,6.215452544067696e-21,8.369035264742074e-05,8.190252299020227e-21,-3.098118198632563e-20,0.003215070834161104,-2.290644161529544e-14,-1.563827780199636e-14,1.3769636067565395e-23,-2.3055036786805643e-20,3.081134230910401e-20,-2.290644161529558e-14,0.0008052640213382725,-8.462062950924286e-17,-1.0825913005655244e-23,-6.37425805816469e-20,-8.297444835341907e-21,-1.5638277801992686e-14,-8.462062950926104e-17,0.0008052640213383385,3.9188296822772574e-23,0.00017458756558146786,8.369035264742075e-05,3.9761170863194802e-25,-1.9103702198444065e-23,3.4159377435248694e-23,0.03481153028568554
1774036450423996937,159,1774036450394178629,center_camera,base_link_12,-0.6212504586829217,0.2537512724443681,-8.0648260401255e-19,-1.2142195334809828e-15,-7.396803324018203e-16,0.9918704748821255,0.1272515660300759,0.003957232415395027,3.6681225001990506e-18,-1.0157476746212553e-25,3.5521149024568805e-16,-4.439968553567856e-16,-3.894116979422839e-12,3.668096030419449e-18,0.003957232415394905,7.760595832221082e-25,-1.2249476385329723e-15,1.5313115028032665e-15,-1.1137339253695488e-12,-9.032865045631213e-26,1.6031073389645962e-26,0.004748279094465607,-3.044866569369329e-12,-2.0871194126404835e-12,-8.574480462262423e-27,3.552114901352763e-16,-1.224947639076791e-15,-3.044866567675263e-12,0.002375138620077886,-4.264270665146942e-15,3.8014526672139564e-22,-4.439968511559423e-16,1.531311502802046e-15,-2.0871194160286153e-12,-4.264270698706322e-15,0.0023751386200752695,-4.719685526931519e-22,-3.8941169760347075e-12,-1.1137339253695488e-12,-7.927619105161478e-27,3.801445699748532e-22,-4.719770712686202e-22,0.004748279121342906,0.035594878278632204,-0.05942976666102351,1.1512926779703966e-18,4.117731587298771e-19,6.850385701316507e-19,-0.7713232562035229,0.05928703737066237,5.113767640772298e-07,1.4022285435058028e-22,-1.5789636435856917e-20,6.104220883911072e-20,0.000171009745784825,5.113767640770646e-07,0.05928621589322854,-1.2194204918803094e-22,3.355282202612727e-20,-1.0231765173737919e-19,8.400408352830008e-05,-3.149462686511637e-22,-2.407266368664962e-22,0.0031661855410558353,-1.9038746907306674e-14,-1.3056479878174992e-14,3.510999195000736e-25,-1.2151546525191695e-20,3.450191567077236e-20,-1.9038746907307798e-14,0.0007930428923657192,-6.392578179072422e-17,-2.536061526364753e-23,6.10424390403181e-20,-1.0231759178772126e-19,-1.3056479878175858e-14,-6.392578179067802e-17,0.0007930428923657687,3.070956344031697e-23,0.000171009745784825,8.40040835283001e-05,2.5235234238159735e-25,-2.4958810083684042e-23,3.0711352613014093e-23,0.03488823629382887
1774036450524056837,160,1774036450474758863,center_camera,base_link_12,-0.6212504442960146,0.2537512092915133,-8.652748538775827e-21,-2.3378678723655377e-15,9.715290352232165e-16,0.9918704851548344,0.12725148595876296,0.004031011037644845,1.0511050218160327e-17,-1.3128817216594195e-24,-3.3848826349316224e-16,-3.3511805666801286e-15,-3.707485009372003e-12,1.0511063453050128e-17,0.0040310110376446835,9.83155166794622e-25,1.1347602194693773e-15,2.75399137451214e-15,-1.0899961946350461e-12,-1.3923799983847758e-24,9.665909651814905e-25,0.00483681344002595,-2.906674712729808e-12,-2.0196177519463533e-12,-2.196579979190003e-25,-3.3848826337877983e-16,1.134760209121225e-15,-2.906674712729808e-12,0.002419405778303959,-6.32970905218506e-15,-3.053193869376238e-21,-3.3511805668174346e-15,2.7539913740549416e-15,-2.0196177510993204e-12,-6.32970906354708e-15,0.002419405778305383,8.615232639310505e-21,-3.707485009372003e-12,-1.0899961946350461e-12,-2.191355531674587e-25,-3.0531883302577614e-21,8.615232386927536e-21,0.004836813468778956,0.03319479353963507,-0.05441666640793044,-3.4748596242256295e-19,-1.80885457270997e-19,-1.2544161568480426e-18,-0.7361890774345933,0.059316531336916105,5.040301814486985e-07,7.641978741532166e-22,3.201059563444448e-20,2.129024937007075e-19,0.00016647899983262822,5.040301814484822e-07,0.05931575226248227,1.6546917665230955e-22,-4.5947065005030945e-20,1.7309982280881034e-20,8.376172029665052e-05,-6.7657307524960235e-21,-1.7989786827932503e-21,0.0032252084298947615,-1.8835497007341936e-14,-1.3084535661840974e-14,1.3577277175508224e-24,2.4324315456290316e-20,-3.188358999329101e-20,-1.8835497007343296e-14,0.0008077985605904888,-6.01519712969762e-17,-1.7349471605143037e-23,2.0897740356899228e-19,3.2355301632467735e-20,-1.3084535661839629e-14,-6.015197129695917e-17,0.0008077985605905334,3.8968485438312907e-23,0.00016647899983262824,8.376172029665053e-05,1.4623269158494343e-24,-1.3160900917198131e-23,4.309270719612601e-23,0.034910613827196256
1774036450590700237,161,1774036450552143335,center_camera,base_link_12,-0.6212503917261166,0.25375105534817205,2.7027525326950438e-20,-4.238306015283538e-16,-3.303592605161628e-15,0.991870561705989,0.12725088927408715,0.003871222912609191,1.1455842678928594e-17,1.7315371298968835e-25,7.036354481329668e-16,-1.1101885557003029e-21,-3.2469798639351514e-12,1.1455855913818395e-17,0.003871222912609015,5.428612218438114e-24,-5.928415840164133e-15,1.4184636245005247e-21,-9.839334276268326e-13,3.554794978576858e-25,-7.09835895060906e-24,0.004645067693527529,-2.514232042572233e-12,-1.7580768714407237e-12,-9.142992701732497e-26,7.036354438026551e-16,-5.928415840188354e-15,-2.514232039184101e-12,0.002323532921509231,-7.129836567147971e-15,-1.0976068684582524e-20,-1.1101883119422831e-21,1.4011240468629308e-21,-1.7580768705936908e-12,-7.129836578308043e-15,0.00232353292151444,-3.158562865043174e-24,-3.246979867323283e-12,-9.839334276268326e-13,-8.247360196041098e-26,-1.097606081844241e-20,-3.150180273777166e-24,0.00464506771921386,0.031201343587074243,-0.05011237937679974,9.139890687410534e-19,-2.7413197841672893e-18,8.4646241864250465e-19,-0.7056768546693483,0.05962188834748891,4.900216280434226e-07,7.1958604567968e-22,-6.735138784914842e-20,5.675827243811386e-20,0.00016130476314049294,4.900216280432886e-07,0.05962115513879998,-2.0034125319231444e-22,1.3219189438169232e-19,-1.2553987950988003e-19,8.278748559752637e-05,7.198918301549656e-22,-2.007826048777099e-22,0.0030973779422365415,-1.502511764170747e-14,-1.0506314507262776e-14,1.654561603841201e-24,-6.735162146720558e-20,1.321918330087261e-19,-1.5025117641703468e-14,0.0007758410038833635,-4.2555899514603396e-17,-1.8036646024886658e-23,5.675850407152074e-20,-1.2554079160219776e-19,-1.0506314507261566e-14,-4.255589951459241e-17,0.0007758410038833944,1.403896677576252e-22,0.00016130476314049294,8.278748559752636e-05,1.6578798825229476e-24,-1.8036592935363262e-23,1.4041716795308963e-22,0.035011322241268274
1774036450690698901,162,1774036450630633831,center_camera,base_link_12,-0.6212503887078973,0.2537510218006602,-7.986286726702613e-19,-2.2023950553488274e-16,2.825538493922154e-17,0.9918705550591602,0.12725094108348806,0.003926524078418941,2.1722867998940878e-17,9.007528116024857e-25,1.9585493141699168e-25,-1.4532743631321123e-16,-3.150092020592259e-12,2.1722874616385778e-17,0.00392652407841872,2.244510496514368e-25,-2.3628056480711154e-21,4.573166582690597e-16,-9.859658052567381e-13,-2.0396285540939598e-24,1.9476122794053011e-25,0.004711429095245898,-2.4435690931356568e-12,-1.7382189285343073e-12,2.8603911263957645e-25,-9.046454379031713e-26,-2.3710146577131465e-21,-2.4435690965237886e-12,0.0023567135839958593,-6.57876934866233e-15,-3.078150414846842e-24,-1.453274363168356e-16,4.573166492698705e-16,-1.7382189302283732e-12,-6.578769348663541e-15,0.002356713584000679,3.174287886256143e-21,-3.150092020592259e-12,-9.859658052567381e-13,2.931579561179011e-25,-3.073006398476312e-24,3.1742923391031345e-21,0.004711429123893987,0.029125612801805166,-0.045743825998422985,4.1186865151517754e-19,-1.7331577980430248e-18,1.893648493698003e-18,-0.6743528111763567,0.05962433167597314,4.705676945782138e-07,1.2598809106322478e-22,9.449589635932845e-21,4.8144672597493496e-20,0.0001552372149554406,4.7056769457783525e-07,0.059623651157270474,1.0547801812222611e-21,1.6820023767239405e-19,-8.35568049417011e-20,8.133472448580882e-05,-7.422139138819881e-21,-9.144123176671984e-22,0.003141618855154349,-1.5021958995403335e-14,-1.0684245170742257e-14,-1.56685665813397e-24,1.1416892796977539e-20,1.606591890506841e-19,-1.5021958995406567e-14,0.0007869010887821858,-4.0391646204529405e-17,-8.611050363875859e-23,4.814480472558331e-20,-8.355731270556078e-20,-1.0684245170741013e-14,-4.039164620453027e-17,0.0007869010887822137,1.8207741368795933e-23,0.0001552372149554406,8.133472448580883e-05,1.466780610355295e-24,-8.712965007079982e-23,1.820766613863812e-23,0.03502698693802736
1774036450757492393,163,1774036450711642742,center_camera,base_link_12,-0.6212503316563975,0.2540009012368649,4.037209929612868e-20,2.849896658657775e-16,4.065709325951361e-16,0.9891089508135635,0.14718520109199706,0.004052444864069308,2.7651552690516695e-17,-1.2928837082890321e-24,-3.6087866520574996e-16,1.4434909261268539e-16,-2.9227931042769516e-12,2.7651569234128946e-17,0.004052444864069066,5.646293779950169e-24,1.0946803260039466e-15,-4.3789674501602504e-16,-9.480552354927392e-13,1.4100338487899828e-24,-5.628529287180773e-24,0.004862534031400614,-2.2701556939489073e-12,-1.6498735945765582e-12,-7.268065992523863e-26,-3.608786650854568e-16,1.0946803174479048e-15,-2.270155697337039e-12,0.002432266065530595,-8.337245556912805e-15,4.480117479158215e-21,1.4434909690680074e-16,-4.3789675333501284e-16,-1.6498735928824923e-12,-8.337245545455465e-15,0.002432266065523243,1.2494964667498716e-20,-2.9227931076650834e-12,-9.480552363397721e-13,-7.079946911350101e-26,4.480121976965012e-21,1.2494961768707873e-20,0.004862534061012708,0.027205942311201825,-0.04166997015011698,-1.0404026370013129e-19,4.216290772512962e-19,-1.8325586485996937e-19,-0.6660942547726643,0.0595377509101908,4.480525317444463e-07,1.0396525728658462e-22,5.075667310491978e-20,-3.3679332596071997e-20,0.00014871529174903,4.4805253174469317e-07,0.059537125833091696,-6.177359330394721e-23,-7.713574998130065e-20,3.3642188802785545e-20,7.960867637119216e-05,8.000424179480015e-21,1.9977501032945422e-21,0.0032423554866246903,-1.483878529244279e-14,-1.0778596750069534e-14,3.425960030848738e-24,4.4936495644610873e-20,-7.048465118575841e-20,-1.4838785292436314e-14,0.0008120852970583705,-3.832769182119111e-17,2.1336052869113977e-23,-3.367894993214349e-20,3.364176249255925e-20,-1.0778596750069336e-14,-3.832769182121017e-17,0.0008120852970583955,-5.3583302438138554e-24,0.00014871529174903002,7.960867637119218e-05,1.8859266940516617e-25,2.4019824077046144e-23,-5.358481607036987e-24,0.03501717442481635
1774036450824086021,164,1774036450781265497,center_camera,base_link_12,-0.6212502628230518,0.25400075193121857,-3.5321168105553777e-19,-2.196262031937492e-16,3.268237211420285e-17,0.9891084868641657,0.14718831887510783,0.0034831370629393585,1.8853801970468052e-17,-4.675849159142824e-26,1.3334963493477412e-25,-1.0685321885690601e-16,-2.327787346423837e-12,1.88537986617456e-17,0.0034831370629391364,-2.557484920796142e-25,9.40378756899084e-23,3.591937093260783e-16,-6.815639209018258e-13,9.235682831033638e-26,-2.478237071297007e-25,0.00417936468624724,-1.7264937165667785e-12,-1.2652515194816428e-12,6.743076181003284e-29,-5.01937579494044e-26,1.0325182786087499e-22,-1.7264937157197456e-12,0.0020906814214203847,-6.356661238039118e-15,1.018800395118561e-25,-1.0685322095695558e-16,3.5919371799802854e-16,-1.2652515220227417e-12,-6.3566612269250904e-15,0.002090681421422377,4.8570655113905506e-21,-2.3277873430357053e-12,-6.815639209018258e-13,7.069011395935444e-29,9.877986976982248e-26,4.857065477126603e-21,0.004179364707055889,0.025904714225137106,-0.03868345563163412,-7.96978515830238e-19,1.7787262242987317e-18,-1.1472330903098754e-18,-0.6436208934034707,0.0602360479181987,4.263515908850104e-07,-1.135247239181557e-22,-3.894041579531132e-20,2.868619680865071e-20,0.00014301055465943633,4.2635159088479156e-07,0.06023546720336627,-1.0468742256020133e-23,4.977395619917891e-20,-4.0440487917088237e-20,7.763682528353757e-05,-3.44944519646785e-21,-5.8677117822365e-22,0.0027869092741679507,-8.351750924646235e-15,-6.101243811982843e-15,-2.929380591546562e-24,-3.733518568022073e-20,5.026289857450883e-20,-8.35175092464631e-15,0.0006982238564262278,-1.7062592649762767e-17,1.7791282054834055e-24,2.868599625391872e-20,-4.0440148421330875e-20,-6.101243811982961e-15,-1.7062592649771633e-17,0.0006982238564262389,5.501061674392962e-24,0.00014301055465943633,7.763682528353755e-05,-2.7995846795925793e-25,5.070896923430896e-25,5.401045090721386e-24,0.03522788380635486
1774036450924093915,165,1774036450867249966,center_camera,base_link_12,-0.6212503565003724,0.25400095095759956,-1.0584214009709722e-18,-1.5426069214753585e-16,4.719350291509726e-16,0.9891082477056732,0.147189926016058,0.004301222662522605,4.003371854149647e-17,-2.418057797843799e-25,-2.772472300030715e-16,-1.6635765720814738e-16,-2.9432522025596604e-12,4.003372515894137e-17,0.004301222662522242,3.849586251919407e-24,8.876550984325041e-16,5.326289515087796e-16,-8.974478993474143e-13,-1.618049946179449e-25,-2.816199751842813e-24,0.005161067390023162,-2.2837224266945345e-12,-1.7418476820548487e-12,-1.1486207315949807e-26,-2.772472298482353e-16,8.876550981130661e-16,-2.2837224258475015e-12,0.0025815326241586463,-5.546826987728842e-15,6.779714568452772e-21,-1.6635765226116246e-16,5.326289515009212e-16,-1.7418476829018817e-12,-5.546826981270532e-15,0.0025815326241613824,4.066143255104249e-21,-2.9432522025596604e-12,-8.974479001944472e-13,-7.435526436842565e-27,6.779714487423797e-21,4.0661366113976315e-21,0.0051610674321170705,0.02341536751975883,-0.033924015761650356,2.1789692705160295e-19,2.4120201974510982e-18,3.4026170170276113e-19,-0.6058574010383571,0.05896355524814544,3.9352449089920533e-07,2.0239420293843614e-22,6.015787568724477e-20,1.7140469297556188e-20,0.0001343884127290288,3.9352449089936325e-07,0.05896304406146199,-1.6439214532807885e-22,-8.850627978855978e-20,-2.2033734187511707e-20,7.502156900045155e-05,-3.92594567313393e-21,-2.6422481426559023e-21,0.003441377657160363,-1.681471419137679e-14,-1.287470065501979e-14,-1.418641891109969e-24,6.015789607833417e-20,-8.850630033036255e-20,-1.681471419136909e-14,0.0008618403856450869,-4.085357948491783e-17,2.6334243769765107e-23,1.714083547274049e-20,-2.2033624519625386e-20,-1.2874700655016307e-14,-4.085357948492716e-17,0.0008618403856451085,1.5864905970051818e-23,0.0001343884127290288,7.502156900045155e-05,2.552597114791191e-25,2.6360091415401666e-23,1.5864755706178072e-23,0.034880697469862006
1774036450990744676,166,1774036450935207605,center_camera,base_link_12,-0.6212502136264492,0.2540005711955629,1.1242599635313578e-19,3.268220987706146e-17,2.1962622733604687e-16,0.9891085955914085,0.14718758822397834,0.0033998813300187393,2.2770498862184188e-17,1.7691196093499294e-25,-1.4952045129144575e-16,4.984138692137172e-17,-1.776005915344269e-12,2.2770498862184188e-17,0.0033998813300185372,-6.541225866963243e-25,4.575222149947558e-16,-1.5250770300118355e-16,-5.709976228616292e-13,4.5223977634102554e-26,-1.2924699151145397e-25,0.004079457800528554,-1.2918604869253643e-12,-9.828262098751043e-13,2.0053240042218937e-29,-1.4952045346857242e-16,4.575222152516224e-16,-1.2918604860783314e-12,0.0020407280312909424,-5.105261466184033e-15,-1.3675595038370795e-20,4.984138487234504e-17,-1.5250770300060586e-16,-9.828262081810384e-13,-5.105261476659904e-15,0.0020407280312916684,6.267183688330466e-22,-1.7760059170383348e-12,-5.709976220145963e-13,-3.615736191484367e-29,-1.3675593447937438e-20,6.267198980793411e-22,0.004079457818126876,0.022425231441184638,-0.03152371842286893,-7.493421163386006e-20,-3.8344081834166453e-19,1.6321076833611975e-18,-0.5875084157737299,0.05999559849497907,3.7300499006180404e-07,9.066744335818302e-24,-2.020025793292986e-20,-2.5725332145643125e-20,0.00012912221064481918,3.730049900617226e-07,0.05999512461221415,-3.09773080748641e-23,2.3288307835012793e-20,2.7129224968249647e-20,7.298269319493914e-05,6.247071816209444e-21,-1.0608771943600818e-20,0.0027203047136821444,-5.953592674811215e-15,-4.549158217589989e-15,2.153034021996759e-24,-2.020033983792196e-20,2.3288292545031348e-20,-5.9535926748094744e-15,0.0006815729160581132,-1.0103985127950833e-17,4.914906599746219e-24,-2.5725409509602865e-20,2.7129198227769416e-20,-4.54915821758865e-15,-1.0103985127941853e-17,0.0006815729160581192,-2.6669994559268864e-24,0.00012912221064481918,7.298269319493914e-05,-3.1102943491499066e-26,4.9264990620629796e-24,-2.666914525196918e-24,0.03518331927199809
1774036451057485577,167,1774036451020940542,center_camera,base_link_12,-0.6215002565119557,0.2540007957306173,7.833802548955908e-20,-2.196261640499798e-16,3.268263516004477e-17,0.9891083105763004,0.1471895035282635,0.004288646065153183,4.8916026972482737e-17,7.993381715411334e-25,-7.307466173449239e-27,-1.9587477715317123e-16,-2.4827477516898254e-12,4.891604682481744e-17,0.004288646065152798,-3.3169291872614296e-24,-2.779649065620386e-25,5.671909332910526e-16,-8.338873491256526e-13,-9.076893250051811e-25,3.521379695181648e-24,0.0051459754763980604,-1.8930177216080254e-12,-1.529138196748321e-12,9.448289468925072e-28,-9.44124133391384e-27,1.3924795904610937e-26,-1.8930177207609924e-12,0.002573986640387637,-1.4721448819500367e-15,-9.717842373223258e-30,-1.9587477708405878e-16,5.671909383645928e-16,-1.5291381984423869e-12,-1.472144888569703e-15,0.002573986640395037,6.366978267015929e-21,-2.4827477533838913e-12,-8.338873499726856e-13,-6.726123234389567e-29,-2.828629561890099e-29,6.3669763840893564e-21,0.0051459755202224984,0.020540072106665253,-0.027243211208796185,4.0656513279323555e-19,-1.1870010496593818e-18,1.285298568772184e-18,-0.552480297913321,0.05862311189785079,3.362172108562823e-07,4.1511222676593704e-23,-2.076937079786568e-20,4.6974464083240755e-20,0.00011977062952177556,3.3621721085597695e-07,0.05862270554621747,-1.6070017343387045e-22,2.761820944244756e-20,-6.21941074081296e-20,6.966144805317334e-05,4.135836726165639e-23,-1.6032557840301122e-22,0.0034313163666937147,-1.3879961668106215e-14,-1.1185004364004805e-14,-9.691576125149818e-26,-1.8010118826843183e-20,1.8552335498014164e-20,-1.3879961668109104e-14,0.0008593249648740405,-2.876776815310717e-17,6.331745451650063e-25,4.4707867330578614e-20,-6.288354752976915e-20,-1.1185004364005606e-14,-2.876776815309431e-17,0.000859324964874053,1.7119905011007885e-23,0.00011977062952177553,6.966144805317334e-05,-9.363891650276959e-26,-7.319624988454958e-26,1.8397303332983366e-23,0.03480041520407755
1774036451157498299,168,1774036451094717979,center_camera,base_link_12,-0.6212502662719617,0.2540004991916895,-1.5284039979564667e-18,3.268219928176895e-17,2.196262289127143e-16,0.9891086026920873,0.14718754050702293,0.0036908712109409696,2.670892247986964e-17,-7.103232799445034e-26,-2.021386332800425e-16,1.0106825821157093e-16,-1.5618125214877758e-12,2.670891255370229e-17,0.0036908712109407597,-4.3585630149016646e-26,5.368076471316747e-16,-2.6839323996717137e-16,-5.754635769709732e-13,6.608100573756872e-26,-2.0060494659273407e-25,0.00442864564977697,-1.1255448943407894e-12,-9.373399095680027e-13,-6.659285363812264e-29,-2.0213863315193387e-16,5.368076468758595e-16,-1.1255448943407894e-12,0.0022153219533254573,-4.947457589637016e-15,1.7366380310840044e-20,1.0106825827568328e-16,-2.6839324022299576e-16,-9.373399087209697e-13,-4.947457594891713e-15,0.0022153219533372456,-2.8607580366257097e-21,-1.56181251979371e-12,-5.754635761239402e-13,2.4275932939890748e-29,1.736638026702089e-20,-2.8607580086243588e-21,0.004428645670480487,0.019216898929136077,-0.024865822229889326,-2.003752009131931e-19,8.454538098340699e-19,-1.0660393753058652e-18,-0.5328548045585333,0.05943894817837202,3.135173084558353e-07,3.4816823418441096e-23,2.0679129737478097e-20,-3.8226980158212907e-20,0.00011383898170682409,3.135173084556389e-07,0.05943858074906441,3.176535376568945e-23,-2.701269367206325e-20,5.2783121203712447e-20,6.734289142579716e-05,1.041665484703361e-21,-1.3931674320469285e-20,0.002953096611274819,-6.090968672646294e-15,-5.092184653953392e-15,-2.8484920345202442e-24,2.067913884589961e-20,-2.701270325363204e-20,-6.0909686726460555e-15,0.0007397708800868325,-9.789635682386822e-18,1.0125199131426489e-23,-3.822697307141369e-20,5.278311076005813e-20,-5.092184653952657e-15,-9.78963568238249e-18,0.0007397708800868365,-4.8906453430612816e-24,0.00011383898170682409,6.734289142579713e-05,1.0018567285393463e-25,1.0125194668683607e-23,-4.8906477686660036e-24,0.03503961486560224
1774036451224098497,169,1774036451176820517,center_camera,base_link_12,-0.6212502306103161,0.2537506406650115,-1.0275678865073004e-18,0.0,0.0,0.9860264911942769,0.16658859103522852,0.0041071261270845755,4.287613281063284e-17,8.644836888508755e-25,1.5681746164194464e-24,9.226810385959314e-17,-1.7955680734984712e-12,4.2876151008606316e-17,0.004107126127084268,-3.2482471975339334e-24,-1.2336200594027603e-25,-2.351302573742807e-16,-6.843583825447055e-13,-8.264209942940068e-25,3.111987534753473e-24,0.004928151552106347,-1.3139562137984284e-12,-1.1327659709183273e-12,7.52642021175035e-27,-8.575597991576213e-25,7.646696326161854e-27,-1.3139562146454614e-12,0.002465074763850896,-2.3241977293219044e-15,9.689873988994025e-25,9.226810378476791e-17,-2.351302569502362e-16,-1.1327659709183273e-12,-2.3241977476273145e-15,0.0024650747638569294,1.1199677603611336e-20,-1.7955680734984712e-12,-6.843583816976725e-13,6.589916175800578e-27,9.710952284966522e-25,1.119967702094074e-20,0.004928151586400927,0.017549527879925128,-0.021420467777044764,7.784452782888304e-19,-3.376218759254411e-18,-1.124326630253861e-19,-0.5301047089848551,0.05895290773425846,2.8206553604761807e-07,-3.0561246000045307e-24,-2.5509614757573584e-20,-3.141642844552941e-21,0.00010568191919328181,2.820655360471912e-07,0.05895259209116722,-7.607008144536663e-23,3.660812221105101e-20,2.8127428265364826e-21,6.413094323747829e-05,-3.226859836908706e-24,-7.579502848495098e-23,0.0032861004662240643,-8.837228005892137e-15,-7.644223115481742e-15,1.1229726869062655e-25,-2.4282511892482474e-20,3.257576232913257e-20,-8.837228005896808e-15,0.000823021314465828,-1.4818558948988142e-17,1.377099365330163e-25,-1.9143961086053293e-21,-1.219553108913185e-21,-7.644223115484574e-15,-1.4818558948958674e-17,0.0008230213144658323,-6.088187234908224e-24,0.0001056819191932818,6.413094323747827e-05,-9.443414048701386e-26,-4.247487637580301e-26,-6.161070842448214e-24,0.03490712732959221
1774036451290728507,170,1774036451257786751,center_camera,base_link_12,-0.6212502148599122,0.2540003903783491,3.532793161689204e-20,0.0,0.0,0.9891079919225203,0.1471916448545892,0.004050311044773709,2.493255707749569e-17,6.53233739115814e-25,4.347193874603711e-17,8.694832231108811e-17,-1.4268016174605715e-12,2.4932545496967114e-17,0.004050311044773466,8.229294845645119e-26,-1.1385763520639675e-16,-2.277169557205673e-16,-5.275465623087619e-13,-6.958079934194053e-25,-2.4494889008693782e-26,0.004859973443847427,-9.977830092375035e-13,-9.153963280234738e-13,-4.344381003615753e-27,4.347193868954257e-17,-1.1385763122629448e-16,-9.977830092375035e-13,0.002430985812108703,-1.379705772014584e-15,1.2332813202948831e-20,8.694832237645685e-17,-2.277169600772327e-16,-9.153963284469903e-13,-1.3797057774995023e-15,0.002430985812103275,1.181426620693718e-21,-1.4268016191546374e-12,-5.275465623087619e-13,-2.815160046720496e-27,1.2332812580249425e-20,1.18142775981293e-21,0.004859973470863502,0.016369652380052616,-0.019120886819891714,1.0799244945990474e-18,2.618512746895945e-18,2.75570738414442e-18,-0.4850368787711511,0.05917626373580279,2.5568333511348616e-07,3.129772253943122e-23,-6.217083485174003e-21,1.7814394472144848e-21,9.862376519984445e-05,2.5568333511314544e-07,0.059175990054198296,-2.8652299407991066e-23,7.532790068293797e-21,-5.482577381790566e-21,6.12912000866091e-05,-2.4373503010850938e-21,7.068984150281516e-21,0.00324064845173633,-6.527752525860638e-15,-5.9888399284133314e-15,-1.879921851306637e-25,-4.4443966423966345e-21,8.149585012251309e-21,-6.527752525863865e-15,0.0008116586949283349,-9.813283442460872e-18,-7.624744210958407e-25,5.483819306744746e-22,-1.9373008665482905e-21,-5.988839928416029e-15,-9.813283442452197e-18,0.0008116586949283362,-5.2797327598349124e-24,9.862376519984445e-05,6.129120008660909e-05,1.6745495638155983e-26,-2.1687454142149763e-24,-5.2041228434875776e-24,0.03497679792875052
1774036451390748916,171,1774036451333040237,center_camera,base_link_12,-0.6212502070879778,0.253750431404107,-1.8471393473293477e-19,-2.825580122819347e-17,-2.2023945212714741e-16,0.9918703145321033,0.1272528158823469,0.003764673649341974,3.4561724402014245e-17,7.566933806792561e-25,2.095700136789648e-16,2.7679148330211174e-27,-1.2086821937063027e-12,3.4561721093291794e-17,0.0037646736493417553,-2.8049209765540433e-24,-4.618210295278407e-16,-2.792373514188754e-24,-5.32392128632978e-13,-8.054339414599842e-25,3.0604224763997886e-24,0.004517208580880988,-8.380081817782202e-13,-7.967562241619148e-13,6.756924145223144e-26,2.0957001362567904e-16,-4.618210294194971e-16,-8.380081822017367e-13,0.0022596033672459023,-4.015127672118748e-15,-3.873702973533528e-21,1.8096380648224207e-27,1.5345009566936979e-24,-7.967562245854312e-13,-4.015127672118344e-15,0.002259603367251217,-6.578621686673265e-25,-1.2086821954003686e-12,-5.323921294800109e-13,6.661877893842172e-26,-3.8737029735345094e-21,-6.585602988578948e-25,0.004517208605057202,0.015247690504348677,-0.016694144013999872,-7.4306086159588095e-19,3.224423672972407e-18,1.6339778130560498e-19,-0.44507764470626404,0.05962322384991116,2.3244386581987845e-07,-3.144848724171701e-23,-1.6717547621157037e-20,1.1103547009776208e-20,9.23226898069865e-05,2.3244386581998515e-07,0.059622984807215264,3.9516600984727825e-23,1.984666014555134e-20,-1.5183900477075546e-20,5.858171710805341e-05,-1.6194604498215822e-22,4.680280596803932e-22,0.0030121385364823682,-4.757222652583117e-15,-4.5028548371258185e-15,1.0940626878394004e-26,-1.3963838210196674e-20,1.6944314698839645e-20,-4.757222652582716e-15,0.0007545311693078934,-6.139164381885165e-18,-8.211855523730812e-24,1.1103482452344837e-20,-1.5183688647620078e-20,-4.502854837127579e-15,-6.139164381885599e-18,0.0007545311693078941,3.5010337625055286e-27,9.232268980698649e-05,5.85817171080534e-05,-1.0494419749132799e-26,-9.520487628614523e-24,3.477161910700503e-27,0.035111594682276134
1774036451457410580,172,1774036451413217306,center_camera,base_link_12,-0.6212502207598681,0.2537503697960141,8.687928610067253e-19,0.0,0.0,0.9918708012723936,0.12724902193439439,0.004010852714604284,5.1443532755239554e-17,-1.1509488960895696e-25,-1.7300117185706957e-16,3.497952410530145e-27,-1.1833126302819921e-12,5.1443526137794653e-17,0.004010852714604038,-1.4365585182671558e-24,3.1576128410052467e-16,-1.0129830516283202e-25,-6.251260004297909e-13,-1.708958032785498e-26,1.809231901014773e-24,0.004812623458689905,-8.400755338220343e-13,-8.474877357608236e-13,-5.229346614800996e-25,-1.73001174167761e-16,3.157612842469841e-16,-8.400755342455508e-13,0.0024073107361220498,-3.693919743943736e-15,-9.586514225214952e-21,3.558095222939684e-27,4.5188379948716716e-26,-8.474877357608236e-13,-3.693919743943938e-15,0.0024073107361166335,-5.017753908753299e-25,-1.1833126302819921e-12,-6.25125999582758e-13,-5.244301824783717e-25,-9.586513182091811e-21,-5.018189433055982e-25,0.00481262349029524,0.014011030308052152,-0.014331756826489022,-1.0621487511008658e-18,7.967945833793727e-20,-1.7955827307319632e-18,-0.4238860221873144,0.059356871179174014,2.0580871191863203e-07,-6.464798611098332e-24,4.7324073335931664e-20,9.126038948334448e-22,8.489063469482345e-05,2.0580871191879103e-07,0.05935667073367171,7.554829687693429e-23,-5.0805645467148286e-20,-1.0004266380021805e-21,5.541028524667533e-05,2.050302322011163e-21,-7.807438949635909e-21,0.0032090817486222817,-5.363696887295928e-15,-5.4359454993890915e-15,-4.673038971104596e-25,4.732393153889511e-20,-5.080567214144762e-20,-5.36369688729592e-15,0.0008037667096499066,-6.842760543277067e-18,8.987543134185974e-24,9.126015692588047e-22,-1.0004181824955379e-21,-5.4359454993900405e-15,-6.842760543276888e-18,0.0008037667096499067,9.465446430008715e-26,8.489063469482348e-05,5.541028524667533e-05,6.70559257968928e-26,9.039358889550823e-24,-1.834228100445047e-26,0.03504373997081937
1774036451524092643,173,1774036451487339973,center_camera,base_link_12,-0.621250181654815,0.2537502841234713,4.124168479317361e-19,0.0,0.0,0.9918708806599785,0.12724840312867802,0.00370813267564274,4.14341783319406e-17,9.189155141731187e-27,8.020085125176974e-17,1.6040847706426933e-16,-9.111390222694775e-13,4.143417750475999e-17,0.0037081326756425535,1.2983507610256914e-24,-1.3494821153715092e-16,-2.698964270987349e-16,-5.225462384064012e-13,6.442266729225307e-26,-1.670474073288547e-24,0.0044493594155702995,-6.18235686830024e-13,-6.745800978292973e-13,-1.1759329936962207e-27,8.020085343627817e-17,-1.3494821361898818e-16,-6.18235687677057e-13,0.0022256787750952263,-3.392560108287547e-15,3.461145167110257e-21,1.604084792487822e-16,-2.698964249157974e-16,-6.745800969822644e-13,-3.3925601195286004e-15,0.0022256787750893287,6.919806747282344e-21,-9.111390222694775e-13,-5.225462384064012e-13,-1.3420247921812021e-30,3.461145248576971e-21,6.919805128546045e-21,0.004449359439554951,0.013097704324808102,-0.012458341809998304,1.1722399564591029e-18,1.3291181757787824e-20,-1.1264895528122358e-18,-0.4075731912852308,0.059799603231300576,1.8521566753183205e-07,6.4005921628140804e-24,-2.5336524552513464e-20,-1.5085329073991787e-20,7.895279411953002e-05,1.8521566753221853e-07,0.0597994311143864,-8.43467821205307e-24,2.5908497635279504e-20,1.4928623867120357e-20,5.274651397912106e-05,-3.56216524460037e-21,-9.39512916550816e-22,0.0029669057546273716,-3.4114633782291222e-15,-3.6768250814103046e-15,-2.9503962072305615e-24,-2.4434483757286952e-20,2.245120373607359e-20,-3.4114633782277705e-15,0.0007432229400681735,-3.6704255673189946e-18,-3.8598535577354496e-24,-1.5085250494612437e-20,1.492875697854017e-20,-3.676825081409159e-15,-3.670425567306384e-18,0.0007432229400681732,-7.232975544987174e-24,7.895279411953002e-05,5.2746513979121064e-05,1.0797494878337809e-27,-3.515330540653094e-24,-7.129681219123332e-24,0.03517749700921767
1774036451624024364,174,1774036451567220926,center_camera,base_link_12,-0.6212501986659741,0.253750284000135,-6.829000733295102e-19,0.0,0.0,0.9918708368844732,0.12724874434781208,0.003996046910591073,4.8966994533105804e-17,-7.322607367874741e-25,-3.8345129449508373e-17,1.1502861538903807e-16,-9.21212993481278e-13,4.8966995360286416e-17,0.003996046910590855,1.5210533203659325e-24,5.897896088014132e-17,-1.769301083621464e-16,-5.716511197918642e-13,7.951282603312092e-25,-1.5990593710666415e-24,0.004794856496053906,-6.265433347312009e-13,-7.333032005376423e-13,-2.452467716748884e-28,-3.8345129448860146e-17,5.897896096476207e-17,-6.265433347312009e-13,0.0023984272393862004,-3.4649565620057223e-15,-1.8683836881228987e-21,1.1502861538979747e-16,-1.7693011056259413e-16,-7.333031996906094e-13,-3.4649565559266718e-15,0.002398427239391214,5.604325334747342e-21,-9.212129951753439e-13,-5.716511193683477e-13,1.7614678507254663e-30,-1.868383734604602e-21,5.6043259398256765e-21,0.004794856528436763,0.011986179392592325,-0.01041583361509253,2.5469411675490977e-20,-6.1444680212869324e-21,-8.0989263224329855e-19,-0.3879934885349181,0.05944669077465941,1.6158000190951475e-07,1.1845556453937185e-23,1.3000932378647588e-20,3.2483515494534926e-21,7.188026976198853e-05,1.6158000190956166e-07,0.05944655026488791,-1.5870366848184195e-23,-1.1053719493555154e-20,-5.1762726707921356e-21,4.961232949505877e-05,4.9826886272455634e-21,-2.718419563056556e-21,0.00319723709840875,-3.964666461684155e-15,-4.6443703742764e-15,2.7275122853561975e-24,1.2480505635135358e-20,-9.0587952076827e-21,-3.964666461684837e-15,0.0008008054905502119,-4.289628715730601e-18,2.3406876144839335e-24,3.2483867299418063e-21,-5.176406847290763e-21,-4.644370374276972e-15,-4.289628715739886e-18,0.0008008054905502103,-6.646558771132558e-24,7.188026976198854e-05,4.961232949505877e-05,2.5427640806033444e-27,2.1799710306243105e-24,-6.646548524791302e-24,0.03508520342401745
1774036451690743307,175,1774036451643292904,center_camera,base_link_12,-0.6212501661401781,0.2537502164179341,-1.3469012999756402e-18,0.0,0.0,0.9918709043217112,0.12724821869099312,0.0038055981913933798,3.8515465750282955e-17,7.368932803718152e-25,-1.1096866665344952e-16,1.1097131238403951e-16,-7.043570167766279e-13,3.8515459132838055e-17,0.0038055981913932184,-2.694607106198482e-26,1.541634870928382e-16,-1.5416369743705168e-16,-4.836323788686868e-13,-8.41855484209249e-25,2.2795061699033652e-26,0.0045663180314258894,-4.5315239187019077e-13,-5.903034663048935e-13,-7.814074317422809e-28,-1.1096866653200555e-16,1.5416348703929154e-16,-4.5315239187019077e-13,0.0022841580794267695,5.098856876889202e-15,-3.344871045206042e-21,1.1097131232975199e-16,-1.5416369943572772e-16,-5.90303465881377e-13,5.098856871246562e-15,0.0022841580794327456,-4.511629213528364e-21,-7.043570167766279e-13,-4.836323780216538e-13,-6.736353875177689e-29,-3.3448710760785147e-21,-4.5116287036617025e-21,0.004566318056849401,0.011120145904700333,-0.008722656559359337,5.809180799250059e-19,3.161479737047521e-18,-1.2856812321341258e-18,-0.37222491229583204,0.05975612802020326,1.4304742824208698e-07,2.0531272439881676e-23,5.6072085648727064e-21,2.3020286925579578e-21,6.609968883698828e-05,1.4304742824250361e-07,0.05975601117731505,-1.804302694189964e-23,-3.902514338517942e-21,-2.6387096496358226e-21,4.696170512186366e-05,8.904931227751074e-22,-3.3532424655668464e-21,0.0030448781630808396,-2.6398251370522783e-15,-3.3860168609071825e-15,-3.4608891499237917e-25,3.366511227450275e-21,-2.589025763162338e-21,-2.6398251370517194e-15,0.0007627160289491149,-2.475305501749222e-18,3.212015503586843e-24,4.542755365239989e-21,-3.952302875307971e-21,-3.3860168609058027e-15,-2.4753055017427804e-18,0.0007627160289491132,-3.490531306668959e-24,6.60996888369883e-05,4.6961705121863675e-05,9.806755279970434e-27,4.430430040349616e-24,-4.657227239542628e-24,0.03518066456195087
1774036451757318512,176,1774036451728923559,center_camera,base_link_12,-0.6212501824481343,0.2537502101652921,6.982791780649189e-19,0.0,0.0,0.9918708597211804,0.12724856634149737,0.004283532060185325,4.338738171438859e-17,-1.4613485053675569e-24,7.58111329061778e-17,7.581113289622939e-17,-6.961412605152833e-13,4.33873825415692e-17,0.004283532060185141,1.4637213805033514e-24,-9.346517719901048e-17,-9.34685622672961e-17,-5.295767456998176e-13,1.6118745776173741e-24,-1.6172028709046876e-24,0.005139838660530508,-4.3740724009729893e-13,-6.380906985789265e-13,3.7670047137839945e-28,7.58111329783053e-17,-9.346517726332818e-17,-4.374072398855407e-13,0.002570918347375126,2.3928759516357483e-15,-3.605131649571794e-21,7.581113296099557e-17,-9.34685646083059e-17,-6.38090699002443e-13,2.3928759516351425e-15,0.002570918347369495,-3.60554449845269e-21,-6.961412613623163e-13,-5.295767456998176e-13,1.210145500194772e-30,-3.605131690799735e-21,-3.605543904395439e-21,0.005139838695662159,0.010025734592934382,-0.006834632999863052,-1.2328987750432396e-18,-1.9565607785235178e-18,-1.8073571926743826e-18,-0.35231588911389,0.059140058222548565,1.2148344507857663e-07,-3.4094893355586734e-23,-2.0747686523883602e-20,1.6654599766544403e-21,5.89953544485069e-05,1.2148344507842363e-07,0.05913996841446241,2.196324455613102e-23,1.6654175921106745e-20,-2.5486796485772378e-21,4.383548026885988e-05,2.2448549306764377e-22,8.925496467104529e-23,0.00342722522190941,-3.228658438164051e-15,-4.696980398757502e-15,2.1062098053436646e-25,-2.12863997592565e-20,1.871921933907992e-20,-3.2286584381650675e-15,0.0008583026168581519,-3.1568432476812074e-18,-4.626824427840949e-24,-9.382639254341771e-22,-1.022515219871102e-21,-4.696980398759238e-15,-3.1568432476812093e-18,0.0008583026168581489,-5.9618842502423795e-24,5.899535444850689e-05,4.383548026885988e-05,-1.785151660153057e-26,-4.6898029365908696e-24,-4.677323187214069e-24,0.03501159727100851
1774036451857379395,177,1774036451807363749,center_camera,base_link_12,-0.6212501406156365,0.25375014193031314,-1.4738391477869255e-18,0.0,0.0,0.9918709517225012,0.12724784921207835,0.003924008824309619,3.00861722943384e-17,-2.3935194627926028e-26,1.3543001683131029e-24,-3.635260901841557e-17,-4.716622956053374e-13,3.008618139332514e-17,0.003924008824309503,-6.418782439021528e-25,1.2266873035435532e-24,3.887906999973504e-17,-4.141759791610798e-13,-2.215321694500693e-26,7.078917085765746e-25,0.004708410778170733,-2.77885204538926e-13,-4.676391368630165e-13,-4.1543774226980485e-26,-7.527235585985197e-25,-7.007645114320353e-25,-2.7788520475068425e-13,0.0023552045154470215,-3.1280169747058934e-15,-1.6260126440322925e-24,-3.6352607090644084e-17,3.8879070000270626e-17,-4.676391381335659e-13,-3.128016985234271e-15,0.00235520451544662,1.0078946410064474e-20,-4.716622947583044e-13,-4.141759795845963e-13,-4.198229670455988e-26,-1.6250172813710154e-24,1.0078945421555482e-20,0.004708410801656788,0.009272915774515259,-0.005366801216082452,-4.2262551554718324e-19,-9.978087112743912e-20,-1.9256122479226243e-18,-0.33813731853037127,0.05967851430200717,1.0651642326027546e-07,-6.046571796396806e-24,6.667790009958219e-21,9.907365807714665e-21,5.383748192567645e-05,1.0651642325997958e-07,0.059678442091434795,8.488236892179374e-24,-5.3206334850150206e-21,-7.4725680518288e-21,4.142764669392478e-05,7.775545904606146e-22,-3.431848092532466e-21,0.0031396066958741635,-1.7064779141740213e-15,-2.87175404494021e-15,-3.8192783313053983e-25,7.112443120846556e-21,-7.025534104082154e-21,-1.7064779141739858e-15,0.0007863983966185127,-1.3698163827392082e-18,-1.103643487049127e-25,1.1612241500747604e-20,-7.027803925190963e-21,-2.871754044940548e-15,-1.3698163827267232e-18,0.0007863983966185107,2.897742222118597e-24,5.383748192567644e-05,4.1427646693924785e-05,-2.1327468106524735e-27,-1.3321690720171032e-26,1.730052682482615e-24,0.035171312984499416
1774036451924046974,178,1774036451879591942,center_camera,base_link_12,-0.6212501345730251,0.2537501172324813,1.3527600118834982e-18,0.0,0.0,0.9918709624196463,0.12724776582999234,0.00361340895753402,3.0959220692242954e-17,-6.87382459883011e-25,-5.846749928059932e-17,1.6721273273269577e-27,-3.962622225081667e-13,3.09592235873751e-17,0.00361340895753391,1.6781807309759296e-26,5.363824493710508e-17,2.4703239505281436e-26,-4.0049630939501283e-13,8.040172853874584e-25,-3.0644898772197717e-26,0.004335690960008526,-2.1173491884357012e-13,-4.323442003932159e-13,4.333897958603728e-28,-5.846749930627527e-17,5.3638244937097516e-17,-2.1173491884357012e-13,0.002168844526200716,-2.926910349541144e-15,-9.159634684180778e-21,2.1427643782947185e-27,-1.2228191094035676e-27,-4.3234420081673236e-13,-2.9269103466672165e-15,0.0021688445262003616,6.963299952376108e-31,-3.9626222335519966e-13,-4.0049630939501283e-13,6.196558005869018e-32,-9.159634934398072e-21,6.929461552103738e-31,0.004335690983910987,0.008604800355848105,-0.004101060699648565,9.573736212766684e-19,3.055760566778475e-18,-1.8181187975754783e-18,-0.325449974177214,0.06009073786423924,9.334011813032684e-08,1.7041649948542773e-23,4.664279136632976e-21,-2.6593459428006895e-21,4.911438704345386e-05,9.334011813003268e-08,0.060090679971530614,-7.719463710011517e-24,-2.49272826046672e-21,1.9906204695231253e-21,3.908687678556268e-05,1.751041689803461e-21,4.44637902681662e-22,0.0028911267728770717,-1.1227479712931106e-15,-2.2507319344156022e-15,1.2456440220452454e-24,5.530426927523399e-21,-2.26677283230871e-21,-1.1227479712927394e-15,0.0007242781178133443,-7.639667218215482e-19,2.484730455089936e-24,-2.8853019086010152e-21,2.856765904098757e-21,-2.2507319344162795e-15,-7.639667218246705e-19,0.0007242781178133432,7.118433366147266e-26,4.911438704345386e-05,3.908687678556269e-05,7.258756214589613e-27,1.8912943141496144e-24,-7.137974477529537e-28,0.03529618007381238
1774036452024659629,179,1774036451964996576,center_camera,base_link_12,-0.6212501593021271,0.2537501133841739,-7.581168814945609e-19,0.0,0.0,0.9918708950730976,0.1272482907818107,0.0042722309862756585,3.8078947444992543e-17,-7.671826436147443e-25,-1.2216510857267875e-16,3.0540854079197596e-17,-4.018360241382353e-13,3.807894723819739e-17,0.0042722309862755145,7.480613490286403e-25,9.24725653566413e-17,-2.3117718800774195e-17,-4.718016346427431e-13,7.792239124849118e-25,-8.325860765176632e-25,0.005126277376825522,-2.0008123129101955e-13,-5.138586979224467e-13,-1.5069698698596344e-28,-1.2216510976889362e-16,9.24725653190409e-17,-2.0008123129101955e-13,0.002564137652974155,-7.231528134163746e-17,7.732347473378077e-21,3.054085400498933e-17,-2.311771760489688e-17,-5.138586977106884e-13,-7.231528758103497e-17,0.0025641376529682283,-8.622997208931233e-21,-4.018360241382353e-13,-4.718016346427431e-13,4.0087928368859363e-29,7.732347428114724e-21,-8.62299746544475e-21,0.00512627741560871,0.007658535182112788,-0.002637776147328961,1.0871733759440964e-18,-3.2786885397252047e-18,2.5684009932075267e-18,-0.3072038865376136,0.05911838295084021,7.637978956728632e-08,2.3935969304687476e-23,8.138773126990022e-21,-3.826051253744789e-21,4.25469584943254e-05,7.637978956744069e-08,0.05911834308973526,-9.32521722919597e-24,-2.8049452960797654e-21,1.6076025414522405e-21,3.603025036672325e-05,-1.5449714686941433e-21,-2.882052252304414e-21,0.0034181843368117477,-1.4285510401653594e-15,-3.7394545777921294e-15,-1.438377646292085e-24,8.138687760680134e-21,-2.8049702261855374e-21,-1.4285510401649511e-15,0.0008560422002756474,-1.0643225712292933e-18,7.135370603309193e-24,-3.826077946488772e-21,1.607686288671483e-21,-3.739454577790917e-15,-1.0643225712187261e-18,0.0008560422002756447,-2.1115629934701654e-24,4.2546958494325395e-05,3.6030250366723256e-05,1.1873159925756988e-26,7.135435038498646e-24,-2.1115580432902788e-24,0.03502546955371167
1774036452090726267,180,1774036452044759750,center_camera,base_link_12,-0.6212501189558107,0.2537500652161771,-1.122591788359633e-18,0.0,0.0,0.9918709885995581,0.12724756176263388,0.00399015805929154,2.379286576836375e-17,7.069167204089242e-25,-9.344355432116696e-17,-3.114728659104996e-17,-2.350756100838274e-13,2.379286576836375e-17,0.003990158059291456,-3.732915304172461e-25,5.440022489989297e-17,1.813227893883633e-17,-3.561836846211646e-13,-7.351872807515913e-25,3.91794280923548e-25,0.004787789858353566,-8.659614199436292e-14,-3.5903516386337226e-13,5.433856146340582e-25,-9.344355534459393e-17,5.4400225923267725e-17,-8.659614199436292e-14,0.0023948940530455504,1.4872271671476123e-17,3.7390289568642515e-22,-3.1147287550847804e-17,1.8132279988670864e-17,-3.590351640751305e-13,1.487227695060903e-17,0.0023948940530395422,-2.1980722171911093e-21,-2.3507561050734385e-13,-3.561836841976481e-13,5.434403818171711e-25,3.7390283476649404e-22,-2.1980718170314597e-21,0.004787789882741416,0.007007657644493656,-0.0014519886195082114,-7.709495912936487e-19,-2.548565908313097e-19,1.5600325442292259e-18,-0.29440018974797644,0.05957653544309777,6.514363920217844e-08,-9.612945850128703e-24,-5.523914176610483e-21,4.807262672167624e-21,3.7956657429090985e-05,6.514363920231674e-08,0.05957650672099698,1.1795682750904882e-24,3.2042694372399647e-21,-1.5667820451882823e-21,3.3791228289822093e-05,4.021700542171521e-21,-8.003356582647474e-22,0.0031925260812463623,-5.759211704117114e-16,-2.2798034104243546e-15,2.1926064240109702e-24,-5.523982318200888e-21,3.204308855779881e-21,-5.759211704116952e-16,0.0007996282341082468,-3.565083050089078e-19,3.0985551860123e-24,5.033327037818295e-21,-2.4335491361418905e-21,-2.279803410423784e-15,-3.5650830501538343e-19,0.000799628234108245,8.90822663288698e-25,3.795665742909098e-05,3.3791228289822093e-05,-5.132874137061333e-27,3.0985843803274013e-24,9.625839175641593e-25,0.03516084331464587
1774036452157453530,181,1774036452120935917,center_camera,base_link_12,-0.6212501151493349,0.2537500445747103,8.197172641485326e-19,0.0,0.0,0.9918709942289636,0.1272475178824611,0.0038108076366826123,2.3671336909755342e-17,2.7001146170417793e-26,-2.638479891406915e-17,-7.915609127132332e-17,-1.725064579284765e-13,2.3671336806357765e-17,0.0038108076366825333,-9.895580924950954e-28,1.093270850336373e-17,3.279897073699164e-17,-3.472882127952522e-13,-1.4089182637882357e-28,-9.061021854936075e-28,0.004572569365646979,-3.8653874818304464e-14,-3.3820611377655477e-13,-1.0669631859369332e-30,-2.6384799956553342e-17,1.093270795524487e-17,-3.8653874844774244e-14,0.002287283744698016,4.174346306048127e-17,1.4354781645535484e-22,-7.915609236757554e-17,3.279897128511058e-17,-3.382061133530383e-13,4.1743468712814803e-17,0.002287283744692232,-5.529287273437749e-21,-1.7250645814023474e-13,-3.472882123717357e-13,-7.341175227808394e-31,1.4354801232665298e-22,-5.529287273830548e-21,0.0045725693912618244,0.006404401865549268,-0.0004049857484671267,-4.856249906035346e-19,8.362324113877157e-19,-2.5739515094686367e-19,-0.2823630613545928,0.05985653954743353,5.51561444334552e-08,-2.4554883703511287e-24,-5.297586566319725e-21,3.631978288674498e-21,3.364222295957659e-05,5.5156144433651746e-08,0.059856519848336606,-3.564198022124229e-25,1.717644223289537e-21,-7.870830850932808e-23,3.1589136241430266e-05,1.784251688496899e-21,4.657514256803682e-22,0.0030490457184448334,-2.2383515831225313e-16,-1.935509376734026e-15,1.077236400553568e-24,-7.082669873476353e-21,1.2519299431331333e-21,-2.238351583122841e-16,0.0007637579126097044,-1.2219989224806007e-19,-8.029655926747666e-26,3.631914162604749e-21,-7.86947190980459e-23,-1.9355093767341923e-15,-1.2219989225487233e-19,0.0007637579126097033,2.8153184306052627e-24,3.36422229595766e-05,3.1589136241430266e-05,-1.5793960978052809e-27,1.0072485258357899e-24,2.8153509655753312e-24,0.03524672979383732
1774036452257425555,182,1774036452198384762,center_camera,base_link_12,-0.6212501136311738,0.2539999705026787,1.3313334507559177e-18,0.0,0.0,0.989109447709659,0.14718186182914392,0.0038744415281474903,2.361077943070064e-17,3.3217373943382193e-26,-4.869127859502145e-17,-9.738594439772678e-17,-1.1742242666076168e-13,2.361077943070064e-17,0.0038744415281474166,1.7596684854194696e-25,1.1982328305239401e-17,2.3965503248075265e-17,-3.488260743793423e-13,4.1688759261557556e-27,-2.045745210741113e-25,0.004648930038686209,1.1565525021590668e-14,-3.2743994554619224e-13,6.614984292144326e-26,-4.8691278602188346e-17,1.1982328312395163e-17,1.1565525014973223e-14,0.0023254640370857127,5.424359989133221e-15,-7.970662265664614e-21,-9.73859432886263e-17,2.3965503247987477e-17,-3.2743994491091753e-13,5.424359986173769e-15,0.0023254640370912742,-4.840058059161832e-21,-1.1742242666076168e-13,-3.4882607522637526e-13,6.615987934266243e-26,-7.97066226184402e-21,-4.840058390450562e-21,0.004648930067684874,0.0058455180082699525,0.0002951231913790838,-1.2860814676387927e-18,1.7715042896373805e-18,2.1646106502728135e-18,-0.2928558580150618,0.05980089665731583,4.563182281586929e-08,-1.4753938915627412e-23,1.8979781001859074e-21,1.3283441515234022e-21,2.9227181782792063e-05,4.56318228160112e-08,0.05980088488096548,-7.996737998753354e-26,3.1153403740830537e-22,9.736926816587362e-22,2.9312246441667193e-05,2.0077022407172786e-21,2.0545888568778098e-23,0.0030999528089741594,6.923003450172433e-17,-1.936611502338714e-15,1.0970519536611397e-24,1.0114350248005005e-21,-1.7297646827413477e-22,6.923003450171388e-17,0.0007764845201648075,3.118110522082405e-20,1.2634583531262625e-24,1.3284063147306834e-21,9.737089408258482e-22,-1.936611502339275e-15,3.11811052246801e-20,0.0007764845201648072,4.158060521219479e-24,2.9227181782792063e-05,2.931224644166719e-05,-7.629201717045502e-27,1.8582946121058107e-24,4.1580327544661136e-24,0.035237509218846955
1774036452324096356,183,1774036452281933308,center_camera,base_link_12,-0.6212501139673068,0.2537500681880499,6.196411276975281e-19,0.0,0.0,0.9918704389959379,0.1272518457469501,0.004179426595319787,1.875923568431127e-17,4.395082393363397e-25,7.498308515693233e-17,-9.997631708479621e-17,-8.621908993657388e-14,1.8759235736010057e-17,0.004179426595319719,-1.0129073495363397e-25,-1.1695020321769699e-17,1.5593201678921763e-17,-3.3991643931551886e-13,-4.423402292763177e-25,1.040408825728476e-25,0.005014912105120682,5.586784151696738e-14,-3.0777455694560923e-13,1.113280163047804e-25,7.498308406639242e-17,-1.169502032177785e-17,5.586784146402782e-14,0.002508455086572489,5.481644404172266e-15,4.02673853035898e-21,-9.997631708500887e-17,1.5593201683933406e-17,-3.0777455694560923e-13,5.481644409992621e-15,0.002508455086578138,3.0494251656199656e-21,-8.6219090042453e-14,-3.3991643973903534e-13,1.113099464622681e-25,4.026738841141132e-21,3.0494249020082586e-21,0.005014912137552004,0.0051305003034985185,0.001551674746326785,2.0462621992717163e-19,3.7230466660176866e-19,-2.9497306781413087e-18,-0.25392324887019085,0.059430591461447746,3.6432880634029745e-08,3.652295842849183e-24,-1.0204677526540216e-20,9.792513134202083e-23,2.45984013063154e-05,3.643288063479964e-08,0.059430586752980345,8.246519994712737e-25,-9.279501145489681e-22,1.2347399784985837e-21,2.696703584035259e-05,2.0452264120293316e-21,3.697308016718393e-22,0.0033439408616590944,3.619343213133189e-16,-2.1709820072053195e-15,9.945739777364137e-25,-1.1189467370869054e-20,-1.2276454644412448e-21,3.619343213132602e-16,0.0008374815924668562,1.7084876431772025e-19,-3.527272894827455e-24,6.046584245712501e-23,1.3578303391572508e-21,-2.1709820072062405e-15,1.7084876430905908e-19,0.000837481592466855,4.3554640731494506e-24,2.45984013063154e-05,2.6967035840352592e-05,1.904190629519945e-27,-2.9997339983878957e-24,4.3503090658290064e-24,0.035137200849365016
1774036452390738482,184,1774036452351709604,center_camera,base_link_12,-0.6212500844007688,0.253999936108781,-6.459852655306271e-19,0.0,0.0,0.9891094845630654,0.14718161416218797,0.0034908141608597162,1.4014960189845194e-17,-1.4298292515857705e-26,-2.1090173332847815e-17,6.32755999044308e-17,9.915085803875861e-15,1.4014957152541382e-17,0.003490814160859677,-3.43906061149474e-27,-2.5027118603457015e-18,7.508135574685007e-18,-2.579833937961713e-13,3.2589520901882576e-26,2.2459167723420874e-27,0.004188577198879951,8.288073800916901e-14,-2.0676371582805693e-13,4.503372148301894e-31,-2.109017333285108e-17,-2.5027118574071996e-18,8.288073800916901e-14,0.002095287703526148,2.848561378760528e-15,-2.1993684393712933e-21,6.327559992795005e-17,7.508135570572518e-18,-2.0676371603981517e-13,2.8485613814593663e-15,0.0020952877035319267,6.597898439999828e-21,9.915085790640971e-15,-2.579833937961713e-13,-3.9346265819324033e-31,-2.1993683209594573e-21,6.597898685031706e-21,0.004188577218621228,0.004762545361488166,0.002071152619758981,9.948412569196406e-19,-6.8816954214814e-19,1.332660350505634e-18,-0.26457641723381037,0.060239949554806535,3.092194434259086e-08,6.833228734586267e-24,6.1323460344207995e-21,-1.0233224865220845e-20,2.1708904974288445e-05,3.092194434274357e-08,0.060239948529395675,2.461322504445433e-24,1.20402996421732e-21,-2.156432413782634e-21,2.535860852106031e-05,-4.0912032451701784e-23,-1.6585566593467925e-23,0.002793050964928846,4.224422582174615e-16,-1.0243963599877379e-15,-1.175726167938094e-25,6.1580778853281125e-21,1.1054060207573077e-21,4.224422582175974e-16,0.0006997593838829122,1.4682235077505185e-19,4.246744756556234e-25,-1.1022218347727153e-20,-2.362288137246964e-21,-1.0243963599885293e-15,1.4682235077242806e-19,0.0006997593838829116,-1.7504876189892507e-24,2.1708904974288445e-05,2.535860852106031e-05,2.61919558924614e-27,4.353679104439927e-25,-1.3405675315379263e-24,0.03537297835547606
1774036452490700899,185,1774036452439215899,center_camera,base_link_12,-0.6212501150916372,0.25375003058400963,-1.3436173763924771e-18,0.0,0.0,0.9918703756542062,0.1272523394660536,0.004377313956709062,1.8392428962992095e-17,1.1321886881500168e-26,-8.5723878926865e-17,-6.429298858369132e-17,3.414184574298965e-14,1.8392428958145334e-17,0.004377313956708989,-8.438521961295639e-27,-1.8483562318733852e-17,-1.3863181047824611e-17,-3.5065941747785146e-13,-3.7556085690567804e-26,4.960724363999156e-27,0.005252376939025304,1.6714729391784658e-13,-2.946207601733068e-13,4.933303055854344e-25,-8.57238788882869e-17,-1.8483562154801805e-17,1.6714729381196746e-13,0.0026271873974090675,-5.235427502580892e-15,-7.592179397862959e-21,-6.429298854842095e-17,-1.3863180893531504e-17,-2.946207602791859e-13,-5.235427509041019e-15,0.00262718739741399,-3.111762116852248e-22,3.414184574298965e-14,-3.5065941790136793e-13,4.933197794268333e-25,-7.592179430232725e-21,-3.1117623858408195e-22,0.005252376982525042,0.004023213672780864,0.003179395844974239,-5.461423519890562e-19,-2.1142144018447768e-18,1.1225565917697624e-19,-0.22056366027878443,0.05883431028981536,2.2684291856285263e-08,-5.475846215167314e-24,7.061767310344915e-21,1.2171989170161088e-20,1.6731013155558473e-05,2.26842918560803e-08,0.05883431409829826,-2.6453616647580048e-24,4.4800034420551556e-21,5.413038447916743e-21,2.280890622009004e-05,-1.4686666823099037e-22,-4.567362574103318e-23,0.0035022506909642643,1.3051882165975381e-15,-2.222312926140919e-15,-1.680408142545416e-25,7.061766481442177e-21,4.480016851884637e-21,1.3051882165974362e-15,0.000877058652562052,5.2558440292039865e-19,3.870708939821809e-24,1.1042379526846638e-20,5.06927965013205e-21,-2.222312926140501e-15,5.255844029321394e-19,0.0008770586525620512,2.666960404272013e-24,1.6731013155558477e-05,2.280890622009004e-05,-1.8510365500614033e-27,3.83487225925497e-24,3.1844163914275254e-24,0.03497430287168138
1774036452557376280,186,1774036452519155502,center_camera,base_link_12,-0.6212500790037758,0.25374995578229065,-3.3371573055469493e-19,0.0,0.0,0.9918710750757253,0.1272468876952398,0.003998979560890903,1.1327759964929352e-17,7.954752957002074e-28,6.662258546444139e-17,-6.662168584323686e-17,1.0755008116002243e-13,1.1327759964929352e-17,0.00399897956089087,-1.517308122530959e-26,3.58064256080621e-17,-3.5806848944442476e-17,-2.431152580310424e-13,1.6368153556043917e-26,-3.466701538120201e-27,0.0047983756573084305,1.669531407314461e-13,-1.737059935893678e-13,2.0263079159792155e-25,6.662258543320367e-17,3.5806425608058496e-17,1.6695314062556698e-13,0.002400186973204228,1.5644564748713447e-16,-5.984774433985356e-23,-6.662168583772001e-17,-3.5806848944438753e-17,-1.7370599369524693e-13,1.5644564748733642e-16,0.0024001869731924788,-1.0221167392177394e-20,1.0755008126590155e-13,-2.431152580310424e-13,2.0270712695552345e-25,-5.984774418031806e-23,-1.0221167159533276e-20,0.004798375680630292,0.0035886366966652364,0.003880887503560344,1.2423738431951647e-18,-1.8371406168309348e-18,-2.1233989282226917e-18,-0.21155183123377316,0.059425837225161086,1.785011654773725e-08,9.52148174839021e-24,-9.829549599339733e-21,-1.6798867601614817e-21,1.3600704219298708e-05,1.7850116547523416e-08,0.05942584337478507,9.564560017271682e-24,-6.658780044344316e-21,2.930867583814555e-23,2.1118775892172556e-05,1.9229780206105598e-21,-3.9516471052611774e-22,0.003199583292311479,1.0913495407067718e-15,-1.1344337621153227e-15,7.28531935716116e-25,-9.829550775842606e-21,-6.658780464183496e-21,1.0913495407068312e-15,0.000801392615455127,3.3701126510788216e-19,-2.0952034726757822e-24,-8.342727587596649e-22,2.499379663848223e-22,-1.1344337621154773e-15,3.370112651078605e-19,0.0008013926154551275,2.198666709519015e-24,1.360070421929871e-05,2.1118775892172556e-05,5.600336849661431e-27,-2.147425287316877e-24,1.8305210070334894e-24,0.035144780313739944
1774036452624102212,187,1774036452590627432,center_camera,base_link_12,-0.6212500737613669,0.25374994443516546,-8.579653856744568e-19,0.0,0.0,0.9918710868081,0.127246796243043,0.0035755957818466456,1.0355816799818892e-17,-3.4939167004961924e-25,1.716240614806564e-17,5.1486952433114986e-17,1.4472686744648527e-13,1.0355829362624445e-17,0.0035755957818466213,-1.7485879602674976e-25,1.2537263043597412e-17,3.7612210333052876e-17,-2.282700893525201e-13,3.976450303966718e-25,1.9841465755787154e-25,0.004290315147973251,1.9547603142377318e-13,-1.5870091927820576e-13,-1.765657948570975e-29,1.7162405598930806e-17,1.2537261945493638e-17,1.9547603142377318e-13,0.002146156637585546,9.048356791742219e-17,2.8174154199386373e-21,5.1486953016540746e-17,3.7612210333096757e-17,-1.5870091927820576e-13,9.048356791722024e-17,0.002146156637579955,1.2479470511261835e-20,1.4472686744648527e-13,-2.2827008956427834e-13,-2.2478488877377487e-31,2.817415436168296e-21,1.247947055067866e-20,0.004290315170525853,0.0032241721031626347,0.004455067175677594,1.9510715361276587e-19,-1.4007279538978763e-18,1.9768184868971455e-18,-0.20391941043527395,0.05997933927128751,1.4165687261747624e-08,2.323406469791754e-24,2.4598655365101383e-21,-5.6583311300281966e-21,1.1062490889865256e-05,1.4165687261564532e-08,0.059979346681118186,-1.049007250257596e-25,2.279046548330108e-21,-6.2071687947967946e-21,1.9615041814348765e-05,1.6066795834714132e-23,-5.2610952247636195e-23,0.0028608762415871323,9.964652407128878e-16,-7.887671690264976e-16,-5.572797117277073e-26,2.459853173270065e-21,2.2789900379268408e-21,9.964652407127327e-16,0.0007167155518782291,2.446520277744813e-19,-4.804924078935266e-25,-5.658304570223083e-21,-6.207161862734947e-21,-7.88767169026447e-16,2.4465202777445445e-19,0.0007167155518782292,-1.2741127867251051e-24,1.1062490889865256e-05,1.9615041814348765e-05,8.445748792702051e-28,-4.804784491469194e-25,-1.2741240722137906e-24,0.03530623897622118
1774036452724102086,188,1774036452672950268,center_camera,base_link_12,-0.6212500872085129,0.25374991622381704,-9.012317030741784e-19,0.0,0.0,0.9918710442776832,0.12724712776129027,0.004118141045464148,1.2599053176277853e-17,-3.546467966781215e-26,3.745600417105283e-25,4.261831253264284e-25,2.16993011600681e-13,1.2599056536699091e-17,0.004118141045464115,-4.4346416659086234e-26,2.0988696317312847e-26,3.9288764354952985e-25,-2.702173343870957e-13,-2.032391821844486e-27,2.4606746733983566e-26,0.004941369456303862,2.8836507436256716e-13,-1.7659140994776104e-13,1.3444275412690399e-25,-1.9380186920595352e-25,4.765007959571202e-27,2.8836507415080893e-13,0.002471683681086598,7.247135351859567e-17,6.910603992169971e-25,-2.124599917237951e-25,-2.1334023809176985e-25,-1.7659140994776104e-13,7.247135036426276e-17,0.0024716836810866707,8.015122462688411e-26,2.1699301181243922e-13,-2.702173343870957e-13,1.3443067999016392e-25,6.910007613675658e-25,8.044796176732661e-26,0.004941369493241507,0.002761402318490481,0.004942769486728854,-5.853230805938045e-19,1.2775789692882982e-18,-1.5209999794995664e-18,-0.1931448102424332,0.0592042104114683,9.789566827274394e-09,-4.3128099120105315e-24,1.1478534862678666e-21,3.369696815369974e-21,7.516648707553405e-06,9.789566827329493e-09,0.05920421872698892,-6.68818770528153e-24,1.533312521074744e-21,4.361383410179489e-21,1.76325787551539e-05,-1.8494538385079907e-21,-1.6211748447063851e-21,0.0032949123840187527,1.9497264170806018e-15,-1.1939902804882503e-15,-9.28335447817307e-25,1.0095749992506278e-21,2.0632177823359484e-21,1.9497264170804405e-15,0.0008252241718051923,4.893222972601267e-19,9.163501029828796e-26,4.4294973725747036e-21,4.637813471967804e-21,-1.1939902804879713e-15,4.893222972651289e-19,0.0008252241718051931,4.51198747643335e-25,7.516648707553407e-06,1.7632578755153902e-05,-3.015083993186318e-27,8.652985104794949e-27,-1.2792447650609576e-26,0.03508726511562166
1774036452790740020,189,1774036452752155304,center_camera,base_link_12,-0.6212500714727137,0.2539998661491354,-1.089730720578767e-19,0.0,0.0,0.9891095207057851,0.14718137127086472,0.003962251141875691,7.977964895376686e-18,2.0113674261135659e-26,1.725317517718808e-17,-1.7253175149101233e-17,2.214169024773808e-13,7.977964895376686e-18,0.003962251141875673,2.496369890961076e-26,1.9843944754835917e-17,-1.98456387362092e-17,-2.12954743484647e-13,-2.4824250293317853e-26,-1.7775031309469295e-27,0.004754301562845467,2.6248941277567863e-13,-1.2522140491321186e-13,6.21832671488884e-30,1.7253175177197337e-17,1.984394578276182e-17,2.6248941298743686e-13,0.002378149872094525,-5.642187402024854e-15,5.628168390106671e-21,-1.725317517619261e-17,-1.9845638736214715e-17,-1.252214051249701e-13,-5.642187402024753e-15,0.002378149872094438,2.7644649469223732e-21,2.214169024773808e-13,-2.12954743484647e-13,2.5846297982884355e-30,5.6281682755732145e-21,2.7644649469249695e-21,0.0047543015887448305,0.0024418197212214255,0.005172899880047523,-8.548182806127761e-19,1.9908439985897616e-19,1.3430254710065258e-18,-0.20658543601748325,0.059503823195141685,6.834630124753477e-09,-3.2562611807529745e-24,-8.107133888886712e-22,8.36263536248333e-22,4.898370443786816e-06,6.83463012416845e-09,0.05950383168336738,-7.846716289110912e-24,-1.63699102207133e-21,1.6641066297884283e-21,1.6113389673944574e-05,-4.691323792753242e-22,1.7779786148165984e-21,0.003170200532604593,1.6433878164763284e-15,-7.839780658263666e-16,1.1293393031281626e-25,-8.107278283070997e-22,-1.6369356688094289e-21,1.6433878164759267e-15,0.0007940467245384014,3.3648959617402476e-19,-3.534525041479601e-25,1.7283541548616916e-21,1.8968292730977247e-21,-7.83978065826331e-16,3.364895961740446e-19,0.0007940467245384016,1.0507677569160636e-24,4.898370443786815e-06,1.6113389673944574e-05,-2.1043870411989745e-27,-3.793056930417046e-25,6.799130207825446e-25,0.03517428369547023
1774036452890746347,190,1774036452831680059,center_camera,base_link_12,-0.6212500666793687,0.2537499675378437,8.68462783696641e-19,0.0,0.0,0.9918705555858582,0.12725093697808668,0.003978237084506239,6.523312470498723e-18,3.8974524899175237e-25,-6.559193804358871e-17,-6.559156797363975e-17,2.3861481358711917e-13,6.523306266644129e-18,0.003978237084506222,7.202336357553748e-25,-7.906564064654968e-17,-7.906341818081208e-17,-2.169642927368461e-13,-3.8309497265388446e-25,-7.706463887732875e-25,0.004773484697844842,2.8883227486638306e-13,-1.1796660393063727e-13,-1.1103684225769401e-28,-6.559193855951353e-17,-7.906564171283061e-17,2.8883227486638306e-13,0.0023877414039089697,5.111816649185614e-17,-3.915973367316198e-21,-6.559156797370909e-17,-7.906341927580637e-17,-1.1796660387769771e-13,5.111816364498966e-17,0.002387741403909077,-3.915524739981671e-21,2.386148131636027e-13,-2.169642927368461e-13,1.2408229939537284e-31,-3.915973311803549e-21,-3.9155246213280044e-21,0.004773484726053367,0.0020278511322906925,0.005880852891248533,-7.899930804105566e-19,8.424268747160896e-19,7.034941463144778e-19,-0.17472202190670386,0.05955791765666165,4.361664521156999e-09,-2.5855163634274323e-24,3.9417577944327976e-21,2.1219031797761975e-21,2.428653499802343e-06,4.361664521291278e-09,0.0595579257817167,-8.040644963441182e-24,8.679230324156074e-21,5.7678770598488725e-21,1.4618913422346254e-05,1.7834308354050866e-21,5.354173556142919e-22,0.0031829892692180725,1.797853301192061e-15,-7.195472254147822e-16,6.979824559559741e-25,3.941747044543232e-21,8.67916194942488e-21,1.797853301191505e-15,0.0007972437750534155,3.221861049331971e-19,1.7225857613086547e-24,1.8416552120216157e-21,6.688768285639053e-21,-7.195472254145384e-16,3.2218610493696073e-19,0.0007972437750534161,1.7952996057502405e-24,2.428653499802344e-06,1.461891342234625e-05,-1.4209807585215176e-27,1.7225991063297616e-24,1.722789995780418e-24,0.03519204779327502
1774036452957539207,191,1774036452903271437,center_camera,base_link_12,-0.6212500568045448,0.2537499061347524,-1.0507621494374148e-18,0.0,0.0,0.9918711192972077,0.1272465429947092,0.0035815681641813606,5.355508601068556e-18,-3.5604900280521965e-27,-1.3215182571717359e-17,-4.5944893516132365e-28,2.6582834867936106e-13,5.355502293816385e-18,0.0035815681641813485,-4.898708679510565e-27,-2.1254016506097155e-17,-5.587417137138198e-29,-1.7774244841961995e-13,-3.557971862612848e-27,-4.445572030335247e-27,0.004297482007202754,2.883278195242063e-13,-8.4421671040605e-14,-1.0580301164916558e-25,-1.321518258895967e-17,-2.1254016515237797e-17,2.8832781973596455e-13,0.0021497400622325765,3.7929606138157745e-17,1.2709299497452163e-21,-4.594577598325141e-28,-5.580659418773866e-29,-8.4421671040605e-14,3.7929606138359694e-17,0.002149740062232694,3.4641988969225314e-26,2.6582834867936106e-13,-1.777424486313782e-13,-1.0576046768637467e-25,1.2709299505277354e-21,3.4577854841928477e-26,0.0042974820300915925,0.001747667629448253,0.006258845809869938,1.7016440889079872e-18,-2.125080443631731e-18,7.048416208795014e-19,-0.1683533338961536,0.06007097370114476,2.6917901901135666e-09,6.66566882928689e-24,-2.20299321763353e-21,-2.7275873312409068e-21,5.851062813873398e-07,2.6917901905746884e-09,0.060070981216937,1.627034514321969e-23,-4.9832903808721304e-21,-6.605239428184119e-21,1.341521000980072e-05,6.660791050920004e-24,1.6288646014717763e-23,0.0028656541450009475,1.4544401971904738e-15,-4.317863158713623e-16,5.679461414790601e-26,-1.9820274580452763e-21,-5.830216598625134e-21,1.4544401971903774e-15,0.0007179100094884961,1.9375674856172085e-19,3.6039922747106403e-25,-2.727587280755688e-21,-6.605239024299064e-21,-4.3178631587144196e-16,1.937567485617599e-19,0.0007179100094884965,5.5979838131197824e-27,5.851062813873403e-07,1.341521000980072e-05,5.092966669642429e-27,4.260431851089328e-25,5.599557849641926e-27,0.035341942136640284
1774036453024006384,192,1774036452987888098,center_camera,base_link_12,-0.6212500676679523,0.25374987096816765,2.2445556804171287e-19,0.0,0.0,0.9918710808981515,0.1272468423102619,0.004232832308670468,6.260310601532641e-18,-1.6401181339192643e-27,1.3365102894763475e-17,2.673057657811968e-17,3.593589265373507e-13,6.2603140136526676e-18,0.0042328323086704535,3.918048277913874e-25,2.4663731019414487e-17,4.932724960186935e-17,-2.1219523021666776e-13,-2.4617909059820104e-27,-4.243040673597587e-25,0.005078998966441515,3.996225987215683e-13,-8.861494629186563e-14,2.0114480444588966e-26,1.3365102894763718e-17,2.4663729811650122e-17,3.996225987215683e-13,0.0025404984377898013,5.2575852804790724e-17,9.864818111790865e-23,2.6730575974124473e-17,4.932724839382674e-17,-8.861494634480519e-14,5.2575855953973945e-17,0.002540498437790017,1.9765361426157663e-22,3.5935892696086717e-13,-2.121952297931513e-13,2.0237260107587082e-26,9.864830324275808e-23,1.9765377415969404e-22,0.005078999005260528,0.001400233688679236,0.006486314544112618,7.157415602284594e-19,-3.362368366526701e-18,1.073566552001857e-18,-0.1589891940169126,0.0591078878083068,7.686285043223624e-10,1.9565903495133294e-24,-1.4247505904116744e-21,-1.406845286683565e-21,-2.1721456019167358e-06,7.686285043037314e-10,0.05910789398125367,1.1601848298232015e-23,-4.52989976255244e-21,-5.6870298690979406e-21,1.1777675501112202e-05,1.9677087827878724e-24,1.1557430079620118e-23,0.003386665391488026,2.854656280082274e-15,-6.59845679922003e-16,-1.0665312265538873e-26,-1.424728350120318e-21,-4.529985025194543e-21,2.854656280081455e-15,0.0008481624297219374,3.750426020537548e-19,-5.99026340399857e-25,-1.4068656798748158e-21,-5.687126286206006e-21,-6.5984567992178755e-16,3.7504260204851973e-19,0.0008481624297219388,-1.1674957413585171e-24,-2.1721456019167354e-06,1.1777675501112205e-05,2.26131039401881e-27,-5.96902289592708e-25,-1.167482486109767e-24,0.035068567575754245
1774036453090660617,193,1774036453059750557,center_camera,base_link_12,-0.6212500464791739,0.25374989969261613,-7.682434160585481e-19,0.0,0.0,0.9918711418544996,0.12724636716327492,0.0035951222995288454,3.200780550152769e-18,2.4645491765056726e-26,-2.4475268065440645e-17,-1.2238480537374212e-17,2.8945644243378644e-13,3.20078654721221e-18,0.0035951222995288428,-2.4535278570281594e-26,-5.132118611122871e-17,-2.5660592078831925e-17,-1.4603571546207682e-13,8.260309626954819e-28,7.187789205687163e-28,0.004313746960452605,2.888619275840423e-13,-5.2841023966518797e-14,-1.9332181893599065e-31,-2.4475267546015077e-17,-5.13211850809633e-17,2.888619280075588e-13,0.0021578725953882525,2.9133923172972034e-15,-3.477319905427427e-21,-1.223848052114462e-17,-2.5660593085193818e-17,-5.2841023966518797e-14,2.913392315964546e-15,0.0021578725953882187,1.4827078126407504e-21,2.8945644243378644e-13,-1.4603571567383506e-13,-3.279133518132761e-31,-3.477319894588009e-21,1.4827081378132345e-21,0.004313746980797897,0.0011619755555045397,0.006819427921283137,-8.558111636521929e-19,2.1246571551540863e-18,1.7684142005095e-18,-0.15351227491011019,0.05990354440527911,-1.7825100099682224e-10,-1.98956156957578e-24,1.1385910634806573e-21,1.3398340079207458e-21,-3.6200891750351558e-06,-1.7825100138957188e-10,0.059903549587250554,-1.0062350335257342e-23,5.256529913753295e-21,5.708459775231216e-21,1.0781919763712955e-05,2.0349156141197755e-21,-1.288528933791289e-21,0.002876497478785761,1.5098714582645371e-15,-2.7235512578515345e-16,3.10080006564636e-25,1.346443924760383e-21,4.4598636904806336e-21,1.509871458264715e-15,0.0007206210542460496,1.3363653764845994e-19,2.867746147374179e-25,1.3398462762788143e-21,5.708415506372352e-21,-2.7235512578517435e-16,1.3363653764982297e-19,0.0007206210542460506,2.46831755013381e-25,-3.6200891750351566e-06,1.0781919763712957e-05,-1.0306872698098847e-27,3.6817255276253625e-25,2.7157605064839385e-25,0.035297673467107604
1774036453190808620,194,1774036453143198252,center_camera,base_link_12,-0.6212500630914083,0.25399979957435653,-8.90929821763043e-19,0.0,0.0,0.9891096078291236,0.14718078577082402,0.00417438399399444,3.956058591357201e-18,-6.144707269106924e-27,2.2986855426692498e-17,4.597323389471665e-17,3.9966989746485944e-13,3.9560551792371746e-18,0.004174383993994431,-1.441063763684037e-26,5.414574406378716e-17,1.0829170059125032e-16,-1.8211176665759406e-13,-4.8956423582978574e-27,-1.1498562985783786e-26,0.00500886099147185,4.2680555910078785e-13,-6.055728002842805e-14,-2.5377315674298132e-30,2.298685484050267e-17,5.414574409646768e-17,4.268055593125461e-13,0.0025054294541874246,-2.5924025526689338e-15,-4.240436749132439e-21,4.5973233878375854e-17,1.0829169941887194e-16,-6.055728000195827e-14,-2.592402555806505e-15,0.0025054294541822886,-8.481016280867831e-21,3.996698978883759e-13,-1.8211176665759406e-13,3.676931257330486e-30,-4.240437144133706e-21,-8.481016142785632e-21,0.00500886102896102,0.0009313146520655214,0.00664274378342511,-2.8110704655123745e-21,-2.967944479283296e-18,-1.526019097639722e-19,-0.17124407722628393,0.05908406760258943,-1.1979481639987142e-09,1.2850994467068872e-24,-1.7612941452741174e-21,-2.1335941217560834e-21,-5.819241247052452e-06,-1.1979481630392908e-09,0.059084071028647274,3.334669565897395e-24,-9.851214989204383e-21,-1.4132581872622693e-20,9.379725255414082e-06,1.2844663201821912e-24,3.4007809256322675e-24,0.0033399067438524594,2.9390555894947662e-15,-3.945599993397558e-16,2.208860359323851e-26,-2.016112327590663e-21,-1.1055639203908721e-20,2.93905558949541e-15,0.0008364727827603348,2.3776579507009994e-19,-1.383197050988875e-24,-1.3229081817657594e-21,-1.5059134058396216e-20,-3.9455999933982e-16,2.3776579507516686e-19,0.000836472782760337,-2.205773891920912e-24,-5.819241247052452e-06,9.37972525541408e-06,4.0521922986812745e-28,-1.1650865003849973e-24,-2.3135717406288078e-24,0.0350634619740981
1774036453257379663,195,1774036453221945763,center_camera,base_link_12,-0.6212500435686026,0.25374993995363665,1.06958035915803e-20,0.0,0.0,0.9918706260166531,0.12725038799678648,0.003939374886673644,2.09744910221894e-18,-2.4276805365466855e-27,5.020309009378737e-17,-1.2550904883707771e-17,3.2614799880251373e-13,2.097458201205678e-18,0.003939374886673642,-4.6901090342433383e-26,1.1403467373383094e-16,-2.850877291264803e-17,-1.5089609300440862e-13,-2.522235577817677e-27,4.050220531520567e-26,0.004726850055823872,3.3747562049262316e-13,-3.134943061111984e-14,5.182750395635578e-29,5.020309061762498e-17,1.1403467373380855e-16,3.3747561985734845e-13,0.002364424130753581,2.848149207291246e-15,1.0470906145426163e-20,-1.255090489699267e-17,-2.8508775007995955e-17,-3.134943063758962e-14,2.8481492153989693e-15,0.002364424130759837,-2.617713822418277e-21,3.2614799880251373e-13,-1.5089609321616685e-13,-4.4857802879711886e-29,1.0470906173251897e-20,-2.6177136558589857e-21,0.004726850080750247,0.0006390756837200571,0.007153118484282978,9.16721878467592e-19,-1.4553681908694447e-18,2.139086203620978e-18,-0.14284677185017552,0.05948751525202804,-1.7383767380627311e-09,-3.1620323438844342e-25,-2.749872450851862e-22,1.7083933945120866e-21,-7.245105558161628e-06,-1.7383767384136979e-09,0.05948751725237306,1.6627177120467492e-23,-3.541236236661363e-21,1.1617662735222305e-20,8.365686618217239e-06,-3.324350311245125e-23,1.2482788850185657e-22,0.003151899534823212,2.0634925358660816e-15,-2.191183239365916e-16,3.880483854379981e-27,-2.749600236829721e-22,-3.541227962211181e-21,2.0634925358664977e-15,0.000789471520923794,1.1999824766755213e-19,-5.760949310111617e-25,2.1409909854382394e-21,1.1749190820526823e-20,-2.1911832393660269e-16,1.1999824765754553e-19,0.0007894715209237952,2.3148901829846726e-25,-7.245105558161629e-06,8.365686618217237e-06,5.602423013258864e-28,-6.306744536306876e-25,1.5324011447931645e-25,0.035178883551485435
1774036453357408202,196,1774036453303105116,center_camera,base_link_12,-0.6212500440370265,0.2537498654531795,5.903560225095337e-19,-2.2023963346498206e-16,2.8254387757012006e-17,0.9918711312051078,0.12724645017406078,0.004059966972370122,1.9768585766178967e-18,1.844826578808225e-25,-8.480203034953198e-27,-5.2059595725164986e-17,3.8918384430070333e-13,1.9768586800154733e-18,0.004059966972370118,-6.796225418428337e-25,-3.809096588437546e-26,-3.750138559598418e-15,-1.397685684485279e-13,-1.895878557893219e-25,7.237788154528708e-25,0.004871560560881564,3.9053602609835994e-13,-2.7707039754248515e-14,-7.583501284090407e-25,8.908648124739098e-27,3.060951493725808e-26,3.9053602609835994e-13,0.0024367793297687744,2.767490379414764e-15,5.6319291197946725e-25,-5.205959517225686e-17,-3.750138559598393e-15,-2.7707039767483405e-14,2.767490379414966e-15,0.002436779329774388,1.2181101538397864e-20,3.8918384387718686e-13,-1.397685684485279e-13,-7.586096615330331e-25,5.631954468476263e-25,1.2181101647759781e-20,0.004871560590543438,0.0004153325798942721,0.007299761875252839,1.0032469069593977e-18,1.4397957165820037e-18,2.3281123957325637e-18,-0.1361647019309248,0.05941092155537647,-2.107965393124979e-09,-1.422198420742989e-24,1.1451356427504319e-21,-7.167031019742301e-20,-8.783661441043144e-06,-2.1079653930963364e-09,0.05941092187804797,1.793343712692445e-23,9.731118553640958e-21,2.881094890489477e-19,7.29289648196077e-06,2.965661371968741e-23,-1.012625902740737e-22,0.0032483731746714107,2.5669765466631523e-15,-1.5623037775196482e-16,-1.2597543194062923e-25,1.145135605721796e-21,9.731122870281361e-21,2.5669765466633996e-15,0.0008135897306360559,9.434645089010294e-20,2.2853091432822797e-27,-7.167027756183811e-20,2.881094975699303e-19,-1.5623037775194702e-16,9.434645089009646e-20,0.0008135897306360575,1.5162897617620442e-23,-8.783661441043142e-06,7.2928964819607695e-06,2.4248833300400065e-27,2.284740450324609e-27,1.52223634946133e-23,0.03515763692048573
1774036453424148406,197,1774036453376204967,center_camera,base_link_12,-0.6212500363580102,0.25374987767668655,-1.0084805801816226e-19,2.2023963872335767e-16,-2.825434676856165e-17,0.9918711548867263,0.12724626557849103,0.0036569918967248437,1.2162664686644823e-18,-1.3937313492303013e-25,-2.681670113261593e-17,2.6816701111792478e-17,3.5831444470437726e-13,1.2162604716050413e-18,0.0036569918967248394,2.079077534300727e-26,-8.707935034153188e-17,3.738622339273639e-15,-1.155078327738201e-13,2.151325689639414e-25,-4.5345752715964577e-26,0.0043879904808468975,3.4142724306738365e-13,-1.1595621227172246e-14,-1.1787207063044541e-28,-2.6816701132706453e-17,-8.70793504344317e-17,3.4142724306738365e-13,0.0021949943179192955,6.257754438658568e-17,-1.9242836707204843e-22,2.6816701141362834e-17,3.738622339299001e-15,-1.1595621227172246e-14,6.25775443864847e-17,0.0021949943179081777,-9.634690263007317e-23,3.583144455514102e-13,-1.155078327738201e-13,-8.14268970817337e-30,-1.924284875868037e-22,-9.634689946957116e-23,0.004387990503719979,0.0002323910729732316,0.007477973989135978,-1.157198525417888e-18,-9.244977202454146e-19,1.6739036053556222e-18,-0.13110637507595616,0.05994906271424487,-2.24164493256958e-09,5.588954244405546e-23,-3.892206575763577e-22,6.724290992489063e-21,-9.793204236578198e-06,-2.2416449325708467e-09,0.05994906171697111,-1.7959007065021652e-23,8.2293069478209e-21,-4.742565571747929e-20,6.478046025720597e-06,1.3702575346206486e-21,-1.5942580684701367e-21,0.002925993137885725,1.8420388589992724e-15,-6.184455757795053e-17,4.975604449976202e-26,-6.096089710774759e-22,9.07412038938274e-21,1.84203885899852e-15,0.0007329948282013425,3.346917672778449e-20,7.269619557116975e-25,6.522272556345638e-21,-4.838066689217756e-20,-6.184455757793394e-17,3.346917672777975e-20,0.0007329948282013434,1.1539507886770734e-23,-9.793204236578197e-06,6.478046025720598e-06,-1.1257146929779996e-26,6.811230034079488e-25,1.1693765950051356e-23,0.035313541392048106
1774036453524764973,198,1774036453458884716,center_camera,base_link_12,-0.621250041382244,0.25374984593422995,-1.2971608500059358e-18,0.0,0.0,0.9918711310908565,0.12724645106463675,0.00413598669172236,1.150786903073573e-18,-4.7916615956007974e-26,-2.5708354784963854e-17,-1.3345791267001322e-26,4.467764714266543e-13,1.1507835943511227e-18,0.004135986691722358,7.73761035402104e-25,-9.185595735879671e-17,2.4320031430150748e-21,-1.3211525773426972e-13,-3.246792548521024e-26,-8.313373754270576e-25,0.0049627842286342275,4.4215563797817957e-13,-3.0930573814628048e-15,-1.3537609520831575e-28,-2.5708354784973928e-17,-9.18559573582921e-17,4.4215563840169605e-13,0.0024823910903038504,-2.6818097831159187e-15,-2.921733887807109e-21,2.572229329236341e-27,2.433189392601301e-21,-3.0930573814628048e-15,-2.681809783115969e-15,0.0024823910903043396,4.373793836535112e-25,4.4677647185017077e-13,-1.3211525773426972e-13,1.685568526485722e-29,-2.9217338878081583e-21,4.371656108990948e-25,0.004962784264285886,4.0330210823081406e-05,0.007486129803546039,-4.3124122794489677e-19,2.970945758809556e-18,1.9742004108657605e-18,-0.12426796806337674,0.05928518832640115,-2.2598608889646955e-09,-7.670852019873085e-23,5.770017848901256e-22,1.0209590018489842e-19,-1.1196842715584715e-05,-2.2598608891926433e-09,0.05928518553104972,-4.261749021816521e-24,-1.4923825939069777e-21,-3.8330692275919904e-19,5.4410611656515885e-06,-1.087168394820976e-21,-2.6794454396223074e-22,0.003309188911915619,3.041577873612417e-15,-2.1096088956463242e-17,-2.021436574932108e-25,5.7700177006910835e-22,-1.4923817349783322e-21,3.0415778736130326e-15,0.0008287933906831193,1.2097094030407783e-20,6.24506872421412e-25,1.0157487479285922e-19,-3.834427597532901e-19,-2.1096088956470033e-17,1.2097094030414094e-20,0.000828793390683121,-2.6963314585154414e-23,-1.1196842715584717e-05,5.441061165651594e-06,1.4769056351089108e-26,6.245063737416689e-25,-2.685141458299471e-23,0.03512527969865615
1774036453590726076,199,1774036453536476374,center_camera,base_link_12,-0.6212500320768708,0.2537498688242883,4.374448733505183e-19,0.0,0.0,0.9918711614933294,0.1272462140807089,0.0038815822160328146,6.11176302558853e-19,-1.3272323526094816e-26,-1.658757487375431e-17,3.317541418431423e-17,3.8522642717355067e-13,6.111733557279208e-19,0.003881582216032813,7.253591317196521e-25,-6.5158100386855e-17,1.303157768982058e-16,-1.0244600885063378e-13,-2.920378920929775e-28,-8.009816003335807e-25,0.004657498853976952,3.726431399137507e-13,9.753896486187107e-15,-1.233295689802467e-28,-1.658757488697456e-17,-6.515810045253683e-17,3.726431399137507e-13,0.0023297485214090006,-5.739570860314132e-15,1.8093817390918565e-21,3.317541444881232e-17,1.3031577789008096e-16,9.753896482878385e-15,-5.739570860314081e-15,0.0023297485214145656,-8.930790918748658e-21,3.8522642759706714e-13,-1.024460089565129e-13,-1.8046680722297898e-31,1.8093817394824848e-21,-8.930790949400966e-21,0.004657498878690403,-0.00012442394438162753,0.007597880488884143,-3.565900849896964e-19,-1.1160017969845988e-18,3.5141548625847984e-19,-0.11918681022773439,0.05968564952952869,-2.1564632639026285e-09,2.822232248847411e-26,-1.7087422450679942e-22,3.5629547453670807e-22,-1.2126354429151274e-05,-2.156463263680667e-09,0.059685645339704024,-5.933905429033505e-24,-3.8852599763685294e-21,-9.899098835064948e-21,4.674993010963574e-06,-8.460289740938816e-22,-3.4351505940625884e-22,0.003105665395707317,2.2147260283416853e-15,3.4358274590287205e-17,-1.5942200811563414e-25,2.660274052788493e-22,-3.771288149954478e-21,2.2147260283414057e-15,0.000777912955232135,-2.224635067451542e-20,6.058272957109862e-25,3.5629577097417196e-22,-9.8990440885283e-21,3.435827459027922e-17,-2.224635067453423e-20,0.0007779129552321364,-1.238518956044758e-24,-1.2126354429151274e-05,4.674993010963573e-06,-5.703821166112979e-28,4.745417824508443e-25,-1.251447469389871e-24,0.03524083154581453
1774036453657444236,200,1774036453607584476,center_camera,base_link_12,-0.6212500294464256,0.25374986903170677,2.0500936840520222e-19,0.0,0.0,0.9918711685501612,0.12724615907341832,0.003557404424477756,2.9964617689733428e-19,1.378958073266907e-27,-2.6566523603656524e-17,6.641382917852118e-18,3.8684586480672496e-13,2.9964617689733428e-19,0.003557404424477756,-3.890942847126792e-26,-1.1368092677895255e-16,2.8419648882761947e-17,-9.418425478272593e-14,1.0282795760654191e-27,5.611548227432124e-26,0.004268485523970451,3.6705208888122777e-13,1.2397193658067057e-14,2.8727389882804246e-29,-2.656652389276707e-17,-1.136809267789777e-16,3.6705208866946953e-13,0.0021352417970878757,5.499145060164513e-15,-5.849171892707481e-21,6.641382911401929e-18,2.841965003920406e-17,1.2397193644832167e-14,5.499145060164362e-15,0.0021352417970939308,-7.289299806972861e-22,3.868458643832085e-13,-9.418425478272593e-14,-2.1515367637352593e-29,-5.8491719472905776e-21,-7.289301653191739e-22,0.004268485547710465,-0.0002641993049223874,0.007684921374819191,1.305243939286136e-18,-1.0612653823394625e-18,-1.953255194705488e-18,-0.1147931700052329,0.0601069805473451,-1.97443584140836e-09,-4.812274646831952e-25,-1.7003260098816717e-22,-1.3094547783912726e-23,-1.2767681134912197e-05,-1.9744358413695718e-09,0.06010697523605435,1.3405684961924583e-23,2.1298977799516857e-21,7.249309808207539e-21,4.027690120506367e-06,2.6519767584880887e-23,2.040748345064354e-23,0.00284632314312537,1.8322553297563204e-15,6.254272237828189e-17,4.7536503563248464e-27,4.5678314369288414e-23,2.1861706239859114e-21,1.832255329756205e-15,0.0007130771716267569,-3.6196906373529006e-20,4.891185207880488e-25,4.277209827044459e-22,6.442742389652491e-21,6.254272237827194e-17,-3.619690637352713e-20,0.0007130771716267576,-2.0072242183145896e-25,-1.2767681134912199e-05,4.027690120506365e-06,1.0686325280006912e-27,4.596428376302397e-25,-1.8765225904908623e-25,0.03536388880671188
1774036453757372063,201,1774036453695441961,center_camera,base_link_12,-0.6212500350449893,0.2537498277449458,-3.591294140746785e-20,0.0,0.0,0.9918711387767294,0.12724639115414624,0.004394873498059429,1.515025752848795e-19,-5.3323123696432405e-27,2.1147142791121298e-17,2.1147566100977553e-17,5.006474365291784e-13,1.51499214863641e-19,0.004394873498059423,-7.57672333349623e-26,9.893698261917622e-17,9.893867506014484e-17,-1.128455941386771e-13,-5.876714334012559e-27,2.4359620392195958e-26,0.005273448386446074,4.953566108190956e-13,3.109440500491823e-14,-1.0051425218238467e-26,2.1147142791121693e-17,9.893698140691563e-17,4.953566108190956e-13,0.002637723140552419,-7.303790088886843e-17,6.53124390286609e-21,2.114756610097757e-17,9.893867506014298e-17,3.10944050446229e-14,-7.303790247431477e-17,0.002637723140563357,1.1309930772522362e-20,5.006474365291784e-13,-1.128455941386771e-13,-1.0153338560312139e-26,6.5312439712509335e-21,1.1309930772523133e-20,0.00527344842868938,-0.00040879730302126793,0.0075312306291777115,-6.675903932242504e-19,-2.7685498704824263e-18,-1.725991307569108e-18,-0.10789169983926718,0.05882093386837739,-1.6436267850124028e-09,2.0892451146583065e-24,7.7846373470066e-22,4.582479627659988e-22,-1.4018956224819412e-05,-1.6436267849894856e-09,0.058820926783119336,-8.731549623717181e-24,-2.167898389992688e-20,-8.967914254671687e-21,3.075994441465438e-06,5.570696788274157e-25,1.4125197448726532e-22,0.003516298333787891,3.843548068446677e-15,2.1062304803990895e-16,1.1511499985517013e-26,7.784878474852595e-22,-2.1679076434259052e-20,3.843548068447351e-15,0.0008805706381128608,-1.5112054085169877e-19,-2.378316959736534e-25,4.582479630092778e-22,-8.967914254855342e-21,2.106230480398833e-16,-1.5112054084887324e-19,0.0008805706381128636,-3.920929364657601e-26,-1.4018956224819418e-05,3.075994441465437e-06,4.502471736788397e-28,-3.084802984812774e-25,-3.921244915140103e-26,0.03499503747648817
1774036453824296521,202,1774036453767834187,center_camera,base_link_12,-0.6212500221976441,0.25374988159461154,-2.231263792373252e-18,0.0,0.0,0.9918711889843224,0.12724599979106074,0.0036216106267883148,1.051300029645442e-20,-1.669648786937952e-25,4.893999913956538e-27,1.652129303538493e-25,3.518588508595144e-13,1.0510208561887054e-20,0.003621610626788313,-6.848078738685333e-25,-4.593152876226295e-27,5.993575286800627e-25,-7.122208509654208e-14,1.7970185593878717e-25,7.622287859034405e-25,0.004345532947187021,3.231057776932215e-13,2.262693156865469e-14,1.0011157038966179e-25,-1.0021748317250699e-27,-4.981343896605235e-27,3.231057776932215e-13,0.0021737656212673247,-1.3029498732677826e-17,-3.0872681403329934e-25,-9.091199614904419e-26,-3.3935822211420724e-25,2.262693156865469e-14,-1.302949744904336e-17,0.002173765621267505,-3.2662316782243456e-25,3.518588508595144e-13,-7.12220852024212e-14,1.0012856934267165e-25,-3.087268144501739e-25,-3.266932514201926e-25,0.004345532966315956,-0.0005324218464053558,0.0076474358211599605,-7.148769603175713e-19,-1.4351351152132508e-18,-1.5476504206430178e-18,-0.10426346426394355,0.05976691681257059,-1.3714208997266665e-09,2.657112917554281e-25,-3.4835601253075443e-22,-3.5451491470111895e-22,-1.4472623532195826e-05,-1.371420899474744e-09,0.05976690876883886,-7.752906029917127e-24,7.431065719558528e-21,7.578008279296563e-21,2.5715803197619044e-06,-4.0966694676732285e-22,-1.146107912069375e-22,0.0028976881547969663,1.6900833720207278e-15,1.1835557461073488e-16,-1.5813873789286426e-26,-1.556115048983324e-22,7.481347339472732e-21,1.690083372021097e-15,0.0007259188449855667,-6.807754710363897e-20,1.679290573479318e-26,-1.6177053630705505e-22,7.628248317011699e-21,1.1835557461077768e-16,-6.807754710491656e-20,0.0007259188449855676,4.4380692384779014e-26,-1.4472623532195828e-05,2.5715803197619014e-06,-1.804393166574131e-28,-3.582828860207886e-27,-1.8465691457543592e-27,0.035265955668461246
1774036453890721871,203,1774036453850250483,center_camera,base_link_12,-0.6212500274935183,0.25374983901247156,4.46377463186584e-19,0.0,0.0,0.9918711608279607,0.1272462192671899,0.004122814058058398,-1.6598733499129556e-19,6.555062500662144e-28,-1.9348049249266232e-25,-1.6922890670821706e-17,4.732684415975034e-13,-1.6598397457005706e-19,0.004122814058058396,7.339798133426219e-25,-8.025280905147374e-25,-9.428138457627251e-17,-8.901036885315428e-14,5.910241279082418e-28,-7.834780759105481e-25,0.004946977070164029,4.549199338494672e-13,4.308219213036795e-14,-4.91166542317545e-29,1.0598478530826524e-25,4.278603206639247e-25,4.549199340612254e-13,0.0024744875010171146,2.644457704872236e-15,-1.712765940750065e-29,-1.692289066281037e-17,-9.428138457623083e-17,4.308219215683773e-14,2.644457706429662e-15,0.0024744875010172035,-3.835324857232446e-21,4.732684415975034e-13,-8.901036885315428e-14,-4.733793664648324e-29,3.828391254630242e-30,-3.835324719035971e-21,0.004946977106229862,-0.0006427425574123834,0.007530566449919388,1.8603708974943115e-19,-2.3424843459958804e-18,1.479805809405277e-18,-0.09881510433056848,0.05909263878111945,-9.7199503471878e-10,-4.629681695234563e-25,3.5453072743436554e-24,-7.209088345101419e-22,-1.5172715335305953e-05,-9.719950345505976e-10,0.05909262954450219,2.245027902659747e-24,-2.0085831442193115e-23,9.271199719500467e-21,1.8689083615403754e-06,-3.458463290068061e-23,1.3304384387922124e-22,0.0032986508006977847,3.0829348610971987e-15,2.6635019959599085e-16,-2.87459516329811e-27,2.7626676605340922e-22,-1.0654307534556526e-21,3.0829348610978787e-15,0.0008261588256033667,-1.7662296464603467e-19,-3.210741769630183e-26,-9.822661423713687e-22,9.203019959566671e-21,2.6635019959598424e-16,-1.7662296464847923e-19,0.0008261588256033685,1.3483989833937134e-25,-1.5172715335305953e-05,1.8689083615403737e-06,3.016967244093871e-28,1.0633776302070253e-27,1.6592945231814271e-25,0.03507153901289713
1774036453990795896,204,1774036453931150913,center_camera,base_link_12,-0.6212500217285625,0.253749860743134,1.2089071895083367e-18,0.0,0.0,0.9918711818011415,0.12724605578330028,0.004047020870730228,-1.4860966618884013e-19,-8.483641089684585e-26,5.686582925705138e-18,-1.1373417394240295e-17,4.1211591371819443e-13,-1.4861271641734892e-19,0.004047020870730226,-6.826679364003036e-25,3.465204722009762e-17,-6.930832586080967e-17,-7.038030555350577e-14,9.42280191187509e-26,7.514261331835655e-25,0.004856025234492806,3.856084180686969e-13,3.484939160736094e-14,5.525340469049857e-25,5.686582932560826e-18,3.465204516845232e-17,3.8560841764518044e-13,0.0024290117087414583,-2.490893424237487e-17,8.853025869993729e-22,-1.1373417122663527e-17,-6.930832468071638e-17,3.4849391633830717e-14,-2.490893287392208e-17,0.002429011708741703,-1.7713426563061573e-21,4.1211591371819443e-13,-7.038030565938489e-14,5.525119841614856e-25,8.85302602252986e-22,-1.7713426403576416e-21,0.004856025261390847,-0.0007490094224553687,0.007512718440431923,-5.918941380102247e-20,-6.683969372816567e-19,-2.7653801120572295e-19,-0.09443147778524091,0.059315232693515886,-5.87385325818343e-10,-1.3820292677192567e-25,2.2938138639832644e-22,2.116796537701181e-22,-1.5683373317404847e-05,-5.873853256251486e-10,0.059315222464154924,-2.382732981431925e-25,-2.4717445772887543e-21,-2.9284503780208246e-21,1.312696822404844e-06,-1.52013327248245e-25,-1.7843516004740662e-25,0.0032380163141152584,2.5186792504358487e-15,2.5395359746174297e-16,2.5118393701446688e-26,2.8695908109598234e-24,-2.5309576886873197e-21,2.5186792504359382e-15,0.0008110006734772938,-1.624971972981305e-19,-1.6129362911780002e-25,4.5792285279748365e-22,-4.7998166187830055e-21,2.53953597461662e-16,-1.6249719729992218e-19,0.0008110006734772946,1.818433560604928e-25,-1.5683373317404847e-05,1.312696822404846e-06,1.2653229454028485e-29,-1.3379647346848377e-25,2.6756677949382147e-25,0.03513366510865979
1774036454057618087,205,1774036454011497736,center_camera,base_link_12,-0.6212500256568433,0.2539998038963914,9.650636004953348e-19,0.0,0.0,0.9891096378562252,0.14718058397739547,0.004019340461771875,-2.1052113650871375e-19,9.348078994576506e-26,1.8148817611481095e-25,-2.0288227870034385e-17,4.170451787560605e-13,-2.1052108480992546e-19,0.004019340461771871,-6.454659651231341e-25,7.4316232730764905e-25,-1.3508088308256227e-16,-6.518899001522023e-14,-1.0014459433905838e-25,7.224024269402894e-25,0.004822808746700317,3.8858992851501114e-13,4.0361126368823854e-14,1.327726410043742e-28,-9.500198263498914e-26,-4.028670624047331e-25,3.8858992851501114e-13,0.002412403447841958,-2.8727655413884665e-15,6.036061087510656e-29,-2.0288227871460374e-17,-1.3508088314999854e-16,4.0361126421763414e-14,-2.8727655399945683e-15,0.0024124034478475395,3.0632834116465078e-21,4.170451787560605e-13,-6.518899001522023e-14,-5.267917623003045e-31,-8.514997970507413e-29,3.063283410141297e-21,0.004822808774271972,-0.0007892706822483553,0.007191324865619662,5.737378856758898e-19,1.6975434582843595e-18,-1.0958247048726602e-18,-0.11257825956785371,0.059450982213644754,-1.9404193645589596e-10,1.0134132897117264e-24,-2.7841995572883784e-22,-6.164757463014986e-22,-1.609666104615177e-05,-1.940419367723337e-10,0.05945097113740914,3.849206173376176e-24,2.9757322461052906e-21,4.235208197407215e-21,7.997350853566001e-07,2.2464605801584442e-24,-1.1860518354241638e-22,0.003215871979452732,2.503439489243205e-15,2.85759174344916e-16,1.6523108421127565e-26,-4.861083899838194e-23,3.0356138137159766e-21,2.503439489243653e-15,0.0008054645263827572,-1.8067131822451478e-19,5.202289899063893e-26,-8.462826789136871e-22,4.175254120982282e-21,2.857591743449149e-16,-1.8067131822636993e-19,0.0008054645263827592,4.427089313309298e-25,-1.6096661046151774e-05,7.997350853566024e-07,1.8831917138465238e-28,1.1376720474495924e-27,4.4190302616167315e-25,0.035172299428295445
1774036454124054348,206,1774036454085611820,center_camera,base_link_12,-0.6212500167981012,0.2537499306027891,4.401595095221496e-19,0.0,0.0,0.9918706638032428,0.1272500934636764,0.0037077035236100977,-3.91324361945388e-19,-7.502555990299561e-27,1.0704971430482947e-17,2.1409096384347072e-17,3.751060512617349e-13,-3.913337711248558e-19,0.003707703523610095,-7.053549105835344e-25,5.878759786208298e-17,1.175701172569014e-16,-7.029993578521761e-14,-8.729004760126547e-28,7.7342720458947655e-25,0.004448844432755184,3.48244457300286e-13,4.677194761381186e-14,4.1839953680714476e-26,1.07049714304793e-17,5.878759895228613e-17,3.482444577238025e-13,0.0022254212845169157,-2.8609353838826522e-15,-3.6361640150225698e-22,2.1409096118191738e-17,1.1757011725685313e-16,4.677194764028164e-14,-2.8609353810756706e-15,0.002225421284522684,-7.279679858464888e-22,3.751060512617349e-13,-7.029993578521761e-14,4.1760538825675874e-26,-3.6361631311926634e-22,-7.279680389856131e-22,0.00444884445671948,-0.0009369655881581315,0.007444278803547133,-9.408125061799031e-19,-2.2127217659378383e-18,1.6354042826009756e-18,-0.08731875633699762,0.059889628182175754,1.5230861320654163e-10,5.168897001731333e-25,4.393014940913602e-22,1.8963581736472048e-21,-1.624342164151681e-05,1.5230861292427486e-10,0.05988961657834403,-9.088790277870066e-24,-3.77778859107467e-21,-1.7424481577177616e-20,4.07752274047942e-07,-4.268584829949471e-22,-1.391328446906145e-22,0.0029665624338537353,1.887105953723015e-15,2.3457492163131444e-16,-2.7211718376574677e-26,4.392855403594714e-22,-3.777735770944442e-21,1.8871059537231726e-15,0.0007431371172308366,-1.307412320801393e-19,-2.131479925035799e-25,1.6828557247892863e-21,-1.748945437468766e-20,2.345749216312598e-16,-1.3074123208332193e-19,0.0007431371172308376,-4.385282523321343e-25,-1.6243421641516813e-05,4.0775227404794225e-07,-4.674572336879228e-28,-2.097980812700558e-25,-4.155977813035319e-25,0.03529930563936524
1774036454224046597,207,1774036454165122986,center_camera,base_link_12,-0.6212500177162253,0.25374984988865407,1.6382515863902066e-19,0.0,0.0,0.9918711854004528,0.12724602772700008,0.003977557549148885,-2.914742528307698e-19,6.183877154307284e-27,-1.1424581386731918e-17,7.616193569665335e-18,4.454020414616051e-13,-2.914742786801639e-19,0.003977557549148878,7.601960800135796e-25,-9.135770649862367e-17,6.090245674935943e-17,-5.815512222446476e-14,2.3568273162574257e-27,-7.589188053147441e-25,0.004772669263004699,4.186065154347673e-13,6.133528587853044e-14,-6.177706012501097e-29,-1.1424581377558219e-17,-9.135770652836635e-17,4.186065152230091e-13,0.002387333621378833,-2.756463468331843e-15,1.5392774631454677e-21,7.61619356966564e-18,6.090245671922265e-17,6.133528585206066e-14,-2.7564634668105154e-15,0.002387333621384699,-1.5977358647112217e-21,4.454020414616051e-13,-5.815512227740432e-14,-4.532956886894552e-31,1.539277533587769e-21,-1.5977359332088734e-21,0.004772669295217175,-0.0010014301480195341,0.007310819583532381,1.2928993748496985e-18,1.031818400233155e-18,1.7861773551565004e-18,-0.08314159304126996,0.05954571169138585,5.353300304638165e-10,-2.18552594997603e-24,-1.5992633526795503e-21,-4.385490282459217e-22,-1.649721757106868e-05,5.353300309111751e-10,0.05954569954299066,1.458426481118215e-23,1.2371067962948927e-20,3.771189493057294e-21,-5.1395923431202746e-08,-2.728652622478172e-22,2.0713841082456684e-21,0.003182445609683547,2.6164156744660074e-15,3.627950016070766e-16,8.033484352202441e-26,-1.8588363532623257e-21,1.3365988304670983e-20,2.616415674466212e-15,0.0007971076179933382,-2.239261241266272e-19,2.5157073971873585e-25,-6.981225775198129e-22,4.766111268636854e-21,3.6279500160713465e-16,-2.2392612412878727e-19,0.0007971076179933396,-1.7445300020532917e-25,-1.6497217571068676e-05,-5.139592343120502e-08,1.419590668641993e-28,2.2482714910065316e-25,-1.7534575506383666e-25,0.03520295488842674
1774036454290761016,208,1774036454245130062,center_camera,base_link_12,-0.6212500149879125,0.25374986063051197,1.0812068573960903e-18,0.0,0.0,0.9918711953799929,0.12724594993737068,0.004002353127001942,-2.1073199001673234e-19,-4.641318271631012e-27,-1.1084286029001508e-17,-1.1084285947763073e-17,4.1441554591306823e-13,-2.1073509194402942e-19,0.004002353127001936,1.0916218974030626e-25,-9.706624002195532e-17,-9.706793255955729e-17,-4.931724456261959e-14,7.070618466360362e-27,-4.0344613951899856e-26,0.0048024239474032775,3.8585984434073807e-13,5.697687824548013e-14,-3.803137215619284e-25,-1.1084285891927974e-17,-9.706624002189389e-17,3.858598445524963e-13,0.0024022110320266734,-2.870913698771246e-15,-3.762976543640688e-21,-1.1084285939196265e-17,-9.706793371282605e-17,5.697687827194991e-14,-2.870913698771246e-15,0.0024022110320380563,-5.526124204616261e-21,4.144155463365847e-13,-4.931724456261959e-14,-3.8030655331616403e-25,-3.762976516126042e-21,-5.526124173218973e-21,0.0048024239757494475,-0.001064025272201378,0.007213463030517689,2.7686913006482135e-19,-2.1399064534667496e-18,3.0619980643132955e-19,-0.07939157526162398,0.05958522929698913,8.994867734474014e-10,-1.2216354364028283e-24,-4.105112557666702e-23,-1.7761287041608723e-21,-1.6699965488827522e-05,8.99486773426791e-10,0.05958521667378312,6.5672980733874955e-24,3.5536307964078794e-23,1.2455106243505343e-20,-4.5221905829602645e-07,-9.618624563059595e-22,3.74879139942136e-21,0.003202282104244057,2.4395065234507505e-15,3.6396467512355706e-16,1.2523572524101173e-25,-4.104328686462925e-23,3.5537953589183695e-23,2.4395065234515724e-15,0.000802066997300432,-2.2188571964023424e-19,8.434723910457171e-26,-2.2632761449875047e-21,1.4322495042822632e-20,3.6396467512375576e-16,-2.218857196402918e-19,0.0008020669973004331,6.975033396715207e-27,-1.6699965488827522e-05,-4.5221905829602645e-07,1.4994270602282844e-28,5.524409332608522e-26,-1.2888501167137413e-26,0.035215288040664885
1774036454357363502,209,1774036454321127176,center_camera,base_link_12,-0.6212500128761071,0.2537498690170132,1.7049074762920551e-18,0.0,0.0,0.9918712033713436,0.12724588764546635,0.003801855020711593,-1.919510093050807e-19,-9.229711589662579e-27,5.554148565209432e-29,9.54485835428161e-18,3.9099817786229373e-13,-1.9195103515447485e-19,0.003801855020711592,-7.08306444054422e-25,2.7358341326722323e-26,9.151549655721298e-17,-4.2436444572218474e-14,5.702200058255809e-27,7.743785923348522e-25,0.004561826226380963,3.5474409262324137e-13,6.02090309289637e-14,5.47883116139409e-29,5.050921516598401e-29,2.1233807583332043e-28,3.547440928349996e-13,0.002281912177338083,2.775543031865528e-15,-2.2754380387317046e-32,9.544858354280811e-18,9.151549655714947e-17,6.020903095543348e-14,2.7755430318654773e-15,0.0022819121773380684,-2.7896876974940464e-21,3.9099817743877725e-13,-4.2436444572218474e-14,-1.0746504262112221e-29,-4.251531679585627e-31,-2.789687697901185e-21,0.00456182625176761,-0.001120970316667886,0.007143260731462064,-2.433837338633812e-19,-2.8293958492740006e-18,-3.7259275457438174e-20,-0.07616456921275393,0.059887825582036314,1.2187847460985907e-09,-1.0316993779875986e-24,1.1225143068908351e-21,2.07863311328591e-21,-1.6769045024661227e-05,1.2187847459241363e-09,0.0598878126543083,4.134551043656529e-24,-7.259537005582139e-21,-1.3522983869232353e-20,-7.759285010582536e-07,-2.2333508899263543e-22,-5.379787742104107e-23,0.0030418836272171276,2.0445975129019867e-15,3.2412105222623666e-16,-3.9381875727827295e-26,8.907759252516238e-22,-6.37121144093048e-21,2.0445975129015395e-15,0.0007619674005027842,-1.8466615720216657e-19,2.902496915503224e-26,2.0786331190881508e-21,-1.3522983873257397e-20,3.2412105222618405e-16,-1.8466615720216082e-19,0.0007619674005027858,-3.4959778283351217e-25,-1.6769045024661223e-05,-7.759285010582534e-07,1.0252520353239605e-28,-1.5090345509168723e-27,-3.4357559638942165e-25,0.03530383516132764
1774036454457348439,210,1774036454400468588,center_camera,base_link_12,-0.6212500125883672,0.2537498587660552,9.503160994863535e-19,0.0,0.0,0.9918711996935102,0.1272459163138712,0.003969069863873444,-1.5670029391082715e-19,4.2493011998025636e-26,8.587352412105599e-18,-2.8624265473761822e-18,4.206338921821523e-13,-1.5670678210875686e-19,0.003969069863873439,2.5497809630458742e-26,9.015149977946618e-17,-3.005099430167211e-17,-4.18157775272883e-14,-5.062774768993748e-26,-1.3863195883952593e-27,0.004762484037996576,3.902116525018683e-13,6.485672191284151e-14,5.124078433419436e-29,8.587352412933396e-18,9.015150214313169e-17,3.9021165292538477e-13,0.002382241033850425,2.6980528172947853e-15,-2.393983381425513e-21,-2.8624265510459066e-18,-3.005099430166945e-17,6.485672196578107e-14,2.6980528180367942e-15,0.00238224103385068,1.3081270127480889e-21,4.206338921821523e-13,-4.181577747434874e-14,-2.2594446336786977e-29,-2.393983295098116e-21,1.3081270043897867e-21,0.004762484068549624,-0.0011627139834881526,0.006998279331354264,8.185285746084986e-19,1.7160948761134844e-18,-1.8585866060672128e-18,-0.07262523691692102,0.05969093309552502,1.5301814980647914e-09,-2.5045531798340577e-24,1.192549811329267e-21,-1.5013623356256087e-21,-1.6834956952703042e-05,1.5301814983964999e-09,0.05969091995578042,1.3212536028520747e-23,-7.385509564737347e-21,9.445777785881032e-21,-1.1119756262968152e-06,-7.207978710844564e-22,1.7719697120455203e-21,0.0031756554736918786,2.4267282368846978e-15,4.0738541466840433e-16,2.6920698815339754e-26,1.3138665529836383e-21,-7.35371455794386e-21,2.4267282368841827e-15,0.0007954101773656389,-2.3992826951654037e-19,-3.069783271220178e-25,-1.3800097754688852e-21,9.47743515785794e-21,4.07385414668362e-16,-2.399282695175664e-19,0.0007954101773656402,1.4204985988827495e-25,-1.683495695270305e-05,-1.1119756262968147e-06,7.120570137511096e-28,-3.453323832188692e-25,1.3393747367089565e-25,0.03525014515327813
1774036454524094503,211,1774036454482847452,center_camera,base_link_12,-0.6212500110424423,0.2537498623855611,-2.8863435518075416e-19,0.0,0.0,0.9918712039548754,0.1272458830968842,0.004120942530832927,-6.335143666996358e-20,5.226907402892397e-26,-1.1045352577079313e-17,-2.7871222468261312e-27,4.0967548728331154e-13,-6.334525866476358e-20,0.004120942530832922,7.2879239025353155e-25,-1.2804395824704387e-16,-7.544535594466e-25,-3.691284065570304e-14,-4.967670195360877e-26,-7.550773739032842e-25,0.004944731227553944,3.727529856874495e-13,6.66647412673266e-14,-1.0871899404659128e-29,-1.1045352714133469e-17,-1.2804395817807578e-16,3.727529858992077e-13,0.0024733646700796316,2.739170229623583e-15,-2.0898619249581256e-21,1.5021299043413575e-27,4.1084024347645866e-25,6.666474121438704e-14,2.7391702296235326e-15,0.0024733646700857447,4.2300755735862484e-29,4.09675487706828e-13,-3.6912840708642596e-14,1.8534629970160565e-31,-2.08986198908401e-21,-4.397985098181414e-29,0.004944731257686621,-0.0011996163353336239,0.006847472812220662,1.3105000582629855e-18,2.356225992468269e-18,-2.7913426053644668e-18,-0.06915048938417127,0.05954938015191541,1.8313974290538568e-09,-2.936651881483639e-24,-2.9871920808654192e-21,3.716281310505258e-22,-1.6912862839278877e-05,1.8313974287155068e-09,0.05954936682308116,1.635355594521227e-23,1.8229541707640107e-20,-2.6057631638953324e-21,-1.4334544282223152e-06,2.062555448908037e-22,1.993780984554873e-22,0.0032971536229754756,2.551105798946388e-15,4.514590626095763e-16,1.9142417974356934e-26,-2.987201468823775e-21,1.8229543737191766e-20,2.5511057989464937e-15,0.00082578486904435,-2.7061206839282916e-19,2.7526353758853873e-25,3.716100188431123e-22,-2.6056916678849886e-21,4.514590626096009e-16,-2.7061206839285665e-19,0.0008257848690443511,1.2350297235984414e-26,-1.6912862839278877e-05,-1.4334544282223154e-06,5.769839497176465e-28,2.7319868562360403e-25,-5.733271217528714e-28,0.03521118693355223
1774036454590739699,212,1774036454554686069,center_camera,base_link_12,-0.6212500084631405,0.25374988431437406,-5.299850285314597e-19,0.0,0.0,0.9918712184021171,0.12724577048177152,0.003593930190314977,-7.062430588356244e-20,-3.1859246122026772e-27,-4.4146526949749285e-18,6.62230302188425e-18,3.471890514951501e-13,-7.061207912013314e-20,0.0035939301903149725,-6.9361727779106e-27,-5.652076117324672e-17,8.478167096991373e-17,-2.8189017806620447e-14,2.2986969020282456e-27,-8.470140878541797e-27,0.004312316432947765,3.0795436615844356e-13,6.075455376361556e-14,-2.9100201824410745e-30,-4.4146525617023136e-18,-5.652076117324594e-17,3.079543659466853e-13,0.002157157307503411,2.805906974331679e-15,3.448865850389027e-21,6.622303021884014e-18,8.478167087872078e-17,6.075455379008534e-14,2.805906973647175e-15,0.002157157307509289,-4.49177384981508e-21,3.471890514951501e-13,-2.8189017780150667e-14,2.6353026559288365e-30,3.448865997275263e-21,-4.491773864306723e-21,0.004312316454460334,-0.001242674208805558,0.006799671441051584,-1.1091748472609473e-19,8.109846312939422e-19,-2.1014375957599297e-18,-0.06669816396806975,0.06019914288234446,2.062953959018526e-09,-3.239316911158389e-26,8.621357168890563e-22,8.85199575993444e-22,-1.6807777962241506e-05,2.0629539590304095e-09,0.06019912951250936,2.086868400524318e-24,-5.092469229581696e-21,-4.942428160841467e-21,-1.6349313386378346e-06,-2.04395472797528e-23,1.0662716365923117e-22,0.002875543780359453,1.5860944256491334e-15,2.9214712287157483e-16,-5.344190649104315e-26,8.621418998385624e-22,-5.092467871303843e-21,1.5860944256490078e-15,0.0007203825399618074,-1.4871939951405527e-19,2.1754924182104713e-25,6.707230822692822e-22,-4.12027157201306e-21,2.921471228716587e-16,-1.4871939951333723e-19,0.0007203825399618081,-2.376825327134284e-25,-1.6807777962241502e-05,-1.6349313386378346e-06,-8.538381732641674e-29,1.8883205935840716e-25,-2.633778580030221e-25,0.03539920855810928
1774036454690707974,213,1774036454637197733,center_camera,base_link_12,-0.6212500095348199,0.2537498533362995,-4.459946901097912e-19,0.0,0.0,0.9918712031635162,0.12724588926546465,0.004127582425273986,5.4105806318911113e-20,4.935952304349182e-26,3.986271084709451e-18,7.97243628779779e-18,4.3653739189409386e-13,5.4102445897672617e-20,0.004127582425273975,7.899012052751673e-25,5.655704574389552e-17,1.1311409379801257e-16,-3.24005684289928e-14,-5.693123229759675e-26,-9.075295456530508e-25,0.0049526991107480935,4.0048344127047815e-13,8.163549994445477e-14,1.8330907164838914e-29,3.98627108473872e-18,5.655704695071416e-17,4.004834410587199e-13,0.0024773485132940443,2.629570681831488e-15,-2.22668153557323e-21,7.972436369933417e-18,1.1311409262407984e-16,8.163549983857565e-14,2.6295706818315383e-15,0.0024773485132889785,-4.45296259391582e-21,4.3653739189409386e-13,-3.24005684289928e-14,-2.3143944379066542e-29,-2.2266814168290244e-21,-4.452962557051638e-21,0.0049526991475697104,-0.0012524848458477559,0.0065616823643448955,9.043575568038719e-19,7.55562908835848e-19,-1.6762694161854838e-18,-0.06316698134008114,0.059407378730742255,2.2850063039777993e-09,-2.3513834098540227e-24,1.829609061335652e-21,8.81037633480883e-22,-1.6758567807752854e-05,2.2850063046577554e-09,0.05940736545954893,1.4063408901494642e-23,-9.910695511526287e-21,-4.33719368386979e-21,-1.9138277387699494e-06,4.534618088731815e-22,-2.276554160682568e-21,0.0033024654899510317,2.7458234673201775e-15,5.2893540744344e-16,-1.1738799084169247e-25,1.8295879210070492e-21,-9.9106143706899e-21,2.7458234673197897e-15,0.0008271124681821549,-3.078509948490007e-19,-2.1243677772377037e-25,1.0914306816677328e-21,-5.415035663085933e-21,5.289354074434187e-16,-3.078509948490251e-19,0.0008271124681821566,-5.164782723018809e-25,-1.675856780775285e-05,-1.9138277387699494e-06,6.943946965539548e-28,-2.4556357994394524e-25,-4.930655041833442e-25,0.03517541083238644
1774036454757371216,214,1774036454711817980,center_camera,base_link_12,-0.6212500067041017,0.2537498852053013,1.7948585670844084e-18,0.0,0.0,0.9918712218067893,0.12724574394260435,0.0037330116731460385,4.656856242672207e-20,4.3602391901004004e-26,-1.7864402832376227e-18,5.35921506419193e-18,3.444807411498191e-13,4.656248781909863e-20,0.003733011673146034,-3.4204021089062844e-27,-2.8288831563897e-17,8.486353412057072e-17,-2.2691888460736815e-14,-4.6574153447951725e-26,6.045100323406223e-26,0.004479214207666041,3.060721530705261e-13,6.103720074365022e-14,-3.0337818413493505e-25,-1.7864402873661147e-18,-2.828883262633731e-17,3.060721530705261e-13,0.0022406061963256055,-2.8687816129157953e-15,-1.0735883432388724e-21,5.359215000977512e-18,8.486353305813708e-17,6.103720058483155e-14,-2.8687816129158206e-15,0.0022406061963200254,3.220771220329969e-21,3.444807411498191e-13,-2.2691888407797256e-14,-3.0340669001637796e-25,-1.0735883327417878e-21,3.2207712194312655e-21,0.004479214230717817,-0.0012838035053187706,0.006483303760062335,-1.5718103172785566e-19,1.9944180094551397e-18,-1.1467705432245527e-18,-0.06076274122952411,0.05994031003176637,2.4755318689185406e-09,8.518172448892187e-25,-1.1673359893298384e-21,-7.470653676446609e-22,-1.6610885137392504e-05,2.475531869057261e-09,0.05994029683563219,-3.726056568043362e-24,5.713387536056241e-21,3.8440729038868055e-21,-2.086351113448034e-06,-4.416605528307968e-22,1.692539953061788e-21,0.0029868089640755486,1.7008393088077333e-15,3.3919255029737914e-16,5.814882297000379e-26,-1.1673228614181777e-21,5.713336461430095e-21,1.700839308807952e-15,0.0007481988409164918,-1.7181371228687837e-19,4.698569740253868e-26,-8.529780759018779e-22,3.8163880582556076e-21,3.391925502973817e-16,-1.7181371228684981e-19,0.0007481988409164921,-5.001800976757672e-26,-1.6610885137392508e-05,-2.0863511134480343e-06,-1.6726440251845855e-28,2.0655162797797434e-26,-6.14396622870806e-26,0.03532892434878962
1774036454824082172,215,1774036454787390471,center_camera,base_link_12,-0.6212500065159636,0.253749874158346,8.776976612387304e-19,0.0,0.0,0.9918712176449602,0.12724577638375287,0.0037806238005475305,1.2033156637052576e-19,-2.326795559947307e-26,3.9596430497177524e-28,-2.893405483717022e-18,3.772115922094925e-13,1.2032493600092826e-19,0.0037806238005475253,-7.514604275801209e-25,3.406349934817843e-26,-5.1277421023262653e-17,-2.2355114169548475e-14,2.612281327722547e-26,8.326211219637023e-25,0.00453634877196844,3.3852363911166786e-13,6.984061872292093e-14,1.7525989537824426e-29,3.8409038770547513e-28,5.170968295729601e-27,3.3852363911166786e-13,0.002269173382669673,2.675960081361261e-15,2.6597197261187546e-31,-2.8934054814341524e-18,-5.1277420958265543e-17,6.984061874939071e-14,2.675960081361286e-15,0.0022691733826696236,5.407882605681662e-22,3.7721159305652546e-13,-2.2355114169548475e-14,-5.6967551851038e-30,-2.6414326009106306e-31,5.407882600576865e-22,0.004536348800840943,-0.0012976500732348737,0.006333869523059037,-6.012382018071497e-19,1.947032589489616e-18,3.3740683088253864e-19,-0.05814273968168421,0.05989040532500385,2.6207707294303757e-09,1.5820727130792795e-24,3.539138763864211e-22,-1.8598217407210675e-21,-1.6400438779862e-05,2.6207707297170583e-09,0.05989039236527,-7.028215058526278e-24,-2.1309187648803523e-21,9.982430866595535e-21,-2.251772724447564e-06,8.9857999757728e-24,-5.0764262090050116e-24,0.0030248986198992923,1.9290780296934058e-15,3.9797912815476246e-16,2.6168469331376815e-26,1.0680403707417783e-22,-1.1836679671119154e-21,1.9290780296938953e-15,0.0007577208968105704,-2.015470316195474e-19,1.7259952609213038e-26,-1.612712288339549e-21,9.035182058063478e-21,3.979791281547778e-16,-2.0154703161954706e-19,0.0007577208968105713,2.5282774157871305e-26,-1.6400438779861998e-05,-2.251772724447563e-06,1.5655809337864794e-28,2.729439898125091e-28,4.2267973428465126e-26,0.03531708294492346
1774036454924789801,216,1774036454873205423,center_camera,base_link_12,-0.6212500060284075,0.25374986462437993,-2.1949230656426953e-18,0.0,0.0,0.9918712138747157,0.1272458057725206,0.004292746934617202,3.0134763571856757e-19,-2.670379625659311e-26,-5.730977760177027e-18,2.865536854047752e-18,4.0321001110505306e-13,3.0134763571856757e-19,0.004292746934617196,2.757241487255764e-27,-1.1586856456808306e-16,5.793343604448958e-17,-2.117563947816126e-14,2.652046210528666e-26,-1.4114671598472593e-27,0.005150896509891456,3.683360982909158e-13,8.346847283662641e-14,2.7875816221631916e-29,-5.730977831804854e-18,-1.158685657854993e-16,3.6833609850267404e-13,0.0025764472642628516,2.6837104935358894e-15,-9.529474490326892e-21,2.8655368582804492e-18,5.79334360444899e-17,8.346847283662641e-14,2.6837104927898163e-15,0.0025764472642633473,6.021385948523736e-21,4.032100106815366e-13,-2.117563947816126e-14,-4.530193123577761e-29,-9.529474487633765e-21,6.0213859489734766e-21,0.0051508965457545694,-0.0012934020284887313,0.006092989243981487,7.82226502490408e-20,-6.995132044282641e-19,-1.5492452240952015e-18,-0.0549889922048801,0.05919495889246763,2.762601955301198e-09,1.5562851370402343e-24,-2.279501606735953e-21,1.9433784233032832e-21,-1.6299946994317295e-05,2.762601955116477e-09,0.05919494617216214,-6.156427962078519e-24,1.0923737767729602e-20,-9.88068299955338e-21,-2.4660904285664e-06,-1.2071480673359452e-22,-3.8116924424143454e-23,0.003434597117820701,2.734893398287842e-15,5.849652854823086e-16,-1.5171570571776454e-26,-2.279484689172203e-21,1.0923652743034016e-20,2.7348933982883962e-15,0.000860145566521553,-3.296905445073222e-19,-2.8533453219105826e-25,1.878222175303493e-21,-9.897680286990486e-21,5.84965285482374e-16,-3.2969054450616013e-19,0.0008601455665215546,1.9722994717840745e-25,-1.6299946994317298e-05,-2.4660904285664008e-06,8.940602735928462e-29,-2.853316083420991e-25,2.0413353048815803e-25,0.035117779178881516
1774036454990741160,217,1774036454954670668,center_camera,base_link_12,-0.6212500042556428,0.2537498886231217,4.6278588850281195e-19,0.0,0.0,0.9918712271178419,0.12724570254333287,0.004075261576305829,2.4804843389447223e-19,-2.0727555039743662e-26,-1.2806982900969346e-18,-1.4852498360028927e-27,3.337192396474795e-13,2.4804843389447223e-19,0.004075261576305825,-5.6605357787374585e-25,-3.0023013173399617e-17,6.011890013662534e-25,-1.5037329352263275e-14,2.2350536063947938e-26,6.708480139477056e-25,0.004889914075321617,3.028498785911525e-13,6.586163968388164e-14,4.2292131176146664e-30,-1.2806982901074772e-18,-3.0023014254896203e-17,3.028498783793943e-13,0.0024459561650317535,-3.3890270397380196e-17,-1.1710695578969781e-21,4.99963635739985e-28,-3.6301259847680657e-25,6.586163963094208e-14,-3.3890269740290616e-17,0.002445956165031899,-4.7401422469049445e-29,3.3371924007099597e-13,-1.5037329325793495e-14,2.242520044911105e-31,-1.1710695488771499e-21,8.170460597770907e-29,0.004889914100541048,-0.0013084270661280178,0.005971633080970748,4.519253862772857e-19,-3.4154759802735256e-18,2.062329380836406e-18,-0.052607552418852996,0.05957496605052991,2.896995835510697e-09,-1.6949564149299392e-24,1.6403576921947895e-21,-9.765128375081666e-22,-1.6141174766853475e-05,2.896995835686817e-09,0.059574953515563356,6.974237153600997e-24,-7.728100813459818e-21,4.613390097734041e-21,-2.612510871050449e-06,-8.921246123679236e-22,3.420279859684421e-21,0.003260608894743548,1.978758460072622e-15,4.3625113813531577e-16,5.0489781143077077e-26,1.6403730923477263e-21,-7.72816014949526e-21,1.978758460073256e-15,0.0008166489528494861,-2.242228828824334e-19,3.418347735270496e-27,-5.17322770372851e-22,2.8531693893402163e-21,4.3625113813530462e-16,-2.2422288288326285e-19,0.0008166489528494874,-6.016735572306711e-26,-1.6141174766853472e-05,-2.612510871050453e-06,8.787684009227693e-29,3.419220941610467e-27,-2.7145132603782515e-28,0.03522617661032109
1774036455091105174,218,1774036455031391859,center_camera,base_link_12,-0.6212500035297229,0.2537498912314161,1.3499991765122257e-19,0.0,0.0,0.9918712296785492,0.12724568258279972,0.003838058894311107,2.670377671852592e-19,-1.1995933122883258e-27,-1.9177813222194865e-18,-2.8766703503557776e-18,3.26812427539966e-13,2.670285971126872e-19,0.0038380588943111027,1.205254798334259e-27,-5.2560758646139155e-17,-7.884261928412121e-17,-1.265501628617451e-14,1.6035434741135988e-27,5.989228774329989e-28,0.004605270871035515,2.8569858266911687e-13,6.962509388940959e-14,-2.785501495911971e-25,-1.9177813201226222e-18,-5.2560757572233605e-17,2.8569858266911687e-13,0.002303634516365035,2.802030874095242e-15,4.97034440865028e-21,-2.8766703146988922e-18,-7.884261818369687e-17,6.962509383647003e-14,2.8020308740951917e-15,0.0023036345163651877,8.551857017583407e-21,3.268124271164495e-13,-1.26550162994094e-14,-2.7861864158032247e-25,4.97034440579033e-21,8.551857020477079e-21,0.004605270895996121,-0.0013184395364719808,0.005852607694555186,2.674112754958631e-19,1.7541691741639345e-18,1.1523636613912401e-18,-0.05046679639731996,0.05992226725381458,2.9847343737672002e-09,-1.25750948291208e-24,-4.234746701378239e-22,-1.1567556491344148e-21,-1.5892132204292177e-05,2.984734373871643e-09,0.059922255009996164,4.5322802460446534e-24,1.3828391551806066e-21,5.203546560150834e-21,-2.716594961989624e-06,2.1740702350480045e-24,5.471671316372778e-24,0.0030708467329475107,1.7017771461434041e-15,3.8544011748245424e-16,-1.0950465944650594e-25,-4.2348917370227267e-22,1.3828944193380626e-21,1.7017771461424561e-15,0.0007692082393101497,-1.8236366375311064e-19,1.9628946359900063e-25,-9.269763615895346e-22,4.3227365784202675e-21,3.854401174824881e-16,-1.8236366375313373e-19,0.0007692082393101499,3.0784467052354273e-25,-1.5892132204292177e-05,-2.7165949619896278e-06,9.335236004246682e-29,1.8982599702486672e-25,3.2060469147790135e-25,0.03532715181554794
1774036455157447132,219,1774036455108418941,center_camera,base_link_12,-0.6212500030352041,0.2537498869266655,1.9774708121649694e-19,0.0,0.0,0.991871228691047,0.12724569028031002,0.0038533534088454648,3.51658175828372e-19,-9.810123268055213e-28,2.2421866025614406e-18,-2.9895231286015647e-18,3.396270191688704e-13,3.516613876155942e-19,0.003853353408845457,-5.865978533950228e-26,7.314341915928516e-17,-9.75264267851191e-17,-1.1202800943003461e-14,5.5923248352217375e-28,1.7477434605401675e-26,0.004623624295356427,3.0642700926520705e-13,7.419844251204256e-14,-2.2771669300033443e-29,2.2421865667797753e-18,7.314341802154643e-17,3.064270096887235e-13,0.0023128111717842653,5.45519569088665e-15,-3.3081696558343876e-21,-2.9895231286016437e-18,-9.75264279583932e-17,7.419844261792168e-14,5.455195690886675e-15,0.002312811171789939,5.736200140709383e-21,3.396270187453539e-13,-1.1202800943003461e-14,2.392782405752535e-29,-3.3081696539747296e-21,5.736200146881324e-21,0.004623624323718299,-0.0013169761638400774,0.005695964427499159,-4.0860603003858995e-19,7.44024613816723e-19,-2.229884758890573e-18,-0.048269099663643074,0.05992017175238419,3.03128199438399e-09,6.294792504884145e-25,2.1348708765365816e-21,-4.0005920972117874e-22,-1.5597411043021045e-05,3.0312819943399684e-09,0.059920159900539234,-2.4901712083747106e-24,-9.008499690621228e-21,1.5118072152503333e-21,-2.806622093081403e-06,4.90885417028381e-22,-1.881799703682235e-21,0.0030830823173662123,1.7911263569731757e-15,4.1624669733357403e-16,-2.5780993253309007e-26,2.10555015068103e-21,-9.016215624217861e-21,1.7911263569730632e-15,0.000772266923372155,-1.9361760323677608e-19,-2.2620664482539197e-25,-4.0004254476558883e-22,1.5117425011924326e-21,4.1624669733356565e-16,-1.9361760323676816e-19,0.0007722669233721556,2.838134557625978e-25,-1.5597411043021045e-05,-2.8066220930814023e-06,-1.5838384908197837e-28,-1.965506981517171e-25,3.1300459045830693e-25,0.0353293169306375
1774036455224055352,220,1774036455189154625,center_camera,base_link_12,-0.6212500024179441,0.2537498857820337,2.418216503246303e-19,0.0,0.0,0.9918712289765467,0.127245688054861,0.004038783467449393,4.455970067164419e-19,1.2424435120983789e-26,2.1946563955014246e-26,8.910862533128278e-28,3.4243296488444897e-13,4.455938175474396e-19,0.00403878346744939,4.006664272561537e-25,7.307948984480932e-25,7.144425329525374e-26,-9.344852212355952e-15,-1.231574219004331e-26,-3.9434946511374736e-25,0.00484614035781636,3.076997836298827e-13,7.335108991572979e-14,3.247782222347808e-30,-1.243430437530451e-26,-3.9890152315133557e-25,3.076997836298827e-13,0.0024240692068838855,-3.487875500619464e-17,7.757274893915131e-31,-2.970430190509539e-29,-2.8638536117741907e-26,7.335108991572979e-14,-3.487875427418221e-17,0.002424069206884022,-4.395646516381832e-31,3.424329644609325e-13,-9.344852212355952e-15,-2.3867713725189357e-30,1.1155519403557495e-32,3.7329202263126645e-31,0.004846140388604044,-0.0013069591178240822,0.005509757667824079,-1.0762394181317218e-18,7.4027722591754485e-19,2.0760177386547367e-18,-0.04597823880769658,0.059695744283571425,3.0566209302335945e-09,3.273957611985778e-24,-1.3172513066123833e-21,1.67462498825106e-21,-1.531596037231704e-05,3.0566209303361417e-09,0.059695732855451114,-1.414596219221151e-23,6.020191658112715e-21,-7.444270046108578e-21,-2.8987750502587703e-06,-4.482343264224912e-22,1.9504964864888964e-21,0.0032314263607932554,2.0013434100558932e-15,4.770907241320922e-16,1.707142383458581e-26,-1.3476713113462566e-21,6.012183391981605e-21,2.0013434100559346e-15,0.0008093529480196564,-2.265673103822405e-19,2.45348160131285e-27,1.4509893572541911e-21,-6.462393164760097e-21,4.770907241320839e-16,-2.2656731038325766e-19,0.0008093529480196577,5.611041666696984e-27,-1.5315960372317043e-05,-2.898775050258771e-06,-8.913538527730838e-29,-1.9208545835557414e-28,2.3348315695507156e-28,0.03526731756598897
1774036455324038917,221,1774036455265676498,center_camera,base_link_12,-0.6212500016287384,0.25374989875868964,-4.727495267395619e-19,0.0,0.0,0.9918712357526897,0.12724563523528953,0.003828092991925631,3.8741377512666407e-19,6.320272301678478e-29,-9.481930749721666e-19,1.0530220979427169e-26,3.0459547966423797e-13,3.8740760681498687e-19,0.003828092991925625,2.4887056080974096e-26,-4.807607174470588e-17,6.723550881150813e-25,-6.558075408239102e-15,2.536229989844047e-29,-2.2414398916873988e-26,0.0045933117895692,2.7261821497125366e-13,6.547745476164377e-14,-1.985874361325118e-25,-9.481930749721545e-19,-4.807607174469611e-17,2.7261821560652837e-13,0.00229765496733472,2.7918878885027476e-15,2.5896059459821313e-21,-5.981171592217356e-27,-3.8437189256821242e-25,6.547745476164377e-14,2.7918878885027476e-15,0.0022976549673348477,-1.9826058693682672e-26,3.045954792407215e-13,-6.558075408239102e-15,-1.9867240835867395e-25,2.5896059499442706e-21,-1.9819466599120743e-26,0.004593311814877252,-0.001306266713992126,0.0053813067594509385,8.032914147811979e-19,2.6360584811489823e-18,1.5265742877022007e-19,-0.044098220286612956,0.05999776177209492,3.0781448598932706e-09,-2.0257707743593795e-24,-7.7576380324642965e-22,1.5161186511310081e-24,-1.501387518983006e-05,3.078144860035977e-09,0.05999775072571528,8.507898586568676e-24,3.2341217873627266e-21,-7.325740922271134e-24,-2.956979898761648e-06,-2.0259346852710635e-24,8.50592794561821e-24,0.0030628740073464977,1.5697476949808223e-15,3.8262168842662874e-16,5.545571983554472e-26,-7.757638034400787e-22,3.2341217877262234e-21,1.5697476949807383e-15,0.0007672150269545422,-1.6633864998124862e-19,8.76162763970396e-26,2.192623528882579e-22,-8.988138880177728e-22,3.826216884266599e-16,-1.6633864998126223e-19,0.000767215026954543,-1.1930240988543679e-26,-1.5013875189830057e-05,-2.9569798987616465e-06,2.3679500777923372e-28,8.76161668008162e-26,2.0286254422317984e-28,0.035355681028646294
1774036455390777720,222,1774036455340126514,center_camera,base_link_12,-0.6212500011423729,0.2537498985089805,1.8630303287738753e-19,0.0,0.0,0.991871236442342,0.12724562985949545,0.0037245000819634763,4.3512740432157815e-19,-4.0207951942390546e-29,-4.286809223996381e-28,-1.2820580723179522e-18,3.0567547335352504e-13,4.351306564984787e-19,0.0037245000819634694,-2.9096317858669414e-26,-5.574714343888249e-26,-8.660657074371701e-17,-5.021904230596461e-15,-3.2307631345923637e-29,-1.161391448942817e-27,0.00446900030837077,2.689630283052855e-13,7.082099019383368e-14,1.250426230306473e-25,1.2937650824037175e-28,7.348764590405605e-27,2.6896302841116464e-13,0.002235499175748198,2.727110174619304e-15,-3.3318339312732774e-25,-1.2820580723179522e-18,-8.660657070800399e-17,7.082099019383368e-14,2.727110174619228e-15,0.002235499175743062,2.9151513881991614e-21,3.0567547335352504e-13,-5.021904237213906e-15,1.2506412473858795e-25,-3.3318152622052565e-25,2.915151393309057e-21,0.004469000335099951,-0.001299484971384665,0.00524096336624587,3.9161963969854947e-19,1.4399320895622312e-18,-2.340700234520803e-18,-0.042293119120715386,0.06013311474361979,3.066791487662174e-09,-7.666046995726286e-25,8.629210114564636e-22,-1.4801213666831596e-21,-1.4666065099202933e-05,3.0667914875846232e-09,0.06013310413951367,3.038233125849892e-24,-3.450946347064389e-21,6.0389287187836e-21,-2.993897829030062e-06,4.768407195335575e-22,-1.8277824299598212e-21,0.0029799996582095685,1.4875775732424643e-15,3.7021010549878885e-16,-4.852903966086681e-26,1.101493671742926e-21,-4.365472588452768e-21,1.4875775732427779e-15,0.0007464962495473641,-1.5269159637814675e-19,-2.424197633945388e-26,-1.4801218495611384e-21,6.0389309732995514e-21,3.7021010549882967e-16,-1.526915963781323e-19,0.0007464962495473645,1.9244784270572205e-25,-1.4666065099202933e-05,-2.993897829030061e-06,1.951854497538029e-29,1.2033834362884081e-29,1.892165044938711e-25,0.03539746203832976
1774036455457355773,223,1774036455427078009,center_camera,base_link_12,-0.6212500006545951,0.2537498845634819,-2.0954120861555403e-19,0.0,0.0,0.9918712306626193,0.12724567491204195,0.004349573995878262,6.955508398428201e-19,-2.997769353347093e-28,-2.128741522737502e-28,9.028113081713737e-19,3.4490184781471134e-13,6.955508414584073e-19,0.004349573995878253,3.764566567863425e-25,1.9728710682560234e-26,9.638876934859999e-17,-3.956174036819392e-15,-4.2204507397636485e-29,-4.074967522333513e-25,0.005219088981925808,3.157658056419764e-13,8.430084973161305e-14,3.8853935661330056e-29,4.384785421298859e-29,-1.9778250764629537e-26,3.157658058537346e-13,0.0026105434853493856,2.6802966326501557e-15,4.174789446201499e-29,9.028112991007373e-19,9.638876815473063e-17,8.430084973161305e-14,2.680296633407437e-15,0.0026105434853438557,-9.264489104481545e-21,3.4490184739119486e-13,-3.956174036819392e-15,-3.897554575073006e-29,-8.591858675152967e-29,-9.264489167556497e-21,0.005219089019856403,-0.001264793071876187,0.004983637794852312,2.4167329043862845e-19,-1.0525685076257501e-18,-1.547853110770416e-18,-0.039902817642740285,0.059216760000096395,3.0150825768563383e-09,-9.909530056113965e-25,-3.009548957218402e-25,4.335258063711777e-21,-1.4378370552578085e-05,3.01508257635612e-09,0.05921674992861585,4.095862557214718e-24,1.6905924573707366e-26,-1.689622342576632e-20,-3.0714254026206837e-06,-5.2737645870075517e-23,1.3382470797955084e-22,0.0034800587573496126,2.3820445946387154e-15,6.070341396041429e-16,-1.3307393027883293e-25,2.7092998199004284e-22,-1.0739824914874405e-21,2.3820445946398565e-15,0.0008715109204570266,-2.85845034655728e-19,-7.893474589786051e-26,4.055676050906421e-21,-1.5824498746745817e-20,6.070341396042129e-16,-2.8584503465699383e-19,0.0008715109204570275,-5.488222459202149e-25,-1.4378370552578085e-05,-3.0714254026206816e-06,5.076913895131019e-28,-1.5999548409609297e-27,-5.591795375063092e-25,0.035135991570416206
1774036455557593804,224,1774036455496268749,center_camera,base_link_12,-0.6212500001297843,0.2537499215340302,-6.917909151492877e-19,0.0,0.0,0.9918712474475684,0.12724554407445718,0.003461536383025184,3.1539375463240255e-19,-1.1902952155381785e-27,6.901254846818507e-29,-2.362910690464356e-27,2.373024181975445e-13,3.1539375463240255e-19,0.003461536383025182,1.8295907926344307e-26,1.704326249209224e-26,-6.067495280489881e-25,-1.384657997075128e-15,1.339782485032277e-27,-2.3727209744311875e-26,0.0041534438604541824,2.0324667547122564e-13,5.2657167100866897e-14,-3.193327453557032e-30,-5.512607112656634e-29,-1.4621477162406116e-26,2.032466752594674e-13,0.0020777210689719734,-1.8685519337413176e-17,-1.589373335426629e-30,1.3846301726221124e-27,3.5265911511041585e-25,5.2657167100866897e-14,-1.868551966164132e-17,0.0020777210689720397,7.708533843637492e-29,2.37302418621061e-13,-1.384657997075128e-15,4.919986791113927e-30,-6.455564851558667e-31,-1.5825921515377945e-28,0.004153443878410445,-0.0012735967830504998,0.004928296194322508,-1.560670209319056e-19,5.574905927637205e-20,1.1468044586815516e-18,-0.038656184201045045,0.060214510470984764,3.022250234557075e-09,7.395447491456104e-25,4.9806040543518795e-24,-1.6572036877026123e-21,-1.4072276320575846e-05,3.0222502345845302e-09,0.060214500703661966,-2.912364967006639e-24,-2.0784071798109776e-23,6.932126995612995e-21,-3.0795925786754864e-06,1.2636582536018764e-23,-5.0022345834452467e-23,0.0027696287589414,9.711595771919108e-16,2.5160809578421166e-16,-9.378213028110948e-26,4.980938144184828e-24,-2.0785313174977764e-23,9.711595771920051e-16,0.0006939039633325429,-8.918350155399478e-20,4.636490295355387e-26,-1.850402454893195e-21,7.684743045224947e-21,2.5160809578418706e-16,-8.918350155369452e-20,0.0006939039633325437,6.285788781681021e-27,-1.4072276320575846e-05,-3.079592578675485e-06,-2.397850797528046e-29,-2.557499540791963e-28,-7.746795005602073e-28,0.035422019801846595
1774036455624078438,225,1774036455578476191,center_camera,base_link_12,-0.6212499996249189,0.25374988909575724,3.7485199699410234e-19,0.0,0.0,0.9918712340343624,0.1272456486295347,0.004112371293877691,7.546839659853898e-19,7.598102475585277e-30,7.844280377802182e-31,5.194074781379505e-21,3.3267801592673767e-13,7.546874487873537e-19,0.004112371293877684,3.83719130625753e-25,-5.7405185026171345e-27,-1.9906828693126534e-17,-5.952611883410649e-16,-5.808151783278272e-31,-4.0656216959069005e-25,0.004934445757738557,3.01264124281917e-13,7.967993152690404e-14,-1.7642902199972088e-25,7.763786693989398e-31,-5.581078944714313e-27,3.01264124281917e-13,0.0024682217969557154,-3.33173525480507e-17,4.1332402857158713e-25,5.194074790923431e-21,-1.9906828726524862e-17,7.96799315798436e-14,-3.3317353362798866e-17,0.002468221796955584,9.968409481437988e-22,3.326780161384959e-13,-5.952611879274746e-16,-1.764286330523848e-25,4.132517878930783e-25,9.968409366982327e-22,0.004934445797096165,-0.0012343189055592082,0.00468110658552337,2.6111901679517075e-19,-1.2253384759325766e-18,6.254151674221099e-20,-0.03654920376880294,0.05921492815179038,2.915718641514484e-09,-9.201863471357604e-25,3.7004045286146194e-24,-5.340490817543304e-22,-1.3664355835988967e-05,2.9157186416594265e-09,0.059214919000449805,3.521155048422885e-24,-1.4173721108523123e-23,2.046582969903578e-21,-3.099529749260405e-06,-3.6625953549301907e-25,3.587523109210543e-24,0.0032902965656703086,2.0310791371471197e-15,5.371905544401141e-16,-2.0444117702057108e-27,3.6999889811062494e-24,-1.4173706150259155e-23,2.0310791371469035e-15,0.0008240700885129521,-2.2429899752337407e-19,-1.7438176810035336e-26,-8.192851129081498e-22,3.139985484746422e-21,5.371905544403145e-16,-2.242989975220688e-19,0.0008240700885129529,7.433978006743198e-26,-1.3664355835988967e-05,-3.0995297492604033e-06,9.141345526054909e-29,-3.2409656058601217e-28,6.650577531569951e-26,0.0351356164357153
1774036455724534557,226,1774036455661266565,center_camera,base_link_12,-0.6212499992595207,0.2537499090506884,-3.9691025322037696e-19,0.0,0.0,0.991871242855644,0.1272455798682219,0.0041415180759601655,5.536510438709535e-19,-2.9010641151246094e-27,-1.0522378570770655e-28,3.5887364311207627e-19,2.7336511909502184e-13,5.536570231589361e-19,0.004141518075960157,2.6727410431211413e-28,-1.996439586297581e-27,-6.795992600059265e-17,9.541035366154093e-16,2.9257926907958697e-27,-1.1329710258703309e-27,0.0049694218775459134,2.426260162476313e-13,6.540591292955057e-14,2.3981000561205072e-25,1.8947982244986725e-28,-1.996172012938362e-27,2.426260162476313e-13,0.0024857100278976177,-2.880788818632484e-15,1.88927795676601e-25,3.58873643111745e-19,-6.795992600059258e-17,6.540591282367146e-14,-2.8807888193183763e-15,0.00248571002790311,-4.272523319372873e-21,2.7336511867150537e-13,9.541035366154093e-16,2.398112522847307e-25,1.8893346724944862e-25,-4.27252344305348e-21,0.004969421905845877,-0.00121650520799316,0.004523732577142432,-5.743263260995735e-19,6.544814901426129e-19,2.08266261393098e-18,-0.0348476320069338,0.05929563564649541,2.862065445203946e-09,2.2688534820465353e-24,-1.6629107637917756e-24,-8.709755310074687e-22,-1.3338766557714284e-05,2.8620654454701005e-09,0.0592956269328825,-8.535156073522454e-24,5.318554376584782e-24,3.525106969190748e-21,-3.1177764048438456e-06,-1.1794778960451416e-23,-1.2203929493654772e-23,0.003313614074671661,1.659661537064538e-15,4.474089837456337e-16,2.2493763628705816e-28,5.589286523548673e-24,7.210814739671539e-24,1.6596615370649619e-15,0.0008299001046733161,-1.7885331524463317e-19,-3.072185373968914e-26,-8.709757329840153e-22,3.525107373087314e-21,4.474089837457292e-16,-1.7885331524368915e-19,0.0008299001046733166,-1.3135983839709672e-25,-1.3338766557714284e-05,-3.117776404843846e-06,3.056151643598482e-28,-1.1869832732181508e-28,-1.3136225598643362e-25,0.03515562080399688
1774036455790905620,227,1774036455736825943,center_camera,base_link_12,-0.6212499990003496,0.2537499192005923,2.206164425923012e-19,0.0,0.0,0.9918712476533501,0.12724554247040065,0.003779968215583812,4.604053087490528e-19,-5.3175715135965754e-27,5.5008757143120134e-27,-5.318749619719154e-27,2.439215552580391e-13,4.604022908322866e-19,0.003779968215583811,3.3500744222404625e-25,-7.265109756439865e-25,6.861612619465791e-25,2.025494259673076e-15,5.901172527257505e-27,-4.0136982134653164e-25,0.004535562056688193,2.1185557392234617e-13,5.807154823641626e-14,-9.685635794943384e-31,-2.969666133792899e-27,3.9066957328366926e-25,2.1185557402822529e-13,0.002268780123869048,-2.044574138071617e-17,-2.0807238311021718e-29,2.9486335234147572e-27,-3.647260003436963e-25,5.807154823641626e-14,-2.0445741721302132e-17,0.002268780123869118,1.929791110173466e-30,2.4392155546979735e-13,2.025494259673076e-15,-3.9258627820638286e-32,4.435492163893815e-29,-5.442623264132952e-30,0.004535562080130004,-0.0012078533605529736,0.004414769953360239,1.0816956638666591e-18,-2.6717985805193524e-19,-3.6212543465889433e-19,-0.03349423835936608,0.05980673468107563,2.8121536942426343e-09,-2.389370134857798e-24,-3.329580288318016e-24,1.2690928911168707e-21,-1.2991451521456983e-05,2.812153694246254e-09,0.05980672636201315,8.772799194318658e-24,1.3320866597392348e-23,-5.0760639523138315e-21,-3.1087578322816623e-06,4.567841579251256e-22,-1.751386656781241e-21,0.0030243741983789732,1.207106073895186e-15,3.3087878821324147e-16,-1.204144495135427e-26,2.257424469524853e-22,-8.3751461235311675e-22,1.2071060738946133e-15,0.0007575901607443681,-1.1635687906812143e-19,-3.302582899836803e-26,1.0466815648879931e-21,-4.223487529358804e-21,3.3087878821318887e-16,-1.1635687906772698e-19,0.0007575901607443681,3.916904008875618e-26,-1.2991451521456984e-05,-3.1087578322816606e-06,5.155026889574655e-28,-1.03634877405626e-28,-1.0630645403451272e-28,0.0353014398968102
1774036455857459439,228,1774036455814042568,center_camera,base_link_12,-0.6212499985448338,0.2537499126230736,7.017596296720925e-19,0.0,0.0,0.9918712453862684,0.12724556014216395,0.0038628305375677362,5.878227110418609e-19,-5.8196651383352804e-27,-7.688941457690559e-19,1.0251230205744259e-18,2.6346807591348567e-13,5.878227110418609e-19,0.0038628305375677345,3.439984086898427e-25,5.491039738747415e-17,-7.321384526129342e-17,3.2984042290296263e-15,6.392846236224248e-27,-4.0800811061592782e-25,0.004634996851573416,2.353710364352257e-13,6.066661694708377e-14,1.2419322221983304e-25,-7.688941537776352e-19,5.491039793609241e-17,2.3537103654110484e-13,0.0023184974348965433,-2.7510514851324877e-15,5.904722085223257e-22,1.0251230300432185e-18,-7.321384641579663e-17,6.066661694708377e-14,-2.7510514843862884e-15,0.002318497434896602,-1.6556550976187372e-21,2.6346807570172743e-13,3.2984042290296263e-15,1.2419365593534616e-25,5.904722245822091e-22,-1.655655064217404e-21,0.004634996880910512,-0.0011850503913720992,0.004259183210179599,-9.81341747947463e-19,4.86887472878265e-19,7.332965325710513e-19,-0.03200832054968252,0.05972872784007718,2.720395683026786e-09,2.57286585642397e-24,1.1524518808195988e-21,-1.5383440528331867e-21,-1.2597810353847313e-05,2.7203956826251127e-09,0.059728720000815465,-9.247437164347069e-24,-4.177425162503772e-21,5.575485218674852e-21,-3.0890529382848753e-06,5.163421549987018e-22,-1.974879055803326e-21,0.003090664013104785,1.3773411954037603e-15,3.8389273597732615e-16,-1.271308396449481e-26,8.891664147449333e-22,-3.2290815316235787e-21,1.3773411954038339e-15,0.000774162291317655,-1.3458076599072208e-19,-6.497319196064633e-26,-1.5532046090733584e-21,5.571539338772733e-21,3.838927359773106e-16,-1.3458076599171087e-19,0.0007741622913176553,4.4706651142077386e-26,-1.2597810353847313e-05,-3.089052938284877e-06,-9.77005655355556e-29,-6.426965117276493e-26,5.19639149276794e-26,0.035279725948345525
1774036455957899018,229,1774036455898756504,center_camera,base_link_12,-0.621249998101884,0.2537499106145881,1.2171559407815907e-18,0.0,0.0,0.9918712447642398,0.12724556499083783,0.004237696096076793,6.790728220449828e-19,-6.555441656176922e-27,1.0972188472571537e-18,-1.462967293933159e-18,2.6841415349656357e-13,6.790791163724564e-19,0.004237696096076787,3.9665570480304144e-25,-5.960175541558261e-17,7.947096586844289e-17,4.544985188381124e-15,6.813463204558827e-27,-4.1153461070535153e-25,0.005084835504060901,2.4033147747362757e-13,6.42750521589238e-14,4.012469539318598e-29,1.097218847869324e-18,-5.960175545054832e-17,2.403314775795067e-13,0.002543416782373247,5.490985262357823e-15,-5.1372084228026446e-21,-1.4629672763786428e-18,7.947096471406304e-17,6.427505200010513e-14,5.4909852627229204e-15,0.0025434167823733607,6.849587563585413e-21,2.684141537083218e-13,4.544985181763679e-15,-4.320415256057269e-29,-5.137208453691002e-21,6.849587561506568e-21,0.005084835537589385,-0.0011511168756730998,0.004064574297595682,-4.853667911401651e-19,3.1605501379900437e-18,-3.8261260806044604e-19,-0.03034988786359608,0.05926686119639855,2.612413146294953e-09,2.3077502922823335e-24,-2.6363912216179367e-21,3.496326872844844e-21,-1.2238220295404554e-05,2.6124131462737754e-09,0.05926685385089925,-8.442587398542399e-24,9.910958792980817e-21,-1.3144062821550922e-20,-3.083407572702736e-06,2.326367890073664e-24,-8.509287018042323e-24,0.0033905564591988195,1.721025180167946e-15,4.882087590185835e-16,6.382382523808061e-26,-2.6206209714844924e-21,9.915070322575088e-21,1.7210251801675816e-15,0.0008491354807788421,-1.8153851957887188e-19,-2.0117219731847162e-25,3.2330630589513265e-21,-1.2134882272801105e-20,4.882087590185623e-16,-1.8153851957945926e-19,0.0008491354807788427,2.6359127410234675e-25,-1.2238220295404555e-05,-3.083407572702736e-06,2.1413862361642957e-28,-1.6971176759434394e-25,2.2529964712368146e-25,0.035146107531727054
1774036456024610799,230,1774036455974109411,center_camera,base_link_12,-0.6212499982123757,0.2537499289275806,-1.5077184858465142e-19,0.0,0.0,0.9918712525204493,0.12724550453165345,0.003769644704816939,4.4432276083219815e-19,1.0390201245512863e-26,4.2317311281659964e-19,4.230937486801753e-19,2.1478378386754235e-13,4.443198010765689e-19,0.003769644704816934,-3.5696563172807086e-25,-1.845727033561774e-17,-1.8457270337725393e-17,4.6389388372792895e-15,-1.1527841335626447e-26,3.6921165025583133e-25,0.004523173841013126,1.8533271976556992e-13,5.335604339773458e-14,4.032176549619588e-29,4.2317312938479563e-19,-1.8457269293326587e-17,1.8533271987144904e-13,0.0022625860365413134,-1.6813145977015075e-17,-1.2414351835381896e-21,4.230937486811145e-19,-1.8457269302651715e-17,5.335604339773458e-14,-1.6813146309813403e-17,0.0022625860365413663,-2.532485953142395e-21,2.1478378344402587e-13,4.6389388438967345e-15,-4.048724906780474e-29,-1.2414351789301e-21,-2.532485950519837e-21,0.004523173863301072,-0.0011407049218605907,0.0039663722269515575,4.4992798663358985e-19,-1.4761280566160044e-18,-1.0078549871418202e-18,-0.029203196337159208,0.059892712338050456,2.5485504735303217e-09,-9.295821542219559e-25,9.48157987279401e-22,-1.8773105686669465e-21,-1.1899492402913724e-05,2.5485504734211943e-09,0.05989270535204605,3.2876731276721855e-24,-3.2749033507385228e-21,6.694646664783517e-21,-3.0566503058881576e-06,4.2016806241954205e-22,-1.6109179025638598e-21,0.003016115399424255,1.050264571611072e-15,3.0236410510168294e-16,-9.295317917029639e-27,7.179893732534784e-22,-2.4458396815186153e-21,1.0502645716109216e-15,0.0007555255376693539,-9.516832927425114e-20,-3.2161858151848745e-26,-1.8773233287391966e-21,6.6946963695383564e-21,3.023641051016652e-16,-9.516832927388196e-20,0.0007555255376693547,-6.936506098348778e-26,-1.1899492402913722e-05,-3.0566503058881584e-06,-1.360632826935161e-28,-3.7152635540588577e-26,-7.582453394012339e-26,0.035325219373216546
1774036456090730994,231,1774036456053993225,center_camera,base_link_12,-0.6212499976217593,0.2537499188462904,2.3170798192003105e-20,0.0,0.0,0.9918712488008979,0.12724553352533516,0.003996189972642697,6.281098820011183e-19,-1.2161667807822437e-26,1.0822755755685876e-26,9.180076969665759e-19,2.4457377253324906e-13,6.281098852322926e-19,0.003996189972642694,3.7465383104568773e-25,-3.9974014726212384e-25,-3.4042005373347575e-17,6.240747550916732e-15,1.2716412991535877e-26,-4.07457569429374e-25,0.004795028168427545,2.1574999445635445e-13,6.308625759048773e-14,-8.684203363146823e-31,-6.099678578062348e-27,2.07711548588746e-25,2.157499947739918e-13,0.002398513090617572,2.697730284675953e-15,3.9123131883713313e-31,9.180077150117957e-19,-3.4042005367064705e-17,6.308625756401795e-14,2.697730285050037e-15,0.002398513090623099,-1.0706678506352297e-22,2.445737723214908e-13,6.240747550916732e-15,9.421094863621111e-32,1.3121922959241786e-31,-1.0706674902030964e-22,0.004795028199915211,-0.0011101109497026775,0.0038002387721554677,2.1893412699303613e-19,-1.9158911331377807e-18,-9.714549692880952e-19,-0.027816455368837853,0.05961124016656954,2.432899656836517e-09,5.714158965600266e-25,3.804940403678934e-22,-4.289396335777012e-22,-1.1506585764678653e-05,2.4328996569651528e-09,0.05961123364650273,-2.279880334456833e-24,-1.5182328085123115e-21,1.2726908140718596e-21,-3.0214221794881515e-06,-4.62621349027211e-23,5.122077350252129e-23,0.00319735155587923,1.3737600310445576e-15,4.016862311824265e-16,-1.321477261403499e-26,6.371983149391937e-22,-2.5022683119313977e-21,1.3737600310444152e-15,0.0008008341664038082,-1.3086717318829768e-19,-5.114019054824292e-27,-6.856536727109726e-22,2.2567634503912126e-21,4.0168623118232176e-16,-1.308671731888047e-19,0.0008008341664038084,-1.6631676160636543e-26,-1.1506585764678651e-05,-3.0214221794881503e-06,-3.286803489224421e-29,3.4046881485303357e-28,-2.112853408335955e-26,0.03524551052738997
1774036456157390341,232,1774036456123288631,center_camera,base_link_12,-0.6212499978603113,0.25374993473612284,8.041348028029088e-19,0.0,0.0,0.9918712553509967,0.1272454824677002,0.0034667696180468574,4.2016877675292003e-19,1.0262380837745141e-26,1.38060939197593e-18,-4.602009371202354e-19,1.9779254964396697e-13,4.2016877352174577e-19,0.003466769618046854,2.0102046635138455e-27,-4.486019786054931e-17,1.4954175385261515e-17,5.870904478045208e-15,-1.1673256406691522e-26,2.7768172726609118e-27,0.004159723755019879,1.6851706170767497e-13,4.990897733264847e-14,-9.052166406203922e-26,1.380609391978728e-18,-4.486019787276208e-17,1.6851706181355408e-13,0.0020808609401799373,-2.81353808849719e-15,1.1199081483788568e-21,-4.602009192293571e-19,1.4954175373048894e-17,4.990897733264847e-14,-2.8135380881442725e-15,0.0020808609401743554,-3.7330402440243523e-22,1.9779254964396697e-13,5.870904478045208e-15,-9.054611350422479e-26,1.1199081798353446e-21,-3.7330403103525098e-22,0.0041597237763572,-0.0010997994112593539,0.0037154269238948365,-7.077549121367596e-19,-5.990420368520709e-19,-1.3784649157095942e-18,-0.02686764741936535,0.06024966385321244,2.360727905744837e-09,1.20162267061422e-24,-7.297472690549653e-22,8.763876768669249e-22,-1.1155731364771134e-05,2.36072790546362e-09,0.06024965767001223,-4.055597471663061e-24,2.481566741386528e-21,-3.0435057961458572e-21,-2.9754714141024215e-06,1.6183207856287415e-23,-5.49259478440402e-23,0.002773815312777627,8.075120182074178e-16,2.3915812806452707e-16,-1.2949163248401583e-28,-8.366804421292137e-22,2.8914756190251834e-21,8.075120182075034e-16,0.0006949503175661325,-6.455820646980141e-20,3.388796082540936e-26,7.82265170302806e-22,-2.630254243762427e-21,2.391581280644695e-16,-6.455820647015791e-20,0.0006949503175661324,-6.084963862006749e-27,-1.1155731364771136e-05,-2.9754714141024224e-06,-5.175203171893051e-29,3.2086220455200375e-26,-1.0683333784662695e-26,0.03542917037226355
1774036456257497499,233,1774036456209072590,center_camera,base_link_12,-0.621249996776803,0.25374991309278133,8.693651828338605e-19,0.0,0.0,0.9918712468856185,0.12724554845482228,0.00429119715768934,8.202216422260214e-19,-1.3436374331850996e-26,-1.652407998210098e-18,1.1016125319164003e-18,2.6081300624757086e-13,8.202285407830831e-19,0.004291197157689333,1.3519820165153893e-26,4.7397002394114326e-17,-3.159793135589075e-17,8.656349786073644e-15,1.4398791320317343e-26,-1.6165694751494675e-27,0.005149036785134581,2.325678839166698e-13,7.108533321539465e-14,-4.8731885649808936e-30,-1.6524080187565954e-18,4.7397003016623023e-17,2.3256788402254894e-13,0.0025755173122729083,2.5833863268460972e-15,-2.5051349741087922e-21,1.1016124930086018e-18,-3.159793129956117e-17,7.108533313598531e-14,2.5833863268460846e-15,0.002575517312278221,1.8473506699669628e-21,2.608130064593291e-13,8.656349786073644e-15,4.0729864932937197e-32,-2.5051349009270444e-21,1.8473506665820077e-21,0.005149036827668975,-0.001047288872825761,0.003482926028538122,-7.095679840502153e-19,1.1470217904518121e-19,1.8742068262688586e-18,-0.025282625347901596,0.05894788740675179,2.1987062284818722e-09,9.316203546357056e-25,2.697230422853913e-21,-1.5524641564803403e-21,-1.074509374940957e-05,2.1987062287197003e-09,0.05894788175088243,-3.238095234650912e-24,-8.527304402997382e-21,4.703635987626994e-21,-2.9363413447570173e-06,-2.9231258775309547e-22,1.1299294603041083e-21,0.0034333572510825885,1.7344809612030937e-15,5.218498797019713e-16,5.9433383849717874e-27,2.7325709633905346e-21,-8.518034518835762e-21,1.734480961202808e-15,0.0008598352652007442,-1.7115249169403724e-19,-1.6033382284032338e-25,-1.4049023275372022e-21,4.1379716266813184e-21,5.218498797017723e-16,-1.7115249169403965e-19,0.0008598352652007447,9.674064874960891e-26,-1.0745093749409568e-05,-2.9363413447570177e-06,-1.252521820171675e-28,-1.6058528585974475e-25,1.1746118913034341e-25,0.03505489670776862
1774036456324078053,234,1774036456290777206,center_camera,base_link_12,-0.6212499973395015,0.25374993522698386,-4.752302834107803e-19,0.0,0.0,0.9918712556398782,0.12724548021588578,0.004087230188869047,4.713826433280721e-19,1.025963023354408e-26,3.1189757903811425e-28,-1.3577983254781245e-18,1.9538652037003913e-13,4.713826400968979e-19,0.004087230188869046,-3.497095017198366e-25,-7.079163733715563e-25,3.491169887459831e-17,7.385857268600892e-15,-1.1242983203983906e-26,3.832257617980729e-25,0.004904276410316452,1.7021004477643962e-13,5.1949532483324605e-14,1.325123314459066e-30,4.707177938879674e-28,3.6853057445177755e-25,1.7021004456468138e-13,0.0024531373321960478,2.8860668189926173e-15,4.9840090541087115e-30,-1.3577983244831444e-18,3.491169989248298e-17,5.1949532562733944e-14,2.8860668193213135e-15,0.00245313733220192,2.891778580580206e-21,1.9538652037003913e-13,7.385857255366002e-15,-2.6263324884760834e-30,-2.190813347057619e-29,2.8917786425472404e-21,0.0049042764356542635,-0.0010270054439982643,0.0033652864395312047,5.187703433137909e-19,1.6742164898711305e-18,1.8627768815878685e-18,-0.024182976031475133,0.05934051827370978,2.112784749512955e-09,-8.682500403213346e-25,-1.2589455029916502e-21,1.3981476968865346e-21,-1.0418758219553855e-05,2.1127847490290294e-09,0.0593405129580591,2.8591175574641228e-24,4.138566874553962e-21,-4.939798567984356e-21,-2.89980803080637e-06,-8.823291694695844e-25,2.9111373041475493e-24,0.0032701837845409707,1.134063951625379e-15,3.4611842143114946e-16,1.2841110514038252e-26,-1.0021016380141516e-21,3.2665012185548645e-21,1.134063951625159e-15,0.0008190426740806492,-1.0133108104306233e-19,1.6397865955781534e-26,1.3981331105601422e-21,-4.939742787100957e-21,3.461184214311542e-16,-1.0133108104349842e-19,0.0008190426740806499,9.897570607851335e-26,-1.0418758219553858e-05,-2.8998080308063693e-06,-8.305084560569756e-29,-5.340878737226862e-28,7.14915576532907e-26,0.035164235946068816
1774036456390718964,235,1774036456359258890,center_camera,base_link_12,-0.6212499975061785,0.25374994385719146,1.402800624984961e-18,0.0,0.0,0.9918712592697498,0.1272454519212406,0.003426083500746765,3.676874594530093e-19,5.128370030661791e-28,1.7186002920100513e-18,-1.145809593339746e-18,1.703713087322894e-13,3.676905581491321e-19,0.0034260835007467625,3.724306565689457e-27,-4.024023447610842e-17,2.6826849444662744e-17,7.105904098183963e-15,-9.178979400968209e-28,3.746624615033943e-27,0.004110900412320758,1.4404585390980488e-13,4.8501352516973296e-14,6.0342278165850725e-25,1.718600291272642e-18,-4.0240234464307605e-17,1.44045854015684e-13,0.002056449289685266,-2.843091173171916e-15,-7.09652293249632e-21,-1.1458095936543142e-18,2.6826849432861813e-17,4.8501352516973296e-14,-2.8430911735169825e-15,0.0020564492896796138,4.731343368694217e-21,1.703713087322894e-13,7.105904091566518e-15,6.0334246051426405e-25,-7.09652305751922e-21,4.731343368603134e-21,0.004110900432226531,-0.0010174760914163333,0.003294041465096663,-1.2514916239534284e-19,2.424741549623371e-18,6.695169570417268e-19,-0.023395902726114973,0.06012701757777253,2.04376336847776e-09,1.9357546856692805e-25,-6.41119868814455e-22,-1.9169212207194584e-22,-1.0091642528078534e-05,2.043763368758766e-09,0.060127012543877964,-5.258591135428867e-25,2.088965369759349e-21,4.643610716809968e-22,-2.8460557917461018e-06,1.3100426755788389e-23,-5.000074735257353e-23,0.0027412664293735363,6.741643862119755e-16,2.0821380400790682e-16,-9.536844630030101e-26,-5.132475319844197e-22,1.6999760707989586e-21,6.741643862118188e-16,0.0006868131747381979,-4.914965430218016e-20,-1.8094082069654112e-25,-3.1956429992133886e-22,8.53350359006769e-22,2.0821380400788796e-16,-4.914965430184134e-20,0.0006868131747381981,1.1983113841313414e-25,-1.0091642528078534e-05,-2.8460557917461026e-06,-6.242494974247828e-29,-1.7846865311672221e-25,1.1777200866113066e-25,0.03538937736430239
1774036456490923099,236,1774036456447000742,center_camera,base_link_12,-0.6212499961394263,0.2537499205674773,-1.891503477017757e-19,0.0,0.0,0.9918712502627962,0.12724552212992596,0.004389091822323981,7.989733239187918e-19,-1.1688494637314282e-26,6.629933087528019e-19,-1.9890741758625763e-18,2.3833928287498153e-13,7.989767941999554e-19,0.004389091822323976,1.444246423403374e-26,-1.41974748191621e-17,4.2590309178186586e-17,1.0728834617937584e-14,1.3659431307082496e-26,-3.29158111465775e-27,0.005266510378869754,2.2039314722298932e-13,6.425588745615702e-14,-4.207515806244826e-30,6.629933087493056e-19,-1.4197475447600423e-17,2.2039314732886844e-13,0.0026342540963326553,-2.555949597623712e-17,-9.944859197140542e-22,-1.989074177091101e-18,4.259030919621842e-17,6.425588742968724e-14,-2.5559495976211877e-17,0.0026342540963381713,3.451854905380526e-21,2.3833928287498153e-13,1.0728834617937584e-14,9.799048043449171e-31,-9.94485923949142e-22,3.4518549052484396e-21,0.005266510424224501,-0.0009609773082574062,0.0030651657668427095,-6.311775635754372e-19,-7.20867102967036e-20,-1.8184148692234156e-18,-0.02194142855050007,0.05859178472585584,1.8779604229725077e-09,1.0310182837349706e-24,3.5328704449404324e-22,8.888031264097861e-22,-9.683208797197084e-06,1.8779604233756776e-09,0.058591780169640444,-3.2223839505630705e-24,-1.3837883358300433e-21,-2.7773713395021775e-21,-2.7922275572814255e-06,-2.1077273069287303e-22,1.106369248996112e-21,0.003511672972806193,1.6643968490478975e-15,5.216988131194372e-16,-2.901089640243912e-26,3.5329996587158586e-22,-1.383837892626937e-21,1.6643968490480786e-15,0.000879414147350518,-1.551224356981246e-19,-6.973649023476968e-26,1.040371500638997e-21,-3.3583826715443543e-21,5.216988131194732e-16,-1.5512243569812582e-19,0.0008794141473505185,1.7721927854671135e-25,-9.683208797197084e-06,-2.7922275572814238e-06,9.348703736045662e-29,-5.1450635541679513e-26,1.7980283509781428e-25,0.03494430713936066
1774036456557395154,237,1774036456524994373,center_camera,base_link_12,-0.6212499971870515,0.2537499462156757,1.165261104930595e-18,0.0,0.0,0.9918712601828222,0.12724544480389152,0.003901680937615442,3.73491847203605e-19,-1.9406343513809798e-26,-7.610569059917935e-19,-7.610039682991397e-19,1.6272817130724422e-13,3.7348613448749954e-19,0.0039016809376154413,-2.9893154045808664e-27,1.5011585145189564e-17,1.5010738467322445e-17,8.059418715290459e-15,2.2166480634668079e-26,-2.0564692163181868e-26,0.004681617312282806,1.3951746849592969e-13,4.429500307394378e-14,-5.989121232712182e-30,-7.61056875952844e-19,1.5011585145188424e-17,1.3951746870768792e-13,0.0023418078026278353,-1.0889774992745346e-17,5.834774608605149e-22,-7.610039690829935e-19,1.5010738467322078e-17,4.429500307394378e-14,-1.0889774992745346e-17,0.0023418078026278643,5.834645447412248e-22,1.6272817109548598e-13,8.059418728525349e-15,6.528733439569238e-31,5.834774635517471e-22,5.834645447412258e-22,0.004681617334392656,-0.0009461601792371669,0.0029782907689857646,-9.364182625247487e-19,2.447281830730232e-18,2.002122260878816e-18,-0.021089703442546417,0.05931305625703789,1.8035884054398973e-09,1.3675554528603154e-24,6.078986939438355e-22,-8.35667407555349e-22,-9.37220151638655e-06,1.803588405698575e-09,0.05931305197240492,-3.6472949523948525e-24,-1.8700285875522087e-21,2.546910753064582e-21,-2.7424316118527765e-06,4.655330813082223e-22,-1.585517725314381e-21,0.003121744397087557,8.470812899464923e-16,2.689374108391718e-16,-8.000440279492844e-27,5.822049393643231e-22,-1.8767315480027635e-21,8.470812899465795e-16,0.0007819329005288744,-6.604296361422705e-20,1.3685871429067497e-26,-8.099720255548102e-22,2.553613882875003e-21,2.6893741083916347e-16,-6.604296361422673e-20,0.0007819329005288748,1.1078708694143012e-26,-9.372201516386548e-06,-2.7424316118527756e-06,6.706067801275705e-29,1.2389075389939356e-26,1.2381451016325228e-26,0.03514761944869958
1774036456657421107,238,1774036456601279020,center_camera,base_link_12,-0.6212499968054782,0.2537499428706792,-2.0607129594223805e-18,0.0,0.0,0.9918712591076274,0.12724545318497532,0.003816231644928646,4.43079556839145e-19,1.1471520047804757e-26,-1.370120671579297e-18,-6.850338790954139e-19,1.7296206403355214e-13,4.430795600703192e-19,0.003816231644928644,-5.462383462238537e-25,2.536604360548958e-17,1.2682598490408819e-17,9.194027156722577e-15,-1.2256123977534775e-26,5.92454295348311e-25,0.004579078178654226,1.4508080799855024e-13,4.789807458199422e-14,-4.340223100344029e-29,-1.3701206726711621e-18,2.5366043605363503e-17,1.4508080810442936e-13,0.002290538129312136,-1.1177116597164119e-17,-5.76929508933729e-21,-6.850338793284759e-19,1.2682598494110769e-17,4.7898074608464e-14,-1.1177116958613875e-17,0.0022905381293121664,-2.8844408342135384e-21,1.7296206403355214e-13,9.194027169957467e-15,4.2452900293409536e-29,-5.769295089442303e-21,-2.884440834230908e-21,0.00457907820548154,-0.0009228703224059978,0.0028688028473862676,-7.849972462098608e-19,2.580640574092018e-18,-1.1567392822549037e-18,-0.02020659055768266,0.05950822606922807,1.7073624723993369e-09,1.687211514510952e-24,2.9207163554042484e-22,1.558028463575866e-23,-9.019723249831315e-06,1.707362472091823e-09,0.05950822208986273,-5.331257220784318e-24,-6.8620783368758125e-22,1.8065571808843295e-22,-2.6779444579101263e-06,-1.6706099548325317e-23,5.0629861532451074e-23,0.0030533849152033104,8.65249068309048e-16,2.7814251524784803e-16,4.76097972971847e-29,2.9207158065260985e-22,-6.8620785899677095e-22,8.652490683090431e-16,0.0007648426323391983,-6.482212435422438e-20,-2.1656769691776375e-25,-1.3130221622406512e-22,6.274742885493842e-22,2.7814251524784536e-16,-6.482212435377691e-20,0.0007648426323391989,-1.0883763742099205e-25,-9.019723249831315e-06,-2.677944457910128e-06,-3.7898720933652796e-28,-2.1818328478654367e-25,-1.106068482865867e-25,0.035201575893889024
1774036456724051206,239,1774036456683190107,center_camera,base_link_12,-0.6212499964389512,0.2537499403599856,-4.964494858440296e-19,0.0,0.0,0.9918712581872975,0.12724546035889645,0.004097553642537408,5.066776225786201e-19,-1.1401811482789658e-26,-2.98448612663703e-18,4.6355532413564467e-26,1.8001249311837145e-13,5.066744301784435e-19,0.004097553642537404,2.0215989132761343e-26,5.144479031715253e-17,-2.7970177334435214e-27,1.0227849080054816e-14,1.2605568356869901e-26,-2.7246150781013353e-26,0.004916664567206266,1.539040701598301e-13,5.1380020008010385e-14,3.686184944304462e-29,-2.9844861266398036e-18,5.144478971172467e-17,1.5390407005395098e-13,0.0024593313021239603,-2.749353779159731e-15,1.140972848715866e-20,-2.4872813651394646e-26,-2.795258056392318e-27,5.1380019955070825e-14,-2.7493537793444886e-15,0.0024593313021187614,5.5133902590988416e-30,1.8001249311837145e-13,1.0227849093289706e-14,-4.274931742001585e-29,1.1409728480411101e-20,-8.34656902574647e-31,0.004916664599344397,-0.0008897057652033649,0.0027296140801815207,1.1592228570755903e-18,1.3977114740014253e-18,-3.131040146936061e-20,-0.019215152714386542,0.059206903765141046,1.5951775838009098e-09,-2.438866220682168e-24,7.926945366051544e-22,-2.880389680542495e-22,-8.662625570957968e-06,1.5951775835284233e-09,0.05920690011115783,7.529702057734804e-24,-2.1170078832268142e-21,1.1522061827538381e-21,-2.614264385133797e-06,1.7565372278021968e-23,-5.331752515901475e-23,0.0032784424949703263,1.0563203637516678e-15,3.4398050747880753e-16,1.8992451316418217e-27,7.927043561785109e-22,-2.1170454259632065e-21,1.056320363751838e-15,0.0008211069460605782,-8.301996817920694e-20,5.255272849038291e-25,-2.8804335957460486e-22,1.1522050307265481e-21,3.4398050747875995e-16,-8.301996817893947e-20,0.0008211069460605786,-7.14232057157067e-28,-8.662625570957966e-06,-2.6142643851337965e-06,-1.0128997007355458e-27,4.636880318723313e-25,9.352105896936115e-29,0.035112672618985964
1774036456790689855,240,1774036456755406618,center_camera,base_link_12,-0.6212499969851836,0.2537499522064395,2.028781005201871e-19,0.0,0.0,0.9918712627432043,0.12724542484585216,0.0036128248593673955,3.356970861366563e-19,4.674365690801612e-28,-2.0851340702577572e-26,2.136573212967701e-18,1.449907523026311e-13,3.356970893678306e-19,0.003612824859367394,-1.0397800592394686e-26,3.446548039619606e-25,-3.467538186549612e-17,8.797873513356216e-15,-8.806647266963049e-28,2.069048368467421e-27,0.004334990036358844,1.2288330768165382e-13,4.4489583006131e-14,1.4290459189937656e-31,1.1601810293863264e-26,-1.913462261301601e-25,1.228833075757747e-13,0.002168494104004137,-2.8451046151205068e-15,2.018396750127013e-29,2.1365732454207782e-18,-3.467538186549695e-17,4.448958297966122e-14,-2.8451046156368257e-15,0.0021684941039984717,3.3582808785791365e-21,1.449907523026311e-13,8.797873513356216e-15,1.4769276428503458e-30,-4.362476584541638e-29,3.358280912200865e-21,0.004334990058275892,-0.0008744130026559334,0.0026522114534408944,6.819752880626777e-19,2.775742498023019e-19,1.921712259877861e-18,-0.01852484743338308,0.059847188379503216,1.5215375218526298e-09,-4.0347594270184276e-25,-1.178355517934223e-21,-6.448208043912575e-22,-8.355572842200499e-06,1.521537521785744e-09,0.059847184959747696,1.1801042358254457e-24,3.577075828028624e-21,1.9675827062150163e-21,-2.5524655329222465e-06,2.1204198556473527e-22,-8.264107654110908e-22,0.0028906595130347755,6.395664303032296e-16,2.1064289390474003e-16,-5.25534085258219e-26,-1.178347771485924e-21,3.5770519673889686e-21,6.395664303033487e-16,0.0007241614537086826,-4.2550502578875633e-20,2.5684486383997523e-26,-6.448193364162728e-22,1.967582988116439e-21,2.1064289390479197e-16,-4.255050257833053e-20,0.0007241614537086826,1.0435662636254267e-25,-8.355572842200499e-06,-2.552465532922248e-06,1.547178195983956e-28,2.074341461623221e-28,1.0435591226653335e-25,0.035295541260846885
1774036456890705749,241,1774036456838815928,center_camera,base_link_12,-0.6212499960672783,0.2537499411689816,1.5144389733269504e-18,0.0,0.0,0.9918712585952284,0.12724545717909735,0.004172464727548427,5.34746077348092e-19,2.4301300534450844e-26,-2.453295517311249e-26,7.4872455109872e-19,1.7740663924306567e-13,5.347494248446334e-19,0.004172464727548422,-1.9416682228062416e-25,2.3591278395759962e-27,-1.1481783577714775e-17,1.1356214478384086e-14,-2.634735070737022e-26,2.1163011666624443e-25,0.005006557871403585,1.568620218670241e-13,5.2317212995055005e-14,-2.377861739435006e-25,1.295969957373846e-26,2.314605638578376e-27,1.5686202207878234e-13,0.0025042778990269814,-7.778378392709115e-18,2.8587524855887603e-26,7.487245885876754e-19,-1.148178417752333e-17,5.2317212968585225e-14,-7.778378197551238e-18,0.002504277899021678,-2.0166432727073147e-21,1.7740663924306567e-13,1.1356214491618976e-14,-2.3779122808871666e-25,2.866087097280697e-26,-2.0166432683943515e-21,0.005006557908502797,-0.0008341563574234343,0.002497774706833269,-7.213797685140603e-19,6.351629253255187e-19,-6.633281735597009e-19,-0.017531505955374706,0.059070745212384396,1.4007979108520595e-09,1.62308434948392e-24,-5.601141991735078e-24,4.397440778270182e-22,-7.99267983305783e-06,1.4007979106431116e-09,0.059070742110994445,-5.051138507438885e-24,1.6986523670449785e-23,-1.3140554230422329e-21,-2.4822818579420426e-06,1.8908243628492248e-23,-7.132043785682189e-23,0.003338371333335974,1.0887989273071914e-15,3.631417114549772e-16,6.816607192989116e-26,-5.598594360485407e-24,1.698718323514582e-23,1.0887989273070904e-15,0.0008360889491804498,-8.248345947801516e-20,-6.3750812365878445e-28,4.397572508886106e-22,-1.314095495271276e-21,3.631417114550342e-16,-8.248345947833072e-20,0.0008360889491804495,-9.7164573869489e-26,-7.992679833057832e-06,-2.482281857942042e-06,2.947220979300499e-28,-6.385934698453495e-28,-9.716447993759583e-26,0.03507121109787142
1774036456957415981,242,1774036456919044018,center_camera,base_link_12,-0.6212499966737494,0.25374995282794804,-1.0607908754827374e-18,0.0,0.0,0.9918712629523533,0.12724542321554658,0.004013403857295491,3.532705964114822e-19,-4.3014474771303065e-26,2.491356338485273e-18,-2.4912505277433243e-18,1.4265558114638936e-13,3.5326464458848094e-19,0.00401340385729549,5.198959752679038e-25,-3.603256624408941e-17,3.60330957338462e-17,9.705929572866913e-15,4.6489118867835726e-26,-5.575531851346297e-25,0.004815684818121777,1.2696521557040505e-13,4.5546231064493427e-14,7.591564928488348e-31,2.491356371197827e-18,-3.603256624398252e-17,1.2696521557040505e-13,0.0024088415112872054,-5.733971908337262e-15,1.8917008058360877e-22,-2.491250526899852e-18,3.6033095223883175e-17,4.554623098508409e-14,-5.733971907999213e-15,0.0024088415112757467,-1.8914907724522443e-22,1.4265558093463112e-13,9.705929546397133e-15,-2.5977870275757928e-30,1.891700831008731e-22,-1.8914906483298207e-22,0.004815684843981798,-0.0008113414250978533,0.002399791463606315,-2.9725397814987856e-19,2.2700726292506603e-18,-1.132972107844561e-18,-0.016774790439921555,0.05939466392283967,1.319353692269069e-09,2.0032573121093007e-25,-8.034043955397888e-22,1.1156876653904728e-21,-7.692764168558452e-06,1.3193536923998992e-09,0.0593946610530881,-3.9492290432505194e-25,2.3902355701340823e-21,-3.461706163713717e-21,-2.4222202246967633e-06,-2.877055962352808e-22,8.754228922039638e-22,0.0032111227093167393,7.895410680485329e-16,2.6653403878958226e-16,2.4490547316521477e-27,-8.034024161993706e-22,2.3902364473269192e-21,7.895410680484636e-16,0.0008042773127591088,-5.483206685385105e-20,2.2036023314092297e-26,1.2039276841732336e-21,-3.913776022739576e-21,2.6653403878951417e-16,-5.483206685427901e-20,0.0008042773127591091,-2.0539197038993733e-26,-7.692764168558452e-06,-2.4222202246967633e-06,-4.6061119390546695e-30,2.2036047395606616e-26,-2.1748979173331067e-26,0.03516194749240154
1774036457057858357,243,1774036456998311281,center_camera,base_link_12,-0.6212499965537206,0.2537499535063848,7.575577045980893e-19,0.0,0.0,0.9918712632590508,0.12724542082485604,0.003965362488741431,3.566846648363469e-19,-9.437007248589241e-29,1.590087906279871e-18,-7.950025910816426e-19,1.4068034944130327e-13,3.566877570701212e-19,0.0039653624887414285,1.3495935533171513e-27,-2.1937235642627892e-17,1.0968326774924987e-17,1.0087409124810812e-14,-9.36297110669931e-29,1.0733599551952731e-27,0.004758035181957697,1.21217484830222e-13,4.1406179313761975e-14,1.0332084337481706e-25,1.5900879062798705e-18,-2.1937235642627843e-17,1.2121748477728243e-13,0.0023800166576521983,-2.8195936733395573e-15,-3.2693557641100602e-21,-7.950026250783867e-19,1.096832678883529e-17,4.1406179287292196e-14,-2.8195936735152398e-15,0.0023800166576522118,1.9899780632438528e-21,1.406803496530615e-13,1.0087409124810812e-14,1.034048854404669e-25,-3.2693557641184342e-21,1.9899779973370307e-21,0.0047580352092885005,-0.0007864799482666574,0.002298710581289849,4.976028099920049e-19,-1.1866762269035916e-18,3.601262434369325e-19,-0.01603869726041944,0.05954437695966285,1.2354091812396282e-09,-9.006284584356293e-25,2.9325156592940095e-22,-5.490375685002709e-22,-7.386488975517527e-06,1.235409180856205e-09,0.05954437431733797,2.7770542604133883e-24,-9.997641571885339e-22,1.751541251032745e-21,-2.3571946199156766e-06,-8.97670702281518e-25,2.764908673131188e-24,0.0031726895987266245,7.600748692014934e-16,2.5963041979254463e-16,2.7762766767080643e-28,2.9325156592814665e-22,-9.997641571839079e-22,7.600748692015338e-16,0.0007946689024470551,-5.0680688091260843e-20,-9.746183379960672e-26,-4.294861421039024e-22,1.2932527550548605e-21,2.5963041979257027e-16,-5.068068809102778e-20,0.0007946689024470553,5.938298325146835e-26,-7.386488975517527e-06,-2.357194619915676e-06,-1.2954608650660589e-28,-1.0069616314421746e-25,6.342917695305037e-26,0.03520437569952812
1774036457124138895,244,1774036457074806213,center_camera,base_link_12,-0.6212499966084737,0.2537499562933534,5.3523256688184544e-20,0.0,0.0,0.9918712643309793,0.12724541246923105,0.0038267459151955854,3.2600178618745324e-19,-1.553268411286218e-27,-6.443943760710552e-29,3.814035746969938e-30,1.3243494459158508e-13,3.260049171953187e-19,0.003826745915195583,2.025455843935327e-25,-1.1963882129648766e-26,-1.1239913391364898e-28,9.974188017461453e-15,7.779344980208883e-28,-2.0836384365268496e-25,0.004591695300146267,1.1328170662750463e-13,3.9132839048040726e-14,-1.8013859857348496e-29,1.6328478010413495e-28,1.6586179060260648e-27,1.1328170668044419e-13,0.0022968467054568778,-7.062419647896785e-18,3.0475166716203704e-31,3.714645538167676e-30,-9.980476481136831e-29,3.9132839021570947e-14,-7.062419647896785e-18,0.002296846705456897,9.762412697546298e-30,1.3243494448570597e-13,9.974188030696343e-15,2.183412228389868e-29,-1.6337114650335782e-30,-1.8693561669204663e-29,0.0045916953263164745,-0.0007638807010056925,0.0022075144630354436,-1.4636444715852678e-18,-3.150624482612274e-19,6.287302087609853e-19,-0.015372863638952634,0.0597802684155175,1.1576949267286746e-09,1.7051234686062125e-24,5.267862031314892e-22,-2.6356338898983488e-22,-7.088154765549224e-06,1.1576949265641196e-09,0.05978026598028392,-4.784872703942974e-24,-1.4050279750706334e-21,7.030305376382203e-22,-2.2902277657467327e-06,-3.006326725635633e-22,9.09111146616118e-22,0.0030617963381315994,6.614775958583944e-16,2.285055224768218e-16,1.911548200732582e-27,6.723832031241365e-22,-1.8479359194485117e-21,6.614775958581646e-16,0.0007669455455669166,-4.1187652846430985e-20,-1.0032475219771546e-27,-2.635633935039463e-22,7.030305371523231e-22,2.2850552247676184e-16,-4.118765284642769e-20,0.0007669455455669163,-2.88036509342241e-26,-7.088154765549224e-06,-2.2902277657467327e-06,-4.304842362551235e-28,9.045324920975582e-29,2.0954503082675016e-29,0.03527280017102562
1774036457190767690,245,1774036457152924538,center_camera,base_link_12,-0.6212499964189739,0.25374995584427423,3.627350938438917e-20,0.0,0.0,0.99187126416121,0.12724541379257365,0.003907915500403983,3.442174083374705e-19,-1.7703979323882227e-29,7.568874407494823e-19,-2.270768220108822e-18,1.3368862566895932e-13,3.44207737432887e-19,0.003907915500403982,-1.4409567906512307e-26,-9.49072498888905e-18,2.84721760844321e-17,1.0533559920210263e-14,2.7368409677730344e-29,3.0340746792791606e-28,0.00468909880362448,1.1901870990716894e-13,4.022209279267476e-14,-7.337925234925801e-26,7.568874763759685e-19,-9.490725558915476e-18,1.1901870985422938e-13,0.002345548423019301,-2.7556672327312303e-15,-9.691402816752753e-22,-2.270768220108824e-18,2.8472176066617955e-17,4.022209279267476e-14,-2.755667232362706e-15,0.002345548423024555,2.907703400210802e-21,1.3368862566895932e-13,1.0533559920210263e-14,-7.338205385100413e-26,-9.691402784569816e-22,2.9077034001179647e-21,0.00468909883288535,-0.0007370224273325976,0.0021057552359168403,3.959019119831759e-19,-1.848971439139874e-18,-1.932038116859884e-18,-0.014684234177587824,0.05971284184505691,1.0750353716252975e-09,-4.547456991138683e-25,-2.428884812826273e-22,7.417448000562828e-22,-6.784000671007218e-06,1.0750353715545918e-09,0.05971283961850831,9.445163071508166e-25,6.983410573332474e-22,-2.1325986282556045e-21,-2.220412385510917e-06,2.478082075333195e-22,-9.507291724917847e-22,0.003126731987821121,7.010871581487961e-16,2.449237297706453e-16,-2.8355155006674877e-27,-2.428780338198421e-22,6.983094621163165e-22,7.010871581487259e-16,0.0007831793300281193,-4.3279190880696066e-20,-5.977971732467658e-26,7.417449622100619e-22,-2.132599638409668e-21,2.44923729770647e-16,-4.3279190881186e-20,0.0007831793300281193,9.706662832644044e-26,-6.784000671007218e-06,-2.2204123855109166e-06,-1.5009739957475814e-28,-3.17945781909531e-26,9.707271476050859e-26,0.03525514731816046
1774036457290795497,246,1774036457231951952,center_camera,base_link_12,-0.621249996465819,0.2537499582435947,-4.766328968958939e-19,0.0,0.0,0.9918712650164728,0.12724540712584462,0.003953370017414619,3.1686684940446655e-19,1.1369248710377256e-26,7.837261479044503e-19,8.823563050440414e-28,1.2638454123901904e-13,3.168700030305519e-19,0.003953370017414615,-1.8143237805083307e-25,-9.361707178276096e-18,1.438584982919602e-26,1.0412834974450957e-14,-1.2263422378020443e-26,1.9669121492706294e-25,0.004743644219715188,1.087981598556044e-13,3.843829455707464e-14,-3.056237205990513e-25,7.837261479063732e-19,-9.36170717830686e-18,1.0879815990854396e-13,0.0023728211513713185,-2.7808234834733154e-15,-2.4783916338507165e-21,-7.071345749628782e-30,1.3326830879407982e-28,3.843829455707464e-14,-2.780823483292868e-15,0.0023728211513713293,-1.61419210665959e-25,1.2638454123901904e-13,1.0412834974450957e-14,-3.056194878508976e-25,-2.478391637328402e-21,-1.6141921079738104e-25,0.004743644248414706,-0.0007109884474417309,0.002008305895776676,8.802115111563453e-19,-1.2383326865309893e-18,-6.10096981358308e-19,-0.014025395674669318,0.059703327349101276,9.978654779612195e-10,-9.700517038853846e-25,7.997326639108282e-23,-7.716620906641119e-22,-6.4949986196265865e-06,9.978654776171569e-10,0.05970332531373637,2.4451885196760265e-24,-5.127829048898651e-23,2.3612008667280363e-21,-2.15320164090691e-06,-9.790453727504394e-25,2.472320904172791e-24,0.0031630956098281887,6.780384566734962e-16,2.395500200089459e-16,-1.219923008161478e-25,7.997317521228392e-23,-5.1278390746502937e-23,6.780384566736258e-16,0.0007922703112334079,-4.087592088107903e-20,-3.9845246650405476e-26,-8.650143463930791e-22,2.8394711248700063e-21,2.395500200089896e-16,-4.087592088131898e-20,0.0007922703112334079,3.5779244085006856e-27,-6.4949986196265865e-06,-2.1532016409069106e-06,-5.768687919151655e-28,-9.845761498495282e-26,1.2121740883927117e-28,0.03525391107341829
1774036457357554189,247,1774036457308833361,center_camera,base_link_12,-0.6212499966056647,0.2537499614770889,-1.6884944729149753e-18,0.0,0.0,0.991871266201784,0.12724539788640576,0.0038460697398545367,2.777743615098701e-19,1.1506506960431841e-26,-7.625589089680972e-19,3.050235524758785e-18,1.1673934202264613e-13,2.777743631254572e-19,0.003846069739854536,1.9010704258209816e-25,8.785592924798676e-18,-3.514448739239251e-17,1.0038411723118389e-14,-1.1305181585215096e-26,-1.9823754836310095e-25,0.004614883889237972,9.969717157866674e-14,3.1662343613607114e-14,1.0888236950761008e-24,-7.625588744098864e-19,8.785592651959773e-18,9.969717152572718e-14,0.002308440997134528,-2.7960063906785775e-15,-3.2540990992017494e-21,3.050235559091953e-18,-3.514448768252911e-17,3.1662343613607114e-14,-2.7960063905002066e-15,0.0023084409971347816,1.1880188665514088e-20,1.1673934202264613e-13,1.0038411723118389e-14,1.0888989257400723e-24,-3.2540991025033406e-21,1.1880188533899233e-20,0.004614883915855549,-0.0006883229943622454,0.0019229968512083208,-4.54668606865566e-19,2.428729596996971e-19,-6.162366781025432e-19,-0.013434982003243813,0.05988383727019289,9.293745902109122e-10,4.936627799835827e-25,5.208877908072877e-22,-8.497888703532664e-22,-6.221311718034592e-06,9.293745902461665e-10,0.05988383540360834,-1.2623654026669344e-24,-1.301814112013346e-21,2.389920121836335e-21,-2.087164366944953e-06,-1.8003245428336182e-22,9.236240555133627e-22,0.003077255395886373,5.880506089338748e-16,2.1003962828741712e-16,3.4077359037134332e-28,4.0230150443394544e-22,-8.472262437603604e-22,5.880506089338896e-16,0.000770810299246374,-3.3228140827766054e-20,-1.1521310252688995e-25,-9.967874906171282e-22,2.8370950729073887e-21,2.100396282874322e-16,-3.322814082798984e-20,0.0007708102992463739,4.807079281863749e-25,-6.221311718034592e-06,-2.0871643669449523e-06,-3.8557873511801626e-28,-1.1583327251413037e-25,4.237180822028809e-25,0.03530749182841015
1774036457457331423,248,1774036457390864134,center_camera,base_link_12,-0.621249996334646,0.2537499600496277,-1.6645840934373538e-18,0.0,0.0,0.9918712656060599,0.1272454025300441,0.004103537954474073,3.0768253704749384e-19,-7.533677487425095e-28,7.912407929001264e-19,7.912407472886287e-19,1.2075078809925148e-13,3.076825402786681e-19,0.004103537954474071,-2.5938445465588093e-27,-8.752204096153266e-18,-8.752204083987024e-18,1.080871011603124e-14,1.7135246246111656e-28,-1.9758255471057418e-27,0.004923845739889013,1.048124403401291e-13,3.786394157963444e-14,5.3595030680486466e-30,7.912407222281849e-19,-8.752204113821312e-18,1.048124403401291e-13,0.002462921896063433,-6.1345510279945555e-18,-2.8044912922107775e-22,7.91240747288575e-19,-8.752204116675153e-18,3.786394155316466e-14,-6.1345510280008664e-18,0.002462921896063447,-2.8044913347593538e-22,1.2075078809925148e-13,1.080871012926613e-14,-5.1154915067557736e-30,-2.804491335760341e-22,-2.8044913402931354e-22,0.004923845771721309,-0.0006586289908646219,0.001818755657410217,-2.365813895941469e-19,-6.160891657823426e-19,2.3588363334836163e-18,-0.01277696244735472,0.05956735528959838,8.533559891232766e-10,3.355668334901245e-25,-4.448591901031079e-22,6.93274857736679e-22,-5.941649719026009e-06,8.533559891283975e-10,0.059567353598926086,-8.71439669556646e-25,1.2789271179168392e-21,-1.9464220175981254e-21,-2.020172578152508e-06,-6.150599458352417e-23,-1.697421218232311e-23,0.0032832299476747537,7.037654875108403e-16,2.5423828134003903e-16,-1.5190360123948844e-26,-4.44863301756273e-22,1.2789252799124107e-21,7.037654875106617e-16,0.0008223038376319528,-4.113728978677443e-20,-9.075733943790509e-27,5.643559983638586e-22,-1.452233508598992e-21,2.54238281339926e-16,-4.1137289786774724e-20,0.0008223038376319521,1.0201835392055987e-27,-5.941649719026009e-06,-2.0201725781525074e-06,-1.0489812884542167e-28,-7.458664935868276e-27,-7.366603966271416e-27,0.03521885759318058
1774036457490650392,249,1774036457459354162,center_camera,base_link_12,-0.6214999401738427,0.2537499694750076,-2.0329269516866866e-18,0.0,0.0,0.9918712691140936,0.12724537518510154,0.003426500735994406,1.8526016828116374e-19,1.6348299779202258e-28,8.674062219996797e-28,2.7631927539477536e-18,9.284037782547979e-14,1.85257082509738e-19,0.0034265007359944024,1.6412130370695253e-25,1.7545728075737736e-25,-2.9404490232361685e-17,8.653106927052526e-15,1.8602568166192248e-28,-1.9516974071465307e-25,0.004111401093766728,7.727271503042151e-14,2.4172726436859015e-14,2.8990138445204846e-30,1.3268033075157818e-28,-1.036974454526187e-25,7.727271513630063e-14,0.002056699634038096,-2.844047542677568e-15,1.5711663539539762e-30,2.7631927871702027e-18,-2.940448996994604e-17,2.4172726436859015e-14,-2.8440475426775617e-15,0.0020566996340326354,7.582682821071706e-21,9.284037782547979e-14,8.653106927052526e-15,2.3376713571667964e-31,3.1437135273264007e-30,7.582682824901383e-21,0.004111401113553588,-0.0004122882209145582,0.001827675216115165,2.248151478616491e-20,2.117023253770193e-18,-3.9834832098541183e-19,-0.012361967795734107,0.060351032875811256,8.071810398459544e-10,-1.2883690299763914e-25,2.2806138497810105e-22,-3.081363890863767e-22,-5.71432956749819e-06,8.071810397685782e-10,0.06035103130187969,6.203780304894495e-26,-6.081336091989477e-22,8.664790354141052e-22,-1.960980040113406e-06,1.0158279740842563e-22,-3.9616074563045946e-22,0.0027416002190372574,3.617447043072463e-16,1.3199006723585807e-16,3.241658162088723e-27,3.0435999299856325e-22,-7.994217243392765e-22,3.6174470430727016e-16,0.0006868966357413011,-1.6822890654018795e-20,-4.6901347901203097e-26,-3.844334869139273e-22,1.0577668125646604e-21,1.3199006723586397e-16,-1.6822890654020396e-20,0.0006868966357413015,2.442514308505751e-25,-5.71432956749819e-06,-1.960980040113406e-06,1.2963996740409383e-28,1.0110009189069031e-27,1.9472502083498522e-25,0.035444691490815645
1774036457590755383,250,1774036457545029163,center_camera,base_link_12,-0.6212500655643446,0.25374995782808746,2.1370886702812117e-19,0.0,0.0,0.99187126464349,0.1272454100332262,0.004285749285156121,3.8233141194643124e-19,-6.4271456450405495e-27,9.182712009432387e-19,9.182802822777908e-19,1.2713963765369484e-13,3.823279226821188e-19,0.004285749285156119,2.0414865963664907e-25,2.9991027329678245e-17,2.9991132927001707e-17,-3.0199756285822487e-15,6.82086909511614e-27,-2.1882849432311877e-25,0.005142499339224594,1.2047174659436614e-13,3.051453818709854e-14,-2.2448760375721517e-25,9.182711911056483e-19,2.999102698646648e-17,1.204717466473057e-13,0.002572248576632795,-9.824973501295745e-18,-4.48674750963916e-21,9.182802924538396e-19,2.999113292700925e-17,3.051453821356832e-14,-9.824973501283123e-18,0.0025722485766432024,-4.487167397058199e-21,1.2713963775957396e-13,-3.019975631890971e-15,-2.2444197654833057e-25,-4.486747588091625e-21,-4.487167398772084e-21,0.00514249938264734,-0.0007300309615632908,0.0016020864769838825,1.2695971681265053e-18,2.987404177905211e-19,-1.0909506744324372e-18,-0.011626096164254408,0.05896567899614939,7.087364172357821e-10,-1.359253583381453e-24,7.748942855797774e-22,1.6198731262164768e-21,-5.435766638918654e-06,7.087364170753978e-10,0.058965677588739905,5.944193995297197e-24,-3.3924720207459954e-21,-5.8250509439846405e-21,-1.8050830433302483e-06,7.975791176691828e-24,-2.983704849800931e-23,0.0034289989467117337,8.552421109456108e-16,1.9653780442800064e-16,7.051452351359329e-26,7.003196480154994e-22,-3.1066058966966143e-21,8.552421109455735e-16,0.0008587456417786525,-3.1612255669824455e-20,-2.0644823001947785e-25,1.6288080324802151e-21,-5.822720096261279e-21,1.9653780442798136e-16,-3.1612255669821843e-20,0.0008587456417786525,-2.414341963340348e-25,-5.435766638918653e-06,-1.8050830433302496e-06,6.0225993083047515e-28,-2.4110822920851314e-25,-2.414008109451276e-25,0.035048449702921404
1774036457657427060,251,1774036457624812841,center_camera,base_link_12,-0.6212499946946761,0.25374996984131803,6.240739891133599e-19,0.0,0.0,0.991871269056163,0.12724537563666774,0.003991183260935367,1.7331645894889656e-19,1.7655760339024242e-26,2.837071317633715e-18,-7.092878427675577e-18,9.138354457779432e-14,1.7331645248654802e-19,0.003991183260935365,-1.6690038553468567e-26,-1.6150879748982158e-17,3.792223901942689e-15,1.5558503271934248e-14,-2.1305240770904903e-26,-3.816879537512352e-26,0.004789020100066835,7.200958258609316e-14,3.078312071443963e-14,3.6650393392167596e-30,2.837071317990335e-18,-1.6150879493820762e-17,7.20095825331536e-14,0.002395509175958364,2.898181126218147e-15,-7.061963386875515e-22,-7.092878361891059e-18,3.792223901942689e-15,3.078312066150007e-14,2.898181126218166e-15,0.0023955091759641873,1.8062818872164355e-21,9.138354457779432e-14,1.5558503271934248e-14,9.904001410614418e-31,-7.061963438209392e-22,1.8062818905419564e-21,0.004789020124333008,-0.0007047519037241573,0.001535610862545545,5.2112256469544e-19,-2.5824453195529513e-18,1.8968483955406163e-19,-0.011142434543595047,0.05945260163558536,6.642734419773854e-10,-2.1344562801433846e-24,-1.0549217127686795e-21,6.223054562251467e-20,-5.200087555129684e-06,6.64273442091319e-10,0.059452600349775876,7.268562111087125e-24,3.417835674762413e-21,-2.3661452084548307e-19,-1.7832397784081272e-06,-9.625272459152812e-23,-4.6106842249951205e-23,0.00319334624393414,4.83594398666762e-16,2.21674217935342e-16,9.771312681598058e-28,-1.0010212756435351e-21,3.431910952948739e-21,4.835943986668403e-16,0.0007998332850997092,-2.902384654088375e-20,-7.201227203723505e-27,6.223054906962817e-20,-2.3661451994622127e-19,2.2167421793537972e-16,-2.902384654088073e-20,0.0007998332850997086,-1.8368666514419288e-24,-5.200087555129685e-06,-1.7832397784081272e-06,1.0223249437918344e-28,-6.514909408997823e-27,-1.8368658187038264e-24,0.035185983311509454
1774036457757939823,252,1774036457696292877,center_camera,base_link_12,-0.6212499949760958,0.25374997192398036,-1.0397792358575332e-18,0.0,0.0,0.9918712698571439,0.12724536939306177,0.0035760010922068677,1.538652486835753e-19,-2.1817479409072417e-26,3.4451091659777347e-18,4.5935758556519044e-18,8.538226585391636e-14,1.5386839584731211e-19,0.0035760010922068685,6.2046546793726445e-27,-1.9338970225335977e-17,-3.646214599975729e-15,1.4804489934465308e-14,2.6216871481044876e-26,-5.464806813454592e-27,0.004290801520653922,7.001122158759111e-14,2.8332837515968225e-14,2.0720291805153037e-30,3.4451091659752857e-18,-1.9338970225335367e-17,7.001122179934934e-14,0.002146399821807637,2.7956034277684096e-15,-1.0367612028381112e-21,4.5935759228414056e-18,-3.6462146002508015e-15,2.8332837489498445e-14,2.7956034277684285e-15,0.0021463998218188623,-1.6288634746411312e-21,8.538226564215812e-14,1.4804489934465308e-14,-5.4570630124479644e-30,-1.0367612024525784e-21,-1.6288634742176766e-21,0.004290801543324085,-0.0006837604663212698,0.001480579113304952,1.2336438655155874e-18,-1.7728829465100597e-18,-6.653914206077613e-19,-0.010739123154977654,0.059995797108771017,6.238465420072807e-10,-1.4418617970097634e-24,-5.095024069847784e-23,-1.2344551757284592e-21,-4.9722200934392225e-06,6.238465420518924e-10,0.059995795928292184,2.9137644339777932e-24,-1.3491451923183235e-22,1.653755242921393e-21,-1.7474240139472113e-06,1.038852554779118e-22,3.039020461883083e-23,0.0028612004890179858,3.569721624662564e-16,1.6468293600852448e-16,-3.391050371363908e-27,-5.0950241595653684e-23,-1.3491451977772515e-22,3.569721624663288e-16,0.0007167966069059295,-1.8469795277988385e-20,-2.6550082465361735e-26,-1.1818354282016928e-21,1.6674686313358495e-21,1.6468293600854448e-16,-1.846979527799109e-20,0.0007167966069059293,-1.3158069606673458e-24,-4.9722200934392225e-06,-1.7474240139472113e-06,-7.168778719919836e-29,-2.0015074687941188e-26,-1.314954782370724e-24,0.035341994157049084
1774036457824085114,253,1774036457781108141,center_camera,base_link_12,-0.6212499937280571,0.2537499654864056,-6.659510636405699e-19,0.0,0.0,0.991871267306076,0.1272453892785072,0.0042427624417489575,2.4991385219157575e-19,-2.639109078069426e-26,-3.590588089267353e-18,4.787274472657779e-18,1.0425600973281986e-13,2.4991721261281424e-19,0.0042427624417489575,9.477923607951567e-26,1.989678883603334e-17,3.4003514593564945e-15,1.824360496744999e-14,2.664155554336532e-26,-1.091522919800712e-25,0.005090915125938829,9.342113463669903e-14,3.79067883442246e-14,-9.002886096392359e-31,-3.59058816488282e-18,1.9896788854949006e-17,9.342113463669903e-14,0.002546456515636208,5.3067928939256936e-15,-5.336051989843203e-21,4.787274474743691e-18,3.4003514593565024e-15,3.7906788317754823e-14,5.306792894122877e-15,0.0025464565156256124,7.155672166591593e-21,1.0425600973281986e-13,1.824360496744999e-14,-1.7817524190971908e-30,-5.3360519953984885e-21,7.155672095707626e-21,0.005090915165048248,-0.0006410132279565246,0.0013777797406654803,-5.990412813215524e-20,4.826418503944311e-19,-5.293280413309999e-19,-0.010138253202293382,0.05901943125964636,5.638472724579705e-10,3.246256769511228e-26,1.5928027715283111e-21,-2.3122459435631964e-20,-4.6999213252776005e-06,5.638472722847326e-10,0.0590194302186987,1.433568569775113e-25,-3.112228911860849e-21,8.827380670107024e-20,-1.716744423452875e-06,-1.3591913638518996e-22,-3.5333777151634974e-23,0.00339460949688443,6.43532962167691e-16,2.9899309224109446e-16,7.313920699562362e-26,1.5927970607999368e-21,-3.1122289666108925e-21,6.435329621678874e-16,0.0008501484499547305,-3.8427851815915034e-20,-2.644603389179892e-25,-2.3190365884845052e-20,8.825609196404e-20,2.9899309224114426e-16,-3.842785181624575e-20,0.0008501484499547305,3.0258147983145765e-24,-4.6999213252776005e-06,-1.7167444234528754e-06,-6.212303332148534e-29,-2.9851104201946306e-25,3.024626873691937e-24,0.035060972964269216
1774036457890698965,254,1774036457861902475,center_camera,base_link_12,-0.6212499951119055,0.25374997350874545,-1.3898753267147734e-18,0.0,0.0,0.9918712702587804,0.12724536626232588,0.004041716074264559,1.4594083902827168e-19,-1.2720498431132937e-27,5.117368522414931e-18,3.837946945877584e-18,8.02803062564564e-14,1.459437567786355e-19,0.004041716074264558,-2.61455423676041e-27,-2.7893484194753126e-17,3.712047514717785e-15,1.439767188159522e-14,1.5733634550519996e-27,-2.9519183017831282e-27,0.004849659475567556,7.100832786197299e-14,2.722226204622767e-14,-3.635391473464836e-27,5.117368458049071e-18,-2.789348417195497e-17,7.100832791491254e-14,0.002425828854868349,2.8896208345709958e-15,8.819330509094397e-22,3.83794700856654e-18,3.712047514467029e-15,2.722226209916723e-14,2.889620834571002e-15,0.0024258288548625762,6.961432643174998e-22,8.028030615057729e-14,1.439767188159522e-14,-3.6350207018862634e-27,8.819330486726322e-22,6.96143265791705e-22,0.004849659500928426,-0.0006160687191118613,0.0013147244610002165,9.323819528827907e-19,-1.3712043563106468e-18,-9.680103946393992e-19,-0.009701874603420445,0.05939899131713557,5.240288620471753e-10,-1.2449856109256419e-24,-1.4712478650013279e-21,-4.151420439930033e-21,-4.485046201810299e-06,5.24028862366537e-10,0.05939899037205984,2.597510055795072e-24,3.2250913168596804e-21,1.6725382283943616e-20,-1.6829272341294287e-06,-1.2436072142285101e-24,2.597868305560433e-24,0.0032337724892173695,4.359729325419136e-16,2.0399173659560457e-16,-6.347474539187408e-27,-1.4138082655788407e-21,3.004892366724571e-21,4.359729325417489e-16,0.0008099398131847377,-2.3240055533307623e-20,3.202596926656502e-26,-4.038920231472025e-21,1.651953093691821e-20,2.039917365954927e-16,-2.3240055533310033e-20,0.0008099398131847375,-1.3264123179852828e-24,-4.485046201810299e-06,-1.6829272341294287e-06,1.0428668987016364e-28,3.3123618591499316e-26,-1.3212740261339369e-24,0.03516768509587662
1774036457990859435,255,1774036457931568146,center_camera,base_link_12,-0.6212499956493704,0.2537499767372066,1.4551916239088102e-20,0.0,0.0,0.9918712714897367,0.1272453566670823,0.00348528282838675,1.1613567655747919e-19,2.3458279163735356e-26,3.0457974988440288e-18,-6.091406469888657e-18,7.082634336265099e-14,1.161294323132067e-19,0.003485282828386749,5.4466821756374554e-27,-1.6354175743257806e-17,-3.610579879653401e-15,1.293599777444174e-14,-2.4330974928159132e-26,-6.109395849133194e-27,0.004181939605264569,5.3625502339478285e-14,3.1346725651107455e-14,3.893483451618872e-30,3.045797466961628e-18,-1.6354175745689922e-17,5.3625502313008505e-14,0.0020919688758338053,-6.355473414505144e-18,2.611509556543064e-21,-6.091406434359922e-18,-3.6105798796594705e-15,3.1346725651107455e-14,-6.355473327269749e-18,0.002091968875844868,-5.2536519532778906e-21,7.082634336265099e-14,1.293599777444174e-14,-6.392307553451295e-31,2.6115095217457557e-21,-5.253651952768666e-21,0.004181939626300959,-0.0005988136412987226,0.0012700463478191042,1.2287040875091374e-18,-2.980007644753682e-19,-8.487996509391447e-19,-0.009371891551241934,0.060085614166497124,4.919167972425353e-10,-1.1900223725761744e-24,3.815468420838487e-22,-8.664910607822696e-22,-4.2898131685381085e-06,4.919167973480566e-10,0.060085613296963825,2.2943211845716985e-24,-9.367873632312053e-22,5.7656853133470726e-21,-1.6400789884951265e-06,1.0045264996034006e-22,2.8809427965122594e-23,0.0027886258854721148,2.7905668381164805e-16,1.3139416670014214e-16,-2.9991644349916227e-26,4.345282078879526e-22,-1.1398880663766352e-21,2.790566838115807e-16,0.0006986530000791524,-1.2296123450734886e-20,8.378149416403644e-26,-9.702472102596226e-22,5.955540016838479e-21,1.3139416670013684e-16,-1.2296123450821228e-20,0.0006986530000791524,-7.231507064971506e-25,-4.2898131685381085e-06,-1.640078988495127e-06,3.789881460836484e-28,8.430743824594726e-26,-7.372834838485501e-25,0.035364853397207956
1774036458057361950,256,1774036458020042181,center_camera,base_link_12,-0.6212499940465785,0.2537499686575158,-9.540609551848435e-19,0.0,0.0,0.9918712682249113,0.1272453821162323,0.004425701008102765,2.243702499196483e-19,-4.876008349717118e-26,-4.383413087656992e-18,-1.095879719256845e-18,9.451255776505988e-14,2.243702499196483e-19,0.004425701008102766,1.9873961983775862e-25,2.3187293251715246e-17,3.388914073821501e-15,1.7400151806423913e-14,5.185118094097257e-26,-2.1730815980702496e-25,0.005310441398643662,8.602080730573685e-14,3.904357511616904e-14,-7.814452281992778e-26,-4.383413049049967e-18,2.318729324280213e-17,8.602080730573685e-14,0.0026562196247521615,-2.6264069753043123e-15,4.5136769916179724e-21,-1.095879721493609e-18,3.388914073511176e-15,3.904357511616904e-14,-2.6264069751020042e-15,0.0026562196247576705,1.1672740875286463e-21,9.451255765918076e-14,1.7400151793189024e-14,-7.809504039435946e-26,4.5136770273018484e-21,1.1672740850032586e-21,0.005310441443178598,-0.0005541798442053903,0.001166191474897519,-5.722904801573649e-19,2.0298822517123606e-18,-3.021244306011028e-18,-0.008789912455044426,0.05861062833465931,4.371746409130628e-10,6.290866107306482e-25,1.7336812889220107e-21,-3.251991378448716e-20,-4.038244696099084e-06,4.371746411736392e-10,0.05861062757886212,-1.118303263190757e-25,-3.714584051433297e-21,1.2347040939612552e-19,-1.5985124973693e-06,6.436439111982064e-25,-1.3410276570380848e-25,0.0035409603296338178,6.42802282237356e-16,3.048913699349922e-16,2.5835369791131693e-28,1.6585737425036099e-21,-3.426659842607931e-21,6.428022822374151e-16,0.0008867360556582221,-3.510084383963124e-20,2.635353843001796e-25,-3.22977054189945e-20,1.2291331438364116e-19,3.0489136993499654e-16,-3.5100843840014584e-20,0.0008867360556582219,2.204699041041815e-24,-4.0382446960990834e-06,-1.5985124973693014e-06,1.5483544274961393e-28,2.621186098040238e-25,2.170700088611629e-24,0.03493839498728665
1774036458124042038,257,1774036458093019009,center_camera,base_link_12,-0.6212499961876836,0.25374998021503736,-1.1007080717083709e-18,0.0,0.0,0.9918712726297496,0.1272453477807378,0.0036508407492643466,8.800343517678691e-20,1.8341786982603568e-29,3.2064064692620164e-18,4.274974908032534e-18,6.019310551841524e-14,8.800914143054382e-20,0.0036508407492643474,-8.337929817868022e-26,-1.667018494982025e-17,3.790390772501352e-15,1.1376156810336005e-14,1.8341256599552477e-29,8.116315249912695e-26,0.004380609092505366,5.308636952138051e-14,1.9180907407033264e-14,3.586159644538758e-30,3.206406469262016e-18,-1.6670184963402295e-17,5.308636954785029e-14,0.0021913036997951666,1.750194786330361e-18,9.813554918434775e-21,4.274974908032544e-18,3.790390772493581e-15,1.9180907380563484e-14,1.7501946269804583e-18,0.002191303699783359,1.3113044611140399e-20,6.019310551841524e-14,1.1376156823570894e-14,-1.6358594710237618e-30,9.81355491117078e-21,1.3113044611090275e-20,0.004380609111639402,-0.0005395778804668223,0.0011279730262555845,-4.839034503520658e-19,-2.1948442986883014e-18,-6.135811538801289e-19,-0.008492170761733498,0.05957889401203436,4.1109098327035636e-10,5.772210009477114e-25,-1.1611982937994148e-21,-1.4095133489657264e-20,-3.867832933335597e-06,4.1109098353805915e-10,0.05957889331491545,-9.748558902345177e-25,2.283861193108113e-21,5.28409730285998e-20,-1.5573279028536395e-06,1.0724150367793145e-22,-4.0985453875929067e-22,0.002921072254945662,2.5998724489210046e-16,1.2415796881869507e-16,-1.0368486856637147e-25,-1.2113512907721438e-21,2.4761143983951026e-21,2.599872448921136e-16,0.0007317648921068374,-1.0819977494526332e-20,2.6337725837443723e-25,-1.4095133353025254e-20,5.284097279934756e-20,1.2415796881869416e-16,-1.0819977494365183e-20,0.0007317648921068365,2.1070507610295317e-26,-3.867832933335597e-06,-1.5573279028536395e-06,-4.361658898858951e-28,2.6307058522624627e-25,1.7839333866649576e-26,0.03521436520694635
1774036458224392049,258,1774036458174878359,center_camera,base_link_12,-0.6212499950801595,0.2537499748425155,1.0507158403009351e-18,0.0,0.0,0.9918712704757325,0.12724536457119448,0.0040949667720743205,1.4946463974685751e-19,-1.167396877300716e-27,-9.704638410265512e-19,2.9114080587092165e-18,7.62706469958533e-14,1.4946463651568325e-19,0.004094966772074321,-2.534303600798586e-27,4.988184535080087e-18,-3.4775117718802417e-15,1.456947754628539e-14,-1.3441732000949447e-28,9.448730053705754e-27,0.004913560327641576,6.443251232803549e-14,2.7196332316304298e-14,-4.213740572867646e-25,-9.70463841026653e-19,4.988184527185393e-18,6.443251240744483e-14,0.0024577791379250275,-2.6842576695030866e-15,-9.018543266626567e-22,2.911408058709167e-18,-3.4775117718802433e-15,2.7196332342774078e-14,-2.684257669406511e-15,0.002457779137924775,2.840994755528107e-21,7.62706469958533e-14,1.456947755952028e-14,-4.213739733651468e-25,-9.018543288358794e-22,2.8409947523915306e-21,0.004913560362645215,-0.000508687257098683,0.0010555340608445084,-9.46671464208135e-20,-1.5558027375581363e-18,-1.0502136486414014e-19,-0.008058001823202763,0.05902173643117624,3.710066554472103e-10,4.51818822340452e-25,7.837225728380873e-22,2.0470129320591108e-20,-3.6491023521676994e-06,3.7100665507409065e-10,0.05902173581415151,-6.400628406152246e-25,-1.5653105321434375e-21,-7.825717633383845e-20,-1.505053574701623e-06,-7.215216097310826e-23,-2.4028647396736786e-24,0.0032763729770468545,4.3077736995973013e-16,2.0718638562856225e-16,5.986805876942612e-28,7.16604139212021e-22,-1.3080232235583297e-21,4.307773699598197e-16,0.0008205894006894564,-1.957315618711582e-20,-4.039224667457233e-26,2.0470129271401954e-20,-7.82571763331194e-20,2.071863856285608e-16,-1.9573156187259477e-20,0.0008205894006894564,-7.454681116751871e-25,-3.6491023521676994e-06,-1.5050535747016234e-06,-2.8948435452378343e-29,-4.1057765669481947e-26,-7.615880688583928e-25,0.0350513005975657
1774036458290747069,259,1774036458254943132,center_camera,base_link_12,-0.6212499958603418,0.25374997914717096,-1.9144546282934986e-18,0.0,0.0,0.99187127206674,0.12724535216937036,0.004005238009326437,1.0420481922086212e-19,-2.1321620201818215e-26,2.0312326455536546e-18,4.0626074786341504e-18,6.329050383619924e-14,1.0420784198438963e-19,0.0040052380093264376,-5.622899589612162e-27,-1.0237336614284854e-17,-3.687787917885782e-15,1.2325937540774881e-14,2.3783214549158045e-26,6.2715524337699184e-27,0.00480588580318568,5.254388734972083e-14,2.9473090624665514e-14,-1.9337231090441666e-25,2.0312326438304284e-18,-1.023733607418023e-17,5.254388740266039e-14,0.0024039419868452094,2.837756202367735e-15,3.0184483810124575e-21,4.062607509876587e-18,-3.687787917612286e-15,2.9473090611430625e-14,2.8377562023677412e-15,0.002403941986844955,5.831029643202374e-21,6.329050373032012e-14,1.2325937540774881e-14,-1.9340766051647405e-25,3.018448442770769e-21,5.831029706471338e-21,0.004805885829892258,-0.0004864415014374823,0.0010019628860794129,2.087889714207993e-19,-1.523603274005702e-18,-8.991212706037735e-19,-0.007705475300885898,0.05926796166768733,3.406748757348307e-10,2.1214236865771038e-26,-5.465005449760216e-22,7.8879392970069e-22,-3.4657827070081954e-06,3.406748759658724e-10,0.059267961111453174,-1.8732716580461066e-25,1.194583816978199e-21,-3.1828753909516016e-21,-1.4580755075086232e-06,1.8871446517979598e-26,-1.7489668796389794e-25,0.0032045900232013868,3.3614060727322045e-16,1.628505496961783e-16,5.649019137727641e-26,-4.312271173354655e-22,9.836734082274824e-22,3.3614060727336673e-16,0.000802644077823196,-1.410080978016383e-20,1.086501275027488e-25,8.476587795013625e-22,-3.408516785519692e-21,1.6285054969619933e-16,-1.4100809780163987e-20,0.0008026440778231957,7.2444782807899695e-25,-3.465782707008195e-06,-1.4580755075086236e-06,2.3389632986036367e-29,1.0961505572036002e-25,6.966272226121124e-25,0.035119122412002345
1774036458390721295,260,1774036458327704906,center_camera,base_link_12,-0.6212499962514217,0.25374998137991756,-1.0145441401313006e-18,0.0,0.0,0.9918712729094166,0.12724534560074788,0.0036400880102167073,8.588748374386282e-20,6.196796468416268e-29,1.7331818238794043e-18,4.3329545576952766e-18,5.669195237624044e-14,8.588435031261664e-20,0.003640088010216708,-9.450771717595324e-26,-8.628974312207223e-18,3.605243959099595e-15,1.1227351398886239e-14,9.107933581289821e-29,1.0312501985414138e-25,0.004367705819726121,4.2274929471099827e-14,1.8586866935444258e-14,2.8421090786355057e-25,1.7331818225392791e-18,-8.628974303655014e-18,4.2274929497569606e-14,0.0021848519746391513,2.8085278422728845e-15,-2.0617145519590614e-21,4.332954558494933e-18,3.6052439592387e-15,1.8586866948679147e-14,2.808527842448952e-15,0.002184851974633538,-5.127521041481641e-21,5.669195232330088e-14,1.1227351412121129e-14,2.8421254521680235e-25,-2.0617145504101864e-21,-5.127521105894714e-21,0.00436770584298256,-0.00046920757478953186,0.0009599737596148084,2.9043783010079565e-19,2.2801607782428107e-18,2.7160712668701994e-18,-0.007418349209464523,0.05978038269378398,3.154820162519387e-10,-3.0440147029342384e-26,1.2882490294059244e-23,3.8060450914222016e-22,-3.2985652036456557e-06,3.154820162612404e-10,0.05978038218694079,-1.8373666863680451e-25,-3.681610355118552e-23,-1.4278284683373846e-21,-1.4097719885447395e-06,-3.500542404054978e-24,1.3123078101363162e-23,0.0029124700234574403,2.4434114606974556e-16,1.191892697700907e-16,3.334145227881369e-27,-1.368214334488008e-23,-4.374568437146636e-23,2.44341146069722e-16,0.0007296140026021821,-8.875937579941325e-21,-9.25844179847091e-26,2.9859941920608028e-22,-1.2222360748930156e-21,1.1918926977009803e-16,-8.875937580132263e-21,0.0007296140026021822,-3.149006417495102e-26,-3.298565203645656e-06,-1.409771988544739e-06,-4.206264372762422e-29,-6.571744575218341e-26,-5.840843282639137e-26,0.035265722260589535
1774036458457387752,261,1774036458408949614,center_camera,base_link_12,-0.6212499956366281,0.25374997864108795,9.049548435763023e-19,0.0,0.0,0.9918712717207011,0.12724535486672614,0.004064234614383631,1.1563497863970458e-19,8.7122091924581e-28,3.428571755435191e-18,-3.4285816541013218e-18,6.479182124257126e-14,1.1563498025529172e-19,0.004064234614383628,-5.3343148522936516e-28,-1.6822434880794958e-17,-3.4406304377581314e-15,1.2996621775361303e-14,-1.12301727843802e-28,-5.241893013158781e-27,0.004876681739804193,5.073460324269659e-14,3.057550625544825e-14,-1.1751833514074814e-25,3.4285717573997683e-18,-1.6822435037813743e-17,5.073460324269659e-14,0.0024393398409846686,-5.3552636893651605e-15,1.2031190044258302e-20,-3.428581692739827e-18,-3.440630437750276e-15,3.057550625544825e-14,-5.355263689268307e-15,0.0024393398409793127,-1.2206717468777031e-20,6.479182124257126e-14,1.2996621762126413e-14,-1.174220092101057e-25,1.2031190043860232e-20,-1.2206717461795286e-20,0.004876681774559897,-0.0004417253395010841,0.0008969109678993065,9.533991503321316e-19,-7.649305040569855e-19,3.5115461971991034e-19,-0.007042881628005318,0.05922413482069673,2.833944970528225e-10,-6.543230417824064e-25,-3.7494686214481305e-22,1.8052216669948406e-20,-3.1074366458301384e-06,2.8339449697799027e-10,0.05922413437260202,7.499623785706451e-25,7.054051792385412e-22,-6.653586786602912e-20,-1.3553180573725822e-06,2.0218173020794124e-22,-5.133321858435612e-22,0.0032517872501944974,3.590609916522175e-16,1.7641954378338205e-16,-1.2912551285015943e-25,-5.063040832314526e-22,9.457559218615123e-22,3.590609916522151e-16,0.0008144429577886373,-1.4077642890407913e-20,6.256602983135065e-25,1.8087150244425685e-20,-6.680138279735452e-20,1.7641954378335205e-16,-1.4077642890555707e-20,0.0008144429577886368,-1.08082873460856e-24,-3.107436645830138e-06,-1.3553180573725833e-06,8.475497895368676e-28,5.603971564896685e-25,-1.0164313183548541e-24,0.03510578160138612
1774036458524074974,262,1774036458489172935,center_camera,base_link_12,-0.6212499962893123,0.25374998210856653,-1.6228352681652332e-18,0.0,0.0,0.9918712730104423,0.1272453448132572,0.004013165422910063,8.215964810275698e-20,4.2300818891906814e-26,-2.6943483450941938e-18,2.694315269674993e-18,5.4312179323732476e-14,8.215661079894527e-20,0.0040131654229100654,-8.006999911640575e-26,1.2998985037749542e-17,-3.666516278252457e-15,1.1095199581621779e-14,-4.57684956485404e-26,9.498460032467574e-26,0.004815398699877209,4.903097561676291e-14,2.229145059089769e-14,2.2049867518534384e-29,-2.6943483094309863e-18,1.2998985037743681e-17,4.903097566970247e-14,0.002408698428270438,-2.8325186223360443e-15,3.2672743990732925e-21,2.6943152382117074e-18,-3.66651627825102e-15,2.229145060413258e-14,-2.832518622336035e-15,0.0024086984282760946,-3.2942358279817877e-21,5.4312179323732476e-14,1.109519956838689e-14,-2.163560857411558e-29,3.2672744000929227e-21,-3.2942358288299875e-21,0.00481539872712313,-0.0004210818997501725,0.0008484882783179142,-7.205338174706056e-19,2.6422895749874963e-18,-1.4290677345919158e-18,-0.006730900900415144,0.059400601728482404,2.586172080026575e-10,5.431503350505561e-25,1.0252480666699472e-21,-9.373141801549005e-22,-2.9454097081650213e-06,2.586172079440728e-10,0.059400601325559216,-1.0367007238330488e-24,-2.034415577293847e-21,1.77664857634218e-21,-1.3072872116226351e-06,-1.1139610736582707e-22,4.426674716423925e-22,0.0032109319504431276,2.8920603729434534e-16,1.431712426877058e-16,2.1401371731578647e-27,1.0252500607319098e-21,-2.0344150572328853e-21,2.892060372943429e-16,0.0008042295337837452,-1.0570512416048674e-20,1.1073357115762605e-25,-9.968762845807381e-22,2.0049626544939456e-21,1.4317124268769717e-16,-1.0570512416046142e-20,0.0008042295337837457,1.0186820129274391e-25,-2.9454097081650205e-06,-1.3072872116226351e-06,1.6073611621358545e-28,1.115355063072527e-25,1.0089030895679888e-25,0.035155132564569015
1774036458624139690,263,1774036458565819502,center_camera,base_link_12,-0.621249996531397,0.25374998352013917,1.549795777074414e-18,0.0,0.0,0.9918712735194252,0.1272453408457603,0.0038343276336818815,7.185529442229626e-20,-1.062275495421087e-27,-8.11321585734627e-19,1.6225968711377437e-18,5.0114396851340826e-14,7.185219330279275e-20,0.0038343276336818798,-8.700044747681677e-26,3.8663805360525735e-18,3.622698068610247e-15,1.0406480493575986e-14,-1.6763366383087777e-28,9.771268076497574e-26,0.00460079336063157,4.11690651986119e-14,2.0531934804661885e-14,3.9171701154726524e-29,-8.113215857346826e-19,3.866380536046772e-18,4.116906517214212e-14,0.002301395746937505,-2.821985553934136e-18,-2.6774359161824556e-21,1.6225968702970053e-18,3.6226980687532454e-15,2.0531934804661885e-14,-2.821985641800619e-18,0.0023013957469428807,5.242027032546203e-21,5.0114396904280385e-14,1.0406480480341097e-14,-4.3455113964032195e-29,-2.6774357892101958e-21,5.242026899060663e-21,0.004600793386257602,-0.0004029741655963684,0.0008060265613281348,-1.3458254482314336e-18,-1.3825586193155496e-18,1.5825720767103021e-18,-0.006453985537760894,0.059701261492187276,2.3679009639669315e-10,8.506655935351917e-25,-3.4234010546863e-22,-2.037691218675264e-21,-2.7931128490545094e-06,2.367900964556702e-10,0.0597012611280235,-1.5697512282259955e-24,7.407532048420606e-22,8.087808944960871e-21,-1.2589931663472127e-06,-6.195602954315543e-23,-3.076036016784367e-24,0.0030678617180656775,2.413555470582337e-16,1.2036887081128167e-16,-1.9273811960823473e-27,-3.4234020633402792e-22,7.407533053521078e-22,2.4135554705818583e-16,0.0007684619325178119,-8.031693513915199e-21,-9.221991754389423e-26,-1.951813581441452e-21,7.872512353599731e-21,1.203688708112534e-16,-8.031693513811364e-21,0.0007684619325178122,2.564105378164835e-25,-2.79311284905451e-06,-1.2589931663472127e-06,-9.256635644194701e-28,-9.222344314232162e-26,2.0130381354220786e-25,0.035241755375526526
1774036458690710870,264,1774036458646964073,center_camera,base_link_12,-0.6212499963418385,0.25374998287963574,2.5810851325745577e-19,0.0,0.0,0.9918712731611591,0.12724534363842702,0.0040592278578887924,7.909801112542171e-20,9.391657315063048e-28,-2.3069956955976935e-26,-3.1667279113704428e-18,5.196088028959809e-14,7.910440238812339e-20,0.004059227857888792,9.598746671345717e-26,-5.683077851470667e-26,-3.533702222974173e-15,1.0952122627524515e-14,-2.2487666102833678e-29,-9.943105299851512e-26,0.0048706736263879865,4.335972859005491e-14,1.7903542745823315e-14,2.2951261908397037e-29,1.2400707613945859e-26,-5.1682585026681987e-26,4.335972864299447e-14,0.002436335836333001,2.745076439732946e-15,-1.003396990037336e-29,-3.1667279135873353e-18,-3.5337022229653047e-15,1.7903542732588426e-14,2.745076439824905e-15,0.002436335836338503,3.809713199362154e-21,5.196088028959809e-14,1.0952122614289625e-14,-2.158718850880121e-29,2.2915007226554868e-29,3.809713196372613e-21,0.004870673657699915,-0.0003806803411621617,0.0007554185711931334,1.311076795061138e-19,-1.7249900298159787e-18,1.1638804733732877e-18,-0.006143997933095044,0.059454415212475374,2.132777554512406e-10,-2.0702147023271246e-25,-1.0742039431064855e-22,1.130746483573686e-20,-2.634666728318963e-06,2.1327775501539007e-10,0.05945441488832284,3.7273297593447177e-25,1.5253555218826938e-22,-4.182521198903794e-20,-1.2080345718576076e-06,-2.867750532085657e-24,2.614130461206069e-22,0.003247781870432205,2.848814541621464e-16,1.4316654562588069e-16,-3.102200234312059e-26,-1.393523604733688e-22,2.7495020103714485e-22,2.8488145416208698e-16,0.0008134418073553255,-9.582135603872756e-21,-1.489206879377878e-26,1.1307464586253894e-20,-4.182521145889785e-20,1.4316654562585956e-16,-9.582135604003323e-21,0.0008134418073553252,3.464528227684053e-26,-2.634666728318963e-06,-1.2080345718576074e-06,-9.239512523996567e-29,3.326105423295994e-28,1.936770650495778e-26,0.03517201661898308
1774036458757328581,265,1774036458724989653,center_camera,base_link_12,-0.6212499967991796,0.25374998524519293,-8.444278949344371e-19,0.0,0.0,0.991871274057014,0.12724533665528046,0.003903278295988094,5.95061785403793e-20,2.092748693016632e-26,7.682829630949836e-19,7.682829640064449e-19,4.485312936180409e-14,5.950617773258573e-20,0.003903278295988092,1.163646872398768e-28,-3.548314833221114e-18,-3.654791636545533e-15,9.61839210589997e-15,-2.3819679447413802e-26,1.1234235847689974e-28,0.004683534151389239,4.087349654567842e-14,1.867513338014143e-14,1.523696381747767e-30,7.68282963942368e-19,-3.548314695210592e-18,4.087349651920864e-14,0.0023427661528960175,-1.126855591632914e-18,-8.17863283289544e-22,7.682829640070777e-19,-3.654791636410907e-15,1.8675133353671652e-14,-1.1268555047761729e-18,0.0023427661528960197,-8.4121744155364705e-22,4.485312936180409e-14,9.61839210589997e-15,7.17238340972296e-31,-8.17863312022038e-22,-8.412174400485963e-22,0.004683534177333321,-0.0003633421528560025,0.0007154296564783845,-8.740819001939636e-19,3.0374696693252594e-18,-1.8419290655472706e-18,-0.00588515734055232,0.05972548579119122,1.9448114236218365e-10,7.649419500198553e-25,-1.4756167523027356e-22,-8.196745567443066e-22,-2.495264540440949e-06,1.9448114239786223e-10,0.059725485498549086,-1.2113298713544026e-24,3.490426308681975e-22,1.9202784632023455e-21,-1.1611332073105215e-06,-5.526323896768756e-23,-1.582741700970861e-23,0.0031230222510289373,2.240292691662297e-16,1.1346157482305528e-16,-2.5508888358772197e-26,-1.4634662208491513e-22,2.297975845271216e-22,2.240292691662787e-16,0.0007822521050604173,-6.83825535467667e-21,-2.8460643821575315e-26,-8.196764271783495e-22,1.9202857319220705e-21,1.134615748231205e-16,-6.838255354786181e-21,0.0007822521050604175,-8.64157098154246e-26,-2.495264540440949e-06,-1.1611332073105215e-06,1.504482819338443e-28,-2.853706163240261e-26,-7.247893850193761e-26,0.03525075225918747
1774036458857337920,266,1774036458795386314,center_camera,base_link_12,-0.6212499970806395,0.2537499867314419,9.357115373087953e-19,0.0,0.0,0.9918712746297363,0.12724533219093787,0.003521832375136884,5.026525116347359e-20,1.1912445981962434e-26,-6.386175196856198e-19,1.9158724034536926e-18,4.046223285361956e-14,5.026203372169644e-20,0.0035218323751368807,-4.4755760821055e-26,2.9133026499211643e-18,3.571566342629464e-15,8.813900832556145e-15,-1.3471241606242433e-26,5.354274691902908e-26,0.00422579906514665,3.270216141847517e-14,2.060516879682546e-14,-5.371369403439007e-26,-6.386175207837917e-19,2.913302649918874e-18,3.270216149788451e-14,0.0021138985729473657,-8.609998939956282e-19,-5.950468646292447e-22,1.9158724042478344e-18,3.571566342625067e-15,2.060516879682546e-14,-8.609998939987837e-19,0.002113898572947369,2.236833537657381e-21,4.046223280068e-14,8.813900819321255e-15,-5.366905618231232e-26,-5.950468955482059e-22,2.2368335366157048e-21,0.004225799088184747,-0.0003496535731107482,0.0006836030188001413,9.381318559056635e-19,-3.474545633138147e-20,1.1789138317693698e-18,-0.00567344923211185,0.06020572024675455,1.7893886614560473e-10,-5.030100746330143e-25,1.8246646308050358e-22,8.715623926495916e-23,-2.3683125495426554e-06,1.7893886614485128e-10,0.06020571997955993,9.958667983249387e-25,-3.1893311171019124e-22,-6.086842351853469e-22,-1.1155538249928462e-06,-5.608144560896174e-23,2.1404050733382375e-22,0.002817865506970245,1.6171694316333546e-16,8.25020942949049e-17,-1.8443054331280544e-27,1.8246640014769403e-22,-3.1893312831474964e-22,1.6171694316333255e-16,0.000705962782709085,-4.252821213174871e-21,-3.13075117336294e-26,6.05516125874693e-23,-6.156247920873731e-22,8.250209429492352e-17,-4.25282121317559e-21,0.0007059627827090855,-1.8053839679989307e-25,-2.3683125495426554e-06,-1.1155538249928462e-06,2.885736228314022e-29,-1.8117496710225303e-26,-1.8085434910122053e-25,0.03539059974402177
1774036458924402524,267,1774036458881365299,center_camera,base_link_12,-0.6212499963291718,0.2537499835723957,7.117671748723001e-19,0.0,0.0,0.9918712731398491,0.12724534380453661,0.00430094848848378,7.667833658146791e-20,-1.57952929381404e-28,2.061702033109755e-18,2.061702057146039e-18,4.973607514410341e-14,7.66749373861382e-20,0.004300948488483782,5.1532102803440906e-26,-9.234588234345542e-18,-3.410050120977846e-15,1.0979256176554394e-14,-1.1242384515589197e-28,-5.181638999660739e-26,0.005160738380266506,4.613656620368956e-14,1.808709021945634e-14,3.592997276220798e-25,2.0617020691550527e-18,-9.234588076777265e-18,4.613656620368956e-14,0.002581368126700669,-1.3141581536584848e-18,2.86743859171527e-21,2.061702056071737e-18,-3.410050120977843e-15,1.808709021945634e-14,-1.3141580535551914e-18,0.00258136812670041,2.6133953071387573e-21,4.973607509116385e-14,1.0979256176554394e-14,3.5929698920265867e-25,2.8674386292972993e-21,2.613395343095524e-21,0.005160738421654972,-0.00032322429685872835,0.0006263465850786845,-6.790204729004582e-19,-2.61612333767696e-18,-2.6565422509396723e-18,-0.005342599458726787,0.059000691186043036,1.567460991516629e-10,7.028585479779652e-25,-5.733274226828876e-22,2.543943818513548e-20,-2.21416874003577e-06,1.567460992115555e-10,0.059000690953602976,-1.1168166872400569e-24,1.0058905408228135e-21,-9.784026855694169e-20,-1.0618401545830538e-06,7.076440314240656e-25,-1.1262163536866675e-24,0.0034411583239407793,3.1278362663124264e-16,1.6086495102477702e-16,-3.542104143101523e-26,-5.019906119822887e-22,8.753710432418687e-22,3.127836266311825e-16,0.000861785596378614,-9.677843080749568e-21,1.5585010222135248e-25,2.547434779846873e-20,-9.783116162213866e-20,1.6086495102479509e-16,-9.677843080928905e-21,0.0008617855963786146,-4.035110596084222e-26,-2.21416874003577e-06,-1.0618401545830538e-06,-3.484154533433271e-28,1.5605190273184344e-25,-3.9803213095980037e-26,0.03504648780646733
1774036459024881932,268,1774036458960820913,center_camera,base_link_12,-0.6212499973182808,0.2537499881932467,-1.3218251328661699e-18,0.0,0.0,0.9918712750369123,0.12724532901702046,0.003974780064363479,3.9850598926001314e-20,-6.447957690237254e-28,-1.435531835330486e-18,-2.153297783230506e-18,3.5891814964984087e-14,3.9847707832825213e-20,0.00397478006436348,-8.155841417106439e-26,6.3610444706647475e-18,-3.748951222079104e-15,8.080337424767656e-15,1.7023193855195794e-28,9.084885968617542e-26,0.004769336264236882,2.52428199785888e-14,1.5229750276877287e-14,1.0170439855488576e-25,-1.4355318671234461e-18,6.36104446596564e-18,2.524281995211902e-14,0.002385667261128274,4.555774376630468e-19,-4.68523674408969e-21,-2.153297784043837e-18,-3.748951222079107e-15,1.5229750263642397e-14,4.555775196446275e-19,0.0023856672611224567,-6.92692681343572e-21,3.589181491204453e-14,8.080337411532766e-15,1.0178400861527215e-25,-4.685236744760565e-21,-6.926926698659436e-21,0.004769336288144067,-0.0003088763625427695,0.0005934963331249725,-1.0596273233958128e-19,1.7164433854008936e-18,6.825715959033795e-19,-0.0051228500563446485,0.05951876999218105,1.4308786539980467e-10,2.175944266346274e-25,5.108473140187446e-22,7.923325472674132e-21,-2.097714112929743e-06,1.4308786570637768e-10,0.05951876978097369,-5.136578052748398e-25,-1.0002116153177057e-21,-2.9177242465858826e-20,-1.0196718577015282e-06,-5.339545741223961e-23,-1.4492626320854437e-23,0.0031802236884728276,1.8499669665422771e-16,9.596333675180507e-17,4.944198693815484e-28,5.387926044206522e-22,-1.1073418336435963e-21,1.8499669665421768e-16,0.0007965526578229132,-4.908470821792901e-21,-1.483853036693852e-25,7.950107829341814e-21,-2.917025586541198e-20,9.596333675180665e-17,-4.908470821891283e-21,0.0007965526578229133,-3.5502069783220793e-25,-2.0977141129297425e-06,-1.0196718577015286e-06,-1.2780363894454898e-28,-1.484419497880056e-25,-3.5472008159703354e-25,0.035194018799382935
1774036459090682059,269,1774036459036775112,center_camera,base_link_12,-0.6212499973292375,0.2537499884227082,-3.7499930933169167e-19,0.0,0.0,0.9918712750767397,0.1272453287065684,0.0037997092489846064,3.9448012787590527e-20,-1.042130888186729e-26,2.4533467583602594e-18,3.0666942240894165e-18,3.525888150654913e-14,3.944801117200339e-20,0.0037997092489846056,4.114213875529072e-26,-1.0651377318445246e-17,3.599686214811272e-15,8.066214983404428e-15,1.1459411189725263e-26,-4.6380710767075775e-26,0.004559251301395294,3.2701143126053893e-14,1.107601228689811e-14,9.708200185246949e-30,2.453346792763829e-18,-1.0651377456059523e-17,3.2701143126053893e-14,0.0022806247083206207,1.4812791022367903e-18,2.0993195768893016e-21,3.066694224089168e-18,3.599686214806973e-15,1.1076012300132999e-14,1.4812790578775639e-18,0.0022806247083094317,2.6436743743575044e-21,3.525888150654913e-14,8.066214983404428e-15,-1.0186846020952175e-29,2.0993195761211437e-21,2.6436743751614e-21,0.004559251327083843,-0.00029453263784112515,0.0005612961341425735,4.360481967823493e-19,6.448338997635366e-19,-1.7647610105348216e-18,-0.004913595235874913,0.05979952390859702,1.300172619682717e-10,-3.497027885654858e-25,-5.897759911228195e-22,-5.1223709706791465e-21,-1.9814005018281625e-06,1.300172618519728e-10,0.05979952371712417,6.733687525752446e-25,1.147336765394666e-21,1.8328562482859663e-20,-9.75411929325879e-07,-3.466291361429287e-25,6.6775782147337055e-25,0.0030401670069341983,1.6547552841056666e-16,8.654855218948433e-17,-7.638919996940162e-28,-5.89772359487105e-22,1.147330102214066e-21,1.6547552841052778e-16,0.0007615382212114352,-4.001942884215872e-21,8.042700953375231e-26,-5.122370906988178e-21,1.8328562235492596e-20,8.654855218947155e-17,-4.001942884160931e-21,0.000761538221211435,-1.6176263125046704e-25,-1.9814005018281625e-06,-9.75411929325879e-07,-1.5945753825252724e-29,6.654419174623877e-26,-1.478750718814595e-25,0.03527554428108743
1774036459157346197,270,1774036459119494438,center_camera,base_link_12,-0.6212499971279768,0.2537499877507501,8.444706169708192e-19,0.0,0.0,0.9918712746688547,0.1272453318860121,0.004137965590658555,4.430326086848276e-20,-1.2549256671181447e-26,-7.266126919484109e-28,-1.8460813723991084e-18,3.71972059744201e-14,4.430325925289563e-20,0.0041379655906585554,4.661357480016983e-26,-3.6531645636402453e-26,-3.524640678823602e-15,8.645806085382345e-15,1.2491749736193697e-26,-4.982073539377638e-26,0.004965158903348148,3.0994181115218677e-14,2.022216172022286e-14,-2.1514190972282866e-29,3.89436103907169e-28,-4.4828675096339106e-26,3.0994181115218677e-14,0.0024835784659236484,2.7347469996585923e-15,-1.4855656303047154e-31,-1.8460813368254752e-18,-3.5246406789665326e-15,2.022216170698797e-14,2.7347469995658096e-15,0.0024835784659236523,2.4728374641290493e-21,3.719720592148054e-14,8.645806085382345e-15,2.3615796833382792e-29,1.9405685597915995e-30,2.4728374662425505e-21,0.004965158936435097,-0.00027597562172673664,0.0005211182578980472,-8.868556059941561e-20,-1.1638335695254282e-18,2.9229440214102082e-18,-0.0046664647607663175,0.05937780127557585,1.15582279810676e-10,5.428266252644064e-26,4.371856910352319e-22,1.356767593408535e-20,-1.8582859085831159e-06,1.1558227914595083e-10,0.059377801105444356,-2.1101431568101093e-25,-8.75327253771344e-22,-5.0313462585093716e-20,-9.282648005901688e-07,-5.479034847793427e-23,-3.1308412927420795e-23,0.003310772049922053,2.116138974042091e-16,1.116477505932084e-16,-2.9109128182566725e-26,4.04412966169753e-22,-7.496982724778355e-22,2.1161389740418738e-16,0.0008291893187195313,-5.307451981984423e-21,1.597136484400123e-28,1.3536273229447004e-20,-5.0321664333203646e-20,1.1164775059320936e-16,-5.307451981846856e-21,0.0008291893187195316,2.1517450128285045e-25,-1.8582859085831155e-06,-9.282648005901688e-07,2.537044647911545e-29,2.030242515348103e-28,2.150209642146576e-25,0.035155795407077674
1774036459223979327,271,1774036459192145824,center_camera,base_link_12,-0.6212499977508185,0.2537499905589452,1.757628188180854e-18,0.0,0.0,0.9918712758674505,0.12724532254301513,0.0036345686406677093,2.728899173460877e-20,-1.4918668402172872e-28,5.557751089744278e-19,-2.8523820504796057e-30,2.879200200645528e-14,2.7282915915294985e-20,0.003634568640667711,-1.2270057305232303e-26,-2.3302020746407326e-18,-9.655220574223208e-23,6.813644386076376e-15,-1.3515799269929787e-28,-9.172944794019336e-27,0.004361082571611979,1.911781328598594e-14,1.2323031781014436e-14,1.0395958082219172e-25,5.557751097473221e-19,-2.3302020746408517e-18,1.911781327275105e-14,0.0021815403805468515,-4.7798612042222795e-19,-1.3009759629570293e-21,-2.852728465726057e-30,-9.668382536002737e-23,1.232303177439699e-14,-4.779859926046732e-19,0.0021815403805468536,-5.47688695980141e-27,2.879200203292506e-14,6.813644386076376e-15,1.039569928900845e-25,-1.3009759644665931e-21,-5.482717176464796e-27,0.0043610825933869364,-0.0002650819142002316,0.0004964158943600817,-7.39198637825453e-19,2.244800073331249e-18,-2.3659416381179215e-18,-0.004498266862404645,0.060022684923479494,1.0605213084391209e-10,-2.1641102873680724e-25,-8.666143592704139e-23,6.009243015455091e-20,-1.760774562648493e-06,1.0605213055642134e-10,0.060022684767003225,1.4612202823598183e-24,2.0287907268642126e-22,-2.3086045154745546e-19,-8.894824405031576e-07,5.364583160496883e-23,-2.0500831169240969e-22,0.002908054541487378,1.2197749879347284e-16,6.491331124363414e-17,-1.1051480402261976e-27,-1.1244681699976738e-22,1.9615234842061362e-22,1.219774987935049e-16,0.0007285102440753268,-2.5147098926088107e-21,-1.24702441260463e-26,6.006552518468902e-20,-2.3075731576272957e-19,6.491331124362425e-17,-2.5147098927526333e-21,0.000728510244075327,1.028133961902545e-27,-1.760774562648493e-06,-8.894824405031574e-07,2.312445643475093e-28,-3.8310530025383355e-26,-2.445076251902495e-26,0.035341627635381276
1774036459324288809,272,1774036459275956392,center_camera,base_link_12,-0.6212499972376907,0.253749988595878,-4.0769518756219424e-19,0.0,0.0,0.9918712748518808,0.1272453304593326,0.004192527655940264,3.931016887384289e-20,2.4967270083077654e-26,2.177542336074458e-18,1.3731429176092536e-26,3.4628703340412476e-14,3.931349334826766e-20,0.004192527655940263,-4.742259111163789e-26,-9.021499530780949e-18,5.758545768124622e-29,8.321646000750418e-15,-2.6824819210258436e-26,5.52173189218634e-26,0.005030633383659243,2.5228372614063515e-14,1.5580226510510103e-14,2.4485990892552378e-29,2.1775423174485996e-18,-9.021499526126218e-18,2.5228372627298405e-14,0.0025163156613511343,2.675677808412676e-15,-4.61213604437505e-21,-7.073906853502268e-27,5.65120206903578e-29,1.5580226503892658e-14,2.6756778083641736e-15,0.002516315661346048,-3.811438513507631e-32,3.4628703366882256e-14,8.321646000750418e-15,-2.5158711489546082e-29,-4.612136005801376e-21,1.8189315181112735e-30,0.005030633420707916,-0.0002462346032911889,0.00045661018581505354,-1.246159237326405e-19,-2.796076911584836e-18,-2.807688480862221e-18,-0.0042559393349936156,0.05922419249571721,9.317318764488692e-11,3.214444356654363e-25,-3.341115813912978e-22,2.0341547461436965e-22,-1.6430936219750815e-06,9.31731877334523e-11,0.059224192357682046,-7.107548458646562e-25,6.097147081998552e-22,-7.861753603976107e-22,-8.422443307571655e-07,-7.317665976450381e-23,2.7253366250220086e-22,0.0033544216782659445,2.03324828575492e-16,1.0918880636644632e-16,5.464717601618972e-28,-3.3411298976566693e-22,6.097147433236077e-22,2.0332482857548815e-16,0.0008401015584710277,-4.6592083502656205e-21,-2.9345393599703845e-25,2.3656554031857864e-22,-7.7752747772798025e-22,1.0918880636644341e-16,-4.659208350184271e-21,0.0008401015584710272,5.1975354605743504e-27,-1.6430936219750817e-06,-8.422443307571657e-07,2.323253868062277e-28,-2.2710306173377786e-25,5.345675551747036e-27,0.035114046405829914
1774036459390720232,273,1774036459355341911,center_camera,base_link_12,-0.6212499978232823,0.25374999116997676,-1.2573330069121648e-18,0.0,0.0,0.9918712759622996,0.12724532180367015,0.003971275296196576,2.3699617565432502e-20,-1.2067076308288527e-27,2.2240816879305813e-18,-1.1119862856892103e-18,2.687487069997131e-14,2.3699617565432502e-20,0.003971275296196575,-3.889500140603847e-26,-9.056246968411738e-18,4.52795481227628e-18,6.583655737071733e-15,1.527007295916475e-27,4.609440043603639e-26,0.004765130545475234,2.5952103901628293e-14,1.1868259315177569e-14,1.781140394400218e-29,2.2240817215370743e-18,-9.056246964339635e-18,2.5952103901628293e-14,0.0023835643792530434,-2.8721386624511624e-15,-4.345086534781099e-21,-1.1119862848556659e-18,4.527954812275509e-18,1.1868259315177569e-14,-2.8721386624932103e-15,0.0023835643792415487,2.266956177075329e-21,2.687487072644109e-14,6.5836557436891776e-15,-1.942866462291906e-29,-4.345086563023648e-21,2.266956178974133e-21,0.004765130570610557,-0.0002339285477689988,0.00042962388585048055,7.793434029345793e-19,-2.6442469223101147e-19,-1.6608019785968155e-18,-0.004076529594465791,0.059599798056971236,8.431402117834015e-11,-5.093254795089986e-25,5.281358949742659e-23,1.516634892795398e-22,-1.5486429435962518e-06,8.431402145876215e-11,0.05959979793108787,1.0227814015687938e-24,-1.2924262140213616e-22,-2.810706883046507e-22,-8.037986273800361e-07,-5.800349227089296e-23,2.2845759229118102e-22,0.003177419863369832,1.3766210571071937e-16,7.464678608438845e-17,2.962372770611135e-27,5.281531700488578e-23,-1.2924198931449504e-22,1.3766210571069048e-16,0.0007958516174537408,-2.7799319890384868e-21,-1.6623625692259006e-25,1.2417463594933937e-22,-2.882416935491383e-22,7.464678608440109e-17,-2.7799319889847274e-21,0.0007958516174537409,7.320727816357963e-26,-1.5486429435962514e-06,-8.037986273800362e-07,-1.6193579405529214e-28,-1.3882093567424894e-25,7.303975056137006e-26,0.03522147631246583
1774036459490694929,274,1774036459428736925,center_camera,base_link_12,-0.6212499979514492,0.25374999182731817,-1.2612882031936228e-18,0.0,0.0,0.9918712762134894,0.127245319845658,0.0036717499932671293,2.0943926141178003e-20,-1.1371834256187229e-26,-9.422304266324418e-19,-1.884487267521351e-18,2.4941786666126328e-14,2.094392573728122e-20,0.00367174999326713,4.392299345908987e-26,3.728706289869034e-18,7.457518316738352e-18,6.216675906877169e-15,1.2406280194062655e-26,-4.960985206195604e-26,0.004405700199155792,2.0070550108471175e-14,1.494091705126936e-14,-4.0587615815496897e-29,-9.422303936179685e-19,3.728706220871031e-18,2.0070550082001396e-14,0.002203849156370052,-5.59373116612512e-15,2.5065865905180544e-21,-1.884487269006422e-18,7.457518322678601e-18,1.4940917044651915e-14,-5.593731166169509e-15,0.002203849156369812,5.013069888337194e-21,2.4941786719065887e-14,6.216675906877169e-15,4.177609722829212e-29,2.5065866529322916e-21,5.013069818518645e-21,0.004405700223268335,-0.00022323125118897368,0.00040624502118495495,-9.872586945353832e-19,-1.1679054259443315e-18,-1.9225456685749333e-18,-0.003920369568566737,0.060008342880276885,7.665807591436691e-11,2.902258926738502e-25,4.257283356724869e-22,8.510761525188766e-23,-1.460067617022549e-06,7.665807599240848e-11,0.06000834276463766,-2.7147363787789546e-25,-7.665496322764822e-22,-1.8957027947818202e-22,-7.663752899137931e-07,-2.5083466412873622e-23,-1.4142271355808165e-23,0.0029377996052164486,1.078904578176812e-16,5.905074256008988e-17,1.9560178772116505e-27,4.392906472966781e-22,-7.630152161939223e-22,1.0789045781768972e-16,0.0007359463680970362,-1.9282308729095842e-21,7.629329257188376e-26,1.1281666414940567e-22,-2.4027184185329362e-22,5.905074256009775e-17,-1.928230872859799e-21,0.0007359463680970364,1.815783329210002e-25,-1.460067617022549e-06,-7.663752899137928e-07,2.308564899062354e-28,7.719955176579057e-26,1.5466779213736708e-25,0.035340151766262165
1774036459557363088,275,1774036459510753155,center_camera,base_link_12,-0.6212499976768154,0.2537499908925909,8.160248455158108e-19,0.0,0.0,0.9918712756499684,0.12724532423827825,0.00410281074793481,2.5394504582101904e-20,-1.3218642358171577e-27,9.25539791406006e-19,7.697753272207009e-28,2.7704110926075147e-14,2.5394499735340502e-20,0.004102810747934809,2.230547538046103e-27,-3.654642670542118e-18,-6.00009752863385e-29,7.022258390267629e-15,7.344631596090543e-28,1.6362885971384097e-28,0.004922973097042375,1.9152978123489e-14,1.2688742722766788e-14,-1.9821885561490463e-25,9.255397909144388e-19,-3.654642670542051e-18,1.9152978123489e-14,0.0024624855284649453,4.2671480790259645e-19,6.017349558727823e-21,-3.8493729063085345e-28,-5.996338485779017e-29,1.2688742729384232e-14,4.267148079057519e-19,0.0024624855284595673,-3.3483601297643833e-25,2.7704110926075147e-14,7.022258383650184e-15,-1.9822471718059652e-25,6.017349424273643e-21,-3.3483986833554107e-25,0.0049229731319049485,-0.000207882848425413,0.00037433650348030407,2.7540621675312357e-20,-1.2991006772956418e-18,1.708940972231007e-18,-0.003719605727579029,0.05941041533285785,6.752039250205752e-11,4.8374969007402606e-26,-3.1468614281284884e-22,-3.053902235178251e-22,-1.3608053320611609e-06,6.752039278289324e-11,0.05941041522974608,-1.389755985395318e-25,5.7392178562724565e-22,5.615169953234691e-22,-7.240192947126669e-07,-6.593496211093474e-23,1.2059485439936213e-22,0.0032826481598997336,1.540719850280662e-16,8.515990180472851e-17,-1.281406302752078e-28,-2.9855792033840385e-22,5.781291420555968e-22,1.5407198502807427e-16,0.0008221582181658562,-2.9348140852285626e-21,2.154595470879001e-25,-3.0539029673064613e-22,5.615170779714528e-22,8.5159901804737e-17,-2.9348140852309147e-21,0.0008221582181658566,6.672921403748609e-26,-1.3608053320611609e-06,-7.240192947126669e-07,-1.9154085759892892e-28,2.8080238594086393e-25,1.4605400354829759e-27,0.03517077073373295
1774036459624042421,276,1774036459589318752,center_camera,base_link_12,-0.6212499980943141,0.2537499926659541,-1.0682703828663114e-18,0.0,0.0,0.9918712764380283,0.12724531809538786,0.003930279207404217,1.6653029303342174e-20,-1.0894595049943753e-26,-9.373614546076008e-19,-1.874770873560763e-18,2.2345028627654857e-14,1.6662097997821497e-20,0.003930279207404217,-1.775475473345264e-28,3.606698457618928e-18,7.2133438761099e-18,5.775746699020627e-15,1.2649626252376747e-26,-1.9470759047410141e-28,0.004715935242828955,2.21367402745446e-14,6.09805655267584e-15,-6.540101335950418e-31,-9.373614531459267e-19,3.606698395187756e-18,2.21367402745446e-14,0.002358966708407596,5.6842332997612456e-15,3.1415410799626388e-21,-1.8747708558721125e-18,7.213343942703151e-18,6.098056546058395e-15,5.684233299761252e-15,0.002358966708413543,6.123640516721185e-21,2.2345028601185077e-14,5.775746692403182e-15,-1.3184456090380914e-31,3.1415411418590123e-21,6.123640515487952e-21,0.004715935268574378,-0.00019691239868623478,0.0003508678512333437,-7.257227801288458e-20,-2.930950340292425e-18,-2.055888724384648e-18,-0.0035624346287939836,0.05970575313267173,6.088095968836787e-11,4.258502983825441e-26,2.922867388532911e-22,2.523598146634674e-22,-1.278476400012668e-06,6.088095926908733e-11,0.05970575303815835,-9.413058462443959e-26,-5.137812957803399e-22,-4.517495879281898e-22,-6.885822707770104e-07,2.7857521270384047e-23,1.4608859286278442e-23,0.0031446229840868464,1.115940075186965e-16,6.233312916559616e-17,-3.613427968088169e-27,2.7835549037329943e-22,-5.174190570167686e-22,1.1159400751871659e-16,0.0007876523248262566,-1.885897386382051e-21,1.0886150303346366e-25,2.5235981994156044e-22,-4.517457803335506e-22,6.233312916560276e-17,-1.8858973863818458e-21,0.0007876523248262565,2.3763892378187317e-25,-1.2784764000126679e-06,-6.885822707770103e-07,4.305423432721687e-30,1.08809256303744e-25,2.098997484076198e-25,0.03525591892530799
1774036459724333457,277,1774036459664264679,center_camera,base_link_12,-0.6212499981809355,0.25374999312479174,5.390468658530776e-19,0.0,0.0,0.9918712765985145,0.1272453168444054,0.0037492956318692138,1.4788740503593636e-20,1.1143475826500937e-26,1.2246308361705673e-18,1.6328141035683137e-18,2.0985338121148854e-14,1.478557213527568e-20,0.0037492956318692155,-2.0502312318818872e-26,-4.632150099368792e-18,-6.175996190031538e-18,5.525000323120879e-15,-1.2440225829108399e-26,2.495270589633814e-26,0.004498754964015352,1.2954928696115078e-14,5.5974214085005504e-15,-1.794154911770226e-31,1.2246308191875183e-18,-4.632150097193964e-18,1.2954928709349968e-14,0.002250376528966846,4.86547037234042e-19,1.09630119921827e-20,1.6328140854974467e-18,-6.1759961878564715e-18,5.597421388648216e-15,4.865470372332531e-19,0.0022503765289612807,1.4710683696150383e-20,2.0985338121148854e-14,5.525000316503434e-15,-7.215222623687834e-30,1.0963012126511648e-20,1.4710683822362603e-20,0.004498754989656119,-0.00018682472595362386,0.00032945952060426694,-8.205199630938267e-19,-4.819865411032888e-20,2.2226273279329934e-18,-0.00341881626674582,0.05996977972038503,5.498699039076741e-11,2.8805445732253305e-25,-3.02239677057382e-22,-4.869196108870626e-22,-1.2002959381978142e-06,5.498699050001304e-11,0.059969779633380696,-5.202452549711058e-25,5.031227670221468e-22,8.165300636395808e-22,-6.540151392426586e-07,-2.88892633887138e-23,1.1132521267194107e-22,0.0029998361094784797,9.467086589142373e-17,5.343268787835974e-17,2.2150935194426623e-25,-3.1620808900238527e-22,4.994789387380347e-22,9.467086589140676e-17,0.0007514554571976969,-1.434105471812043e-21,4.292378450558181e-25,-5.0088807830816855e-22,8.12886233525882e-22,5.3432687878355067e-17,-1.4341054718115101e-21,0.000751455457197697,5.593308682738243e-25,-1.2002959381978142e-06,-6.540151392426584e-07,-6.241655153705919e-28,3.7361462192652786e-25,5.037080754818537e-25,0.03533352158999057
1774036459790705275,278,1774036459746124983,center_camera,base_link_12,-0.6212499980438693,0.25374999274582033,8.765450477567291e-19,0.0,0.0,0.9918712762954058,0.1272453192071229,0.004095014473725773,1.5954995293149864e-20,1.2203375994327727e-26,4.082591908978034e-19,1.1531628561792943e-26,2.2085301353321274e-14,1.595174210650738e-20,0.004095014473725772,1.5832428967592482e-28,-1.513979905096097e-18,-4.715639426749449e-26,5.923755959056977e-15,-1.2769896629717542e-26,1.5797856775955137e-28,0.004913617566074795,1.8165644134394044e-14,1.0366494245275483e-14,-1.0387219391267281e-29,4.0825919089813763e-19,-1.5139799073597761e-18,1.8165644107924264e-14,0.002457807784048085,2.7170046421320935e-15,-8.465721906987641e-22,-5.926241778295076e-27,2.5281341054168645e-26,1.0366494258510373e-14,2.7170046420380566e-15,0.0024578077840480854,1.0813619149449467e-29,2.2085301353321274e-14,5.923755959056977e-15,1.1683346983561753e-29,-8.465721916440484e-22,-2.490983651959083e-29,0.004913617599419935,-0.00017398407921811093,0.0003032193241437717,-1.413880059389582e-19,-2.4670109782938205e-18,8.139699053888079e-19,-0.003247823117474544,0.05950882246012581,4.8501786934217704e-11,1.1719768735140434e-25,1.3504139325614555e-22,2.514856235570326e-22,-1.1169576938333434e-06,4.850178691855681e-11,0.05950882238174951,-4.182549493275033e-26,-2.1520010010580824e-22,-4.554290931987628e-22,-6.168271730574288e-07,3.173478796851449e-23,8.206243327347391e-24,0.0032764111510806856,1.2146015254196644e-16,6.931319727823747e-17,-2.0578124979984524e-27,1.3504143106362527e-22,-2.152002430701019e-22,1.214601525419945e-16,0.0008205990447106583,-1.9184569694351052e-21,-1.9890186452092646e-26,2.67277430711909e-22,-4.513045966121918e-22,6.931319727823515e-17,-1.918456969293323e-21,0.0008205990447106583,3.0689817676078803e-26,-1.1169576938333434e-06,-6.168271730574289e-07,4.142718588375962e-29,-3.5659650484353295e-26,2.310120632091776e-29,0.03520356942059485
1774036459857352541,279,1774036459826954842,center_camera,base_link_12,-0.6212499983189934,0.2537499938918014,1.093646009121142e-19,0.0,0.0,0.9918712768080807,0.1272453152108464,0.004043492271966993,1.1392055392392823e-20,1.6333512495201823e-29,4.13459413486172e-19,7.325394584959958e-29,1.8607578174788936e-14,1.138904070680098e-20,0.004043492271966992,8.303886252961553e-29,-1.5030270030558768e-18,-4.765465753871299e-27,5.0967492066338185e-15,-5.804758424226352e-30,9.737720403155298e-29,0.004851790916413022,1.5102933059879745e-14,8.722443502250101e-15,-1.5078618938075087e-25,4.1345942909429895e-19,-1.5030269988937088e-18,1.5102933059879745e-14,0.0024268945434635135,2.8397596058677047e-15,-1.1632605478034273e-21,7.325409800558835e-29,1.134508935661941e-27,8.722443515484991e-15,2.8397596058677047e-15,0.0024268945434635144,-3.199758256996647e-25,1.8607578174788936e-14,5.0967492066338185e-15,-1.508247852660092e-25,-1.1632605148701697e-21,-3.19977511305667e-25,0.004851790943721026,-0.00016367864628636614,0.00028180387219377506,-2.0218760795947768e-19,1.0376272855548132e-18,-7.574831370733605e-19,-0.00310253274661306,0.05965188387692511,4.344358237345167e-11,1.273624445296264e-25,1.0831590316356775e-23,8.525632628765538e-25,-1.04462512242213e-06,4.344358188757144e-11,0.05965188380490928,-1.2945963663376445e-25,8.615751099033182e-24,-1.4631306944242026e-24,-5.843949030399953e-07,-1.7432933052797868e-24,7.04179364383181e-24,0.0032351934319505412,9.847421993195217e-17,5.687227110774766e-17,1.346662883282944e-28,1.0832360914549978e-23,8.616197683128805e-24,9.847421993194855e-17,0.0008102949299197956,-1.4330850963122856e-21,-7.163164805660697e-26,1.5801887986589941e-23,-5.876905276598056e-23,5.687227110774755e-17,-1.433085096312766e-21,0.0008102949299197955,2.9107032374770405e-26,-1.04462512242213e-06,-5.843949030399953e-07,1.6729338590487573e-28,-4.285964174832776e-26,2.8778076208263813e-28,0.03524532980951463
1774036459957505380,280,1774036459900913239,center_camera,base_link_12,-0.6212499985026344,0.2537499946665309,9.966384082992264e-19,0.0,0.0,0.9918712771613145,0.1272453124574057,0.003699919160751102,8.871683826738394e-21,-5.4958008274184435e-27,2.067059439183989e-30,3.7224003292956367e-28,1.6296147710932388e-14,8.868590280299577e-21,0.003699919160751103,4.2402839723494793e-26,-1.6171336879949265e-27,4.370548989698142e-26,4.555659153475288e-15,5.992941776832683e-27,-4.6623172525157907e-26,0.0044395031965396995,1.2987252459381592e-14,7.589931884261466e-15,8.188161671527689e-29,1.9525935299922197e-30,-5.960526035268376e-30,1.2987252459381592e-14,0.0022207506718835367,-1.652096569451348e-19,1.296634934407898e-30,-3.03982382913286e-29,-2.4064943894123704e-26,7.589931897496356e-15,-1.6520952614568583e-19,0.0022207506718835346,7.90151040393082e-32,1.6296147684462608e-14,4.555659146857843e-15,-8.532447475854923e-29,-2.6435074906557073e-30,-8.06772367964881e-32,0.004439503220175714,-0.00015554729257220284,0.0002647203527116578,-4.931325750513304e-19,1.8762813666742682e-18,-1.3712992525971196e-18,-0.002983915164779541,0.06010458832232802,3.9443592156095645e-11,1.6820369925513638e-25,6.252491889229416e-23,4.656247962468153e-25,-9.804373390687513e-07,3.9443592357685855e-11,0.060104588255087396,-2.920897420826615e-25,-8.330251258073822e-23,-6.622401182741324e-25,-5.548946910101594e-07,-7.083778257019513e-25,3.068581303941655e-24,0.002960334946168936,7.089246022229636e-17,4.1430543426924823e-17,-3.8171642577136863e-29,7.65470863678806e-23,-1.3705414934334832e-22,7.089246022228224e-17,0.0007415802661077509,-9.007366367585972e-22,1.7178324781946555e-27,1.3904386806099042e-23,2.8400333442575513e-24,4.1430543426920706e-17,-9.007366369057582e-22,0.0007415802661077508,4.171356878325914e-28,-9.804373390687513e-07,-5.548946910101594e-07,-3.224667603875652e-29,8.478934634806584e-28,-3.193688670667293e-28,0.03537697617015784
1774036460024700875,281,1774036459977525711,center_camera,base_link_12,-0.6212499983954951,0.2537499943976906,2.514254418389116e-19,0.0,0.0,0.9918712769256335,0.1272453142945287,0.003832622888642676,9.449615392319713e-21,-5.577707494731815e-27,6.449373666674571e-19,-6.449365632890515e-19,1.711465211206713e-14,9.452949358318892e-21,0.003832622888642674,2.2366501368389535e-26,-2.2497179092097127e-18,2.249777436742058e-18,4.879085502434101e-15,6.0917953378866284e-27,-2.440423648428828e-26,0.004598747676503583,1.3806345766790358e-14,8.16582498597546e-15,4.2291676552322064e-26,6.449373845152549e-19,-2.2497179092092548e-18,1.3806345760172914e-14,0.002300372825946025,2.6997595881113782e-15,6.786195286743829e-21,-6.449365448654684e-19,2.249777436742328e-18,8.165824989284182e-15,2.6997595880160917e-15,0.0023003728259406294,-6.785998684967573e-21,1.711465211206713e-14,4.879085495816656e-15,4.247750091595016e-26,6.786195278291493e-21,-6.785998684817788e-21,0.004598747706700616,-0.0001458100774313587,0.0002450657654750289,-3.754160522613e-19,1.3910381283213122e-18,-4.46033973085093e-19,-0.0028505434141494314,0.05992121661754987,3.5145961582822294e-11,1.5712301275781177e-25,-9.740998214551042e-23,9.725461170339503e-23,-9.122298932114543e-07,3.5145961919343794e-11,0.059921216555834246,-2.2759121814119805e-25,1.6444563871640502e-22,-1.6395911445340683e-22,-5.228695823241565e-07,1.1047466595986561e-24,1.7405992758818574e-26,0.0030664978844657364,8.085397430236034e-17,4.782174793607687e-17,-1.2846703783019567e-25,-9.740898330946964e-23,1.6444595305341775e-22,8.08539743023755e-17,0.0007681206792921178,-1.0048358787309794e-21,2.7268886835136253e-25,9.72556555503546e-23,-1.6395884210729967e-22,4.782174793607964e-17,-1.004835878605333e-21,0.0007681206792921174,-2.722351789863693e-25,-9.122298932114544e-07,-5.228695823241567e-07,-3.7650951085234454e-28,2.730898738556191e-25,-2.71831334988553e-25,0.03532803795704553
1774036460124559351,282,1774036460060743570,center_camera,base_link_12,-0.621249998424753,0.2537499946193178,-2.7492742981959006e-19,0.0,0.0,0.991871276939308,0.12724531418793622,0.004162892259601383,8.182299468112553e-21,6.139069890827944e-27,-3.462475799501706e-19,8.834496698732758e-29,1.639095563226253e-14,8.179120194581444e-21,0.004162892259601381,2.1517973755358426e-26,1.1742838398563533e-18,4.4137172622834e-26,4.775836335301754e-15,-6.585696731446197e-27,-2.3345343670698396e-26,0.0049950709039301945,1.340185927136926e-14,8.033300500683987e-15,4.2818393122939244e-29,-3.4624758042788484e-19,1.1742838398567969e-18,1.3401859264751815e-14,0.0024985344746645123,-8.199526648611713e-19,2.7604032396570117e-21,1.6399939890204785e-28,-2.478867344838891e-26,8.033300497375265e-15,-8.199526648619601e-19,0.0024985344746700083,-4.338256854763765e-29,1.639095561902764e-14,4.775836348536644e-15,-4.9101450682888415e-29,2.76040323965802e-21,9.311964484810399e-29,0.004995070936887234,-0.00013521872187460834,0.00022403038823260167,2.28713925650369e-20,-1.6393087764731882e-18,2.8774096487054797e-18,-0.0027065029040987277,0.059494044699750316,3.09714816400248e-11,-2.7178128680504686e-26,1.530576162251165e-22,-9.74729470956451e-23,-8.453251760126808e-07,3.097148159192081e-11,0.059494044643592994,2.681090389157738e-26,-3.1148595025941946e-22,2.1907467889538934e-22,-4.915295487472461e-07,-2.690065879976175e-26,2.463476339501923e-26,0.003330713388328552,9.261007651255314e-17,5.551180612028809e-17,1.3356819841102059e-25,1.6874792712943506e-22,-3.0739277431586777e-22,9.261007651253588e-17,0.0008341746848192117,-1.1608105993422183e-21,1.216462321170509e-25,-6.540888981693724e-23,1.6040203072516528e-22,5.551180612026583e-17,-1.1608105993424932e-21,0.0008341746848192117,-2.6653828428303594e-27,-8.453251760126808e-07,-4.915295487472462e-07,2.2513715921914624e-28,1.2088772474107008e-25,-2.6602781018709258e-27,0.03520726675583316
1774036460190742702,283,1774036460140824318,center_camera,base_link_12,-0.6212499986725954,0.2537499955712191,2.6701062189792107e-19,0.0,0.0,0.9918712774140167,0.1272453104876037,0.004006036722009577,5.503244934167189e-21,-1.0947148680323769e-26,-1.0572859061832923e-26,-3.3481988696010596e-19,1.351288293040798e-14,5.509190193845718e-21,0.004006036722009577,2.2916282047526125e-26,-4.370263431710288e-26,1.1235660693379729e-18,4.03268988129816e-15,1.1965200266618538e-26,-2.3166520215911102e-26,0.004806844255831437,1.0841821249361786e-14,6.593255627992831e-15,-1.6324123065189153e-28,5.82244923592039e-27,2.3929240374820487e-26,1.0841821242744341e-14,0.002404421228071826,-1.2455544560588918e-19,-3.6592719719203307e-31,-3.3481990284337217e-19,1.1235661366139347e-18,6.593255631301554e-15,-1.2455548795825346e-19,0.002404421228072089,3.3872614200753496e-21,1.351288293040798e-14,4.032689887915605e-15,1.742345364303001e-28,-1.0313939522879938e-31,3.38726142774465e-21,0.004806844281811516,-0.00012709780722036906,0.00020753213274031176,6.33088711634874e-19,-1.0969835341052266e-19,-6.500683565231806e-19,-0.0025894072222404745,0.059764606346051914,2.7860288640506485e-11,-1.4484756405804447e-25,-4.431242295298166e-23,4.2377597644797287e-23,-7.881315564281048e-07,2.7860288835066067e-11,0.05976460629365174,3.552970956038784e-25,8.885251514807275e-23,-6.988051265497428e-23,-4.645560936427354e-07,-3.0293649443188064e-23,1.1593082348490218e-22,0.0032052289999821735,6.938916613217187e-17,4.219775275139646e-17,-1.1316315528670824e-25,-4.4312541730443275e-23,8.88564423730713e-23,6.938916613217954e-17,0.0008028038777430906,-7.962266622763884e-22,8.12191484488167e-29,5.698114307937928e-23,-1.2586411643118392e-22,4.219775275139971e-17,-7.962266622206035e-22,0.0008028038777430906,1.183378014142328e-25,-7.881315564281048e-07,-4.645560936427355e-07,-6.048144772924476e-28,8.121221318386308e-29,1.1829401334660804e-25,0.035285632902053846
1774036460257625080,284,1774036460211401463,center_camera,base_link_12,-0.621249998828372,0.2537499961774201,1.3055295878249309e-18,0.0,0.0,0.9918712777216868,0.12724530808932985,0.0035308565356298406,4.3106265898633174e-21,3.3198993040461492e-28,5.435431752735911e-19,1.0870731284979757e-18,1.1707544779308085e-14,4.310625176224575e-21,0.003530856535629844,-2.0520842417739528e-26,-1.7655628509689667e-18,-3.5310198937351916e-18,3.574345500683779e-15,-5.633949827454412e-29,2.318284382530133e-26,0.004236628053432009,1.3156651544649935e-14,1.6900298089847135e-15,5.1714749473214395e-31,5.435431758091837e-19,-1.7655628501937715e-18,1.315665153803249e-14,0.002119313091677581,5.618258455584351e-15,1.133196456134754e-21,1.087073119392999e-18,-3.531019858682308e-18,1.6900298156021584e-15,5.618258455540343e-15,0.002119313091672197,2.3640127604331436e-21,1.1707544779308085e-14,3.574345500683779e-15,7.673549966575796e-32,1.1331964558996486e-21,2.3640127611986906e-21,0.004236628075453178,-0.00012096730160069175,0.00019489077025029722,1.5694116394536932e-19,1.4491220996133558e-18,-1.1394131555043449e-18,-0.002498026112528469,0.06033799049588078,2.5509383205589098e-11,-6.169585592010934e-26,-5.839121783760186e-23,-1.5575312395954676e-22,-7.38639351998268e-07,2.5509383443658163e-11,0.06033799044608205,7.124351618323092e-26,9.440568652459098e-23,2.471011627449801e-22,-4.4058969727214286e-07,2.6858431298349423e-23,3.614838044165276e-24,0.002825084846227361,4.5648971998219266e-17,2.81509597110805e-17,-2.7494585828946026e-26,-5.159659757736119e-23,6.835974390530376e-23,4.5648971998214835e-17,0.0007077677093311288,-4.282644637692251e-22,1.857311534449533e-26,-1.4895923111900712e-22,2.2105663641219645e-22,2.815095971107772e-17,-4.282644637235013e-22,0.0007077677093311283,5.338633188752852e-26,-7.38639351998268e-07,-4.4058969727214286e-07,2.632553594361547e-29,3.1448769369320646e-26,6.585500825199159e-26,0.03545192607251528
1774036460357919446,285,1774036460298709631,center_camera,base_link_12,-0.6212499984945499,0.2537499952064403,1.7637711019923643e-18,0.0,0.0,0.991871276976673,0.12724531389667806,0.004367407672033498,5.709266523990899e-21,-4.651697686726654e-28,-2.8116731668724086e-19,-6.766892509358268e-27,1.459727818670079e-14,5.712651078062208e-21,0.0043674076720334985,-8.774206132795891e-28,9.055029012397432e-19,2.3386207383413874e-26,4.559407892997986e-15,3.497303736448096e-28,2.6541313180939514e-28,0.005240489396789474,1.2108725847766532e-14,7.58270746746244e-15,-2.0762230908800606e-25,-2.8116730660030146e-19,9.055029394112408e-19,1.2108725847766532e-14,0.0026212436376762587,-7.047749454938117e-19,-8.217421499544622e-22,3.3200495003330226e-27,-1.2399601283602014e-26,7.582707464153718e-15,-7.047749454938485e-19,0.0026212436376815335,9.318067315091051e-26,1.459727819993568e-14,4.559407896306709e-15,-2.0759648295870473e-25,-8.217421867177744e-22,9.314599437173707e-26,0.005240489439247208,-0.00010972031578955252,0.00017367635944594834,1.036046155411178e-18,2.385328777381529e-18,-1.9273781536803863e-18,-0.002348205381071691,0.05900883140157542,2.192604233650296e-11,-2.998882233894994e-25,1.354216940097236e-22,1.5899069963693972e-22,-6.75369636164674e-07,2.192604236955393e-11,0.05900883135721898,4.110099277422464e-25,-2.3588235731500586e-22,-2.7823668417543334e-22,-4.097246949092919e-07,1.8155818167781385e-23,-7.033331384387986e-23,0.0034943256696490566,9.208467357825306e-17,5.766490446765433e-17,-7.06870841363775e-26,1.1775482835505683e-22,-2.404879971627026e-22,9.2084673578289e-17,0.0008750774426616858,-9.849975346296816e-22,-2.777713139389954e-26,1.4132529845679204e-22,-2.828479500798961e-22,5.766490446766556e-17,-9.849975346299828e-22,0.0008750774426616856,1.700515478859794e-26,-6.753696361646739e-07,-4.097246949092919e-07,2.7384245903641972e-28,-4.5340343197147413e-26,-5.589622149541169e-28,0.03507198026788889
1774036460424529187,286,1774036460378216267,center_camera,base_link_12,-0.6212499989414043,0.2537499967202576,-1.3166523283632588e-18,0.0,0.0,0.9918712778805353,0.12724530685111338,0.00397733115218344,2.5784744403635484e-21,5.000824013838404e-27,2.939820449725429e-19,-1.176007591523526e-18,1.0022784944623392e-14,2.5727726294712578e-21,0.003977331152183442,-6.965752547238873e-28,-9.090662784269413e-19,3.636159276323451e-18,3.221302088858848e-15,-5.8795965303510715e-27,1.195815886018399e-27,0.0047723975676345325,1.207957954993063e-14,9.055992867693003e-16,-2.7255204917539963e-25,2.939820592540822e-19,-9.09066277625468e-19,1.207957953669574e-14,0.0023871979260674946,-2.9336547413853547e-15,2.5378236110653094e-21,-1.1760075919242225e-18,3.636159275167299e-18,9.055992900780228e-16,-2.9336547413853547e-15,0.0023871979260730925,-1.014986431971759e-20,1.0022784931388502e-14,3.221302088858848e-15,-2.724700075076022e-25,2.537823494449387e-21,-1.0149864319721521e-20,0.00477239759087936,-0.00010338973317241183,0.00016085788650337302,-6.778475163938197e-19,1.2206121097053852e-19,-1.318976846147414e-18,-0.002252845381817929,0.05959217511383028,1.9944510906989493e-11,1.5325578240964698e-25,-7.517398891221345e-23,1.291756574274186e-22,-6.290720376358322e-07,1.994451107053115e-11,0.059592175071687,-2.086758899913325e-25,1.1484354004466742e-22,-2.0245118614559527e-22,-3.8721329498376955e-07,-4.005871413753329e-23,4.2267991385250557e-23,0.003182264564815502,5.003808846232694e-17,3.188932026925882e-17,4.8190351377246e-28,-5.506673406043967e-23,9.186489131614337e-23,5.003808846236942e-17,0.0007970629263980064,-4.656121045806028e-22,7.831688616744395e-26,1.4928217463867083e-22,-2.25430131162803e-22,3.188932026926909e-17,-4.656121045825079e-22,0.0007970629263980063,-3.1777215777119404e-25,-6.290720376358321e-07,-3.872132949837696e-07,-3.7773686185013036e-28,7.915022021630374e-26,-3.177500191233751e-25,0.03523777883191325
1774036460490718245,287,1774036460447503567,center_camera,base_link_12,-0.6212499991451289,0.253999938493732,-1.2730751520072363e-18,0.0,0.0,0.9891097620380463,0.14717974942579354,0.00346636430334222,2.215496540998252e-21,2.441105451558698e-28,-6.702187894880617e-19,-6.702055610468581e-19,9.050640479734193e-15,2.2123246385834413e-21,0.0034663643033422207,-8.827511465082517e-28,2.0054178054022826e-18,2.0054178049085007e-18,2.983961537979172e-15,4.064373558096637e-29,-1.6058683662764178e-28,0.004159237378153367,3.0600509112951648e-15,8.506616225037035e-15,4.0727518515607893e-25,-6.702187894880596e-19,2.005417803555671e-18,3.0600509112951648e-15,0.002080617747291735,-5.598134435186975e-15,7.884633424981313e-21,-6.702055608551535e-19,2.0054178041416863e-18,8.506616225037035e-15,-5.5981344351869775e-15,0.002080617747297106,7.842838194536553e-21,9.050640479734193e-15,2.9839615346704496e-15,4.074424886169235e-25,7.88463343198703e-21,7.842838322947161e-21,0.004159237399677775,-3.496537826314433e-05,-9.27488778152739e-05,-6.305497715193291e-19,-2.8931881339338505e-20,4.876703835033473e-19,-0.022070326824068367,0.06021392570197565,1.837268847615086e-11,6.434669023572811e-26,9.679395077788608e-23,-5.1210685063364907e-23,-5.87975110934163e-07,1.837268840971955e-11,0.060213925661512624,-1.4261754900983618e-25,-1.4248426921300996e-22,9.44159050968658e-23,-3.6656264742314154e-07,2.6368261983003402e-23,-4.8273061501875795e-23,0.002773491059051942,3.36263246889488e-17,2.1786685488913517e-17,1.0475413930298698e-25,9.008439284916887e-23,-1.167643020181669e-22,3.362632468896077e-17,0.0006948692375570521,-2.7123685239510116e-22,1.7618901188948492e-25,-6.435025839274686e-23,1.1845852667501237e-22,2.178668548891525e-17,-2.7123685239560916e-22,0.0006948692375570523,2.2656289135580825e-25,-5.87975110934163e-07,-3.6656264742314154e-07,2.138044215627542e-28,2.280577807036412e-25,2.2656040460164053e-25,0.035416726013445046
1774036460590719169,288,1774036460533820868,center_camera,base_link_12,-0.6212499987084414,0.2537500654278711,-6.589475971793366e-19,0.0,0.0,0.9918706738361628,0.12725001526049526,0.004317864276758249,2.0389320523610021e-22,6.373463295627939e-27,7.322135021800353e-19,-4.881324062681784e-19,-4.2127576509396366e-15,2.0389320523610021e-22,0.004317864276758247,-1.2663883481665173e-26,9.807640546902051e-19,-6.538415888029489e-19,4.052859608509192e-15,-6.708946651550768e-27,1.3527728146541084e-26,0.005181037326737332,-2.2980827830160945e-15,2.1771447422961055e-15,4.032610520427108e-25,7.322135012983599e-19,9.807640552979968e-19,-2.298082779707372e-15,0.0025915175829563063,2.6175530579546804e-15,-4.6160481878357674e-21,-4.881324168727565e-19,-6.538416076412516e-19,2.1771447422961055e-15,2.617553058361493e-15,0.002591517582951092,2.9301229664875144e-21,-4.212757647630914e-15,4.052859608509192e-15,4.03357692367976e-25,-4.616048114802747e-21,2.930122893441325e-21,0.00518103736976619,-0.00013313229918024113,0.00024361781501903144,-4.0129208635993134e-19,1.3151290609870992e-18,2.058084796231508e-18,0.007067451317097056,0.05886992972944258,1.4661093932060854e-11,5.859181706217636e-26,-1.4966399732939423e-22,-7.111682790997865e-23,-4.487813225115263e-07,1.4661093575421975e-11,0.058869929695282805,2.600451029526886e-26,1.866017430827284e-23,2.403637704387732e-22,-3.169604373719693e-07,-6.108263706946674e-25,2.2250577743831096e-24,0.0034546909453475796,-4.455016443653974e-17,1.6182559868979765e-17,-6.195434540484897e-27,-1.4088514198136854e-22,2.133184812418019e-23,-4.4550164436549454e-17,0.0008651686881804645,-2.0203862012674276e-22,-2.4145783553669285e-25,-6.233827010822374e-23,2.4303371587179353e-22,1.6182559868985278e-17,-2.0203862085262656e-22,0.0008651686881804646,1.5120971789936655e-25,-4.487813225115263e-07,-3.169604373719693e-07,2.636878829577509e-28,-2.413324923918791e-25,1.5133808620151077e-25,0.03502981733059949
1774036460657397541,289,1774036460609956026,center_camera,base_link_12,-0.6212499988912518,0.25374999560583716,-7.91469813679374e-19,0.0,0.0,0.9918712862996396,0.12724524122456785,0.003808757284649653,6.425059774778328e-22,-4.697246709405226e-27,1.194863708071643e-18,8.961477813022031e-19,1.3123281642754003e-14,6.4540605735736595e-22,0.003808757284649653,-6.736134980901227e-29,-4.756171355134206e-18,-3.567128543976772e-18,3.352524409886427e-15,5.7005912259999576e-27,-1.511427997206496e-28,0.00457010893344432,6.687174525379102e-15,1.0053262798104713e-14,-2.680459240007935e-30,1.1948637085676604e-18,-4.7561714190675136e-18,6.687174525379102e-15,0.00228605359914687,2.913094484188563e-15,-6.2917849240450064e-21,8.961477813021546e-19,-3.567128547513754e-18,1.0053262804722158e-14,2.913094484351895e-15,0.002286053599135201,-4.563929075439803e-21,1.3123281642754003e-14,3.352524409886427e-15,2.3283730657107036e-30,-6.29178486508789e-21,-4.563929071751325e-21,0.004570108955291591,-0.0001260653326428864,0.0002285428026456674,-3.699882922062488e-19,1.2539838358911292e-18,-2.6359735145525897e-18,0.006805556375662794,0.05957755041460836,1.3823599951862141e-11,8.107436647372894e-26,-8.696350535300799e-23,-1.3490388399562634e-22,-4.4018909389521363e-07,1.3823599730976081e-11,0.059577550381162345,-7.597493734220203e-26,3.3700180975344644e-22,1.2635557992475051e-22,-3.085847293355489e-07,2.494557038347443e-23,6.411392584039206e-24,0.0030474054701522765,6.255284178787963e-17,3.429696966019791e-17,-7.154191726841496e-29,-7.358136112395197e-23,2.857108273680078e-22,6.255284178786713e-17,0.0007633481165063457,-5.570916354891784e-22,-1.924834981812099e-25,-1.482851633242476e-22,1.7764338022273091e-22,3.4296969660197254e-17,-5.570916356739341e-22,0.0007633481165063454,-1.4052340359493847e-25,-4.401890938952137e-07,-3.0858472933554896e-07,4.487655655902963e-29,-1.924951055741302e-25,-1.3889819695835925e-25,0.035230598814923096
1774036460724037471,290,1774036460691935539,center_camera,base_link_12,-0.6212499987376431,0.2537499950667935,1.5101723774635516e-18,0.0,0.0,0.9918712874391902,0.12724523234181884,0.004100974948083249,7.071840898735028e-22,-6.38173492576108e-29,-5.807888874968301e-27,-8.147908042342875e-19,1.460529212423344e-14,7.103928478698053e-22,0.00410097494808325,-2.29541738796909e-26,1.1918530079292346e-28,3.179738542966622e-18,3.8058502394023346e-15,-4.543649260436783e-29,2.5274791039073335e-26,0.004920770133853358,1.2378451406365276e-14,1.0728114811985985e-14,-2.8463376448840892e-25,3.1115712832513758e-27,1.1874843471212963e-28,1.237845141298272e-14,0.002461384083515378,-2.740428285853204e-15,1.7265898028698177e-25,-8.14790804150493e-19,3.1797385429663806e-18,1.0728114808677262e-14,-2.7404282861309115e-15,0.0024613840835099035,6.39650601309092e-21,1.460529212423344e-14,3.805850242711057e-15,-2.8463355383168096e-25,1.7265904469654251e-25,6.3965059500900874e-21,0.00492077016618895,-0.0001165190701765777,0.00020896602455157935,-5.928099670726321e-19,3.1339422747732577e-19,-1.4277677093723549e-18,0.006470242609680192,0.059249957448937254,1.273919942707237e-11,1.130361942688168e-25,1.793955305661552e-22,2.6945593308680503e-22,-4.333616367520693e-07,1.2739199181118332e-11,0.05924995741720639,-2.113810288239182e-25,-3.104702013204748e-22,-4.882491174721324e-22,-2.996260959804144e-07,1.0825448899336023e-24,4.3847442316852833e-26,0.003281179538316316,8.300977723794995e-17,4.5963675154684e-17,4.729829783161269e-28,1.7939611132179603e-22,-3.104700817252562e-22,8.300977723792259e-17,0.0008217911996981654,-7.711675577689762e-22,-1.1805390215224044e-28,2.849546234359348e-22,-4.842059826284913e-22,4.596367515467955e-17,-7.71167557362155e-22,0.0008217911996981655,2.1569879302730286e-25,-4.333616367520693e-07,-2.9962609598041434e-07,4.424690263977027e-28,-1.181151383800846e-28,2.776942108014701e-25,0.035134428044705276
1774036460824084009,291,1774036460769109249,center_camera,base_link_12,-0.6212499989527073,0.25374999598521525,-1.136292589901291e-18,0.0,0.0,0.9918712862479778,0.12724524162726902,0.0038606848217212705,5.051192748890877e-22,-3.7740617436647345e-28,-2.582029652646814e-19,-1.0327986535418645e-18,1.1970432452681882e-14,4.990502208464241e-22,0.003860684821721269,-1.4901960508515482e-28,9.812718069733745e-19,3.925193168516821e-18,3.1703459830329034e-15,4.5459934876949214e-29,-1.4908881104552558e-28,0.004632421982668554,5.862214383227522e-15,9.552517076425137e-15,-2.563914623703862e-25,-2.5820297360202164e-19,9.812718403227119e-19,5.862214369992632e-15,0.0023172100779192332,2.8405495150791386e-15,-3.579519519185982e-21,-1.0327986535418684e-18,3.925193133510693e-18,9.55251707973386e-15,2.840549514993159e-15,0.0023172100779132927,-1.431599236841142e-20,1.1970432465916772e-14,3.170345986341626e-15,-2.563780583468145e-25,-3.579519390385799e-21,-1.431599236846742e-20,0.0046324220075434856,-0.000109367570633094,0.00019403990146987375,1.5531658568796824e-19,2.441212491214496e-18,1.188980502297431e-18,0.006206205079791416,0.059636604063279815,1.194538634444818e-11,-5.563582596807912e-26,3.31330368681117e-23,8.758182961661423e-24,-4.2128929973962375e-07,1.194538594712753e-11,0.059636604032492165,1.3019390057448073e-25,-5.860445703347072e-23,-9.316147480346465e-24,-2.896492904198321e-07,-2.745445574365827e-23,-7.017422414455652e-24,0.003088947477216585,5.873767741374497e-17,3.2883188739590127e-17,-1.1048668360664795e-25,3.31321361479605e-23,-5.860285292537512e-23,5.873767741372671e-17,0.0007737334468138103,-4.740391225309432e-22,-6.216430336005304e-26,-5.523538842092125e-24,4.5430431356093135e-23,3.2883188739591445e-17,-4.740391224275563e-22,0.00077373344681381,-4.76788566738081e-25,-4.2128929973962375e-07,-2.896492904198321e-07,4.830329385603554e-28,-1.1676335462936492e-25,-4.759663567691028e-25,0.035244113793194
1774036460890744957,292,1774036460852649212,center_camera,base_link_12,-0.6212499988812406,0.2537499957957453,1.3048401016136882e-19,0.0,0.0,0.991871286816579,0.12724523719504702,0.004178997439432867,-5.675153704581344e-23,-6.2170483454628414e-27,7.497513099982797e-19,7.497380866201807e-19,1.2487535981994604e-14,-5.675305165875146e-23,0.004178997439432864,-2.1892754061802076e-26,-2.7931133607225694e-18,-2.7930604238224794e-18,3.377455805602343e-15,6.154211665250822e-27,2.4690300606613722e-26,0.005014397118691538,6.646190829608758e-15,9.872762889458904e-15,-1.8247009026970953e-25,7.497513094486986e-19,-2.7931133255561425e-18,6.646190836226203e-15,0.002508197589146649,2.7559047131353967e-15,-9.031976472988099e-21,7.497380778284269e-19,-2.7930604228702607e-18,9.872762886150181e-15,2.7559047131353967e-15,0.0025081975891411324,-9.033326960571871e-21,1.2487536008464384e-14,3.377455805602343e-15,-1.82465809301772e-25,-9.031976345086578e-21,-9.033327088472427e-21,0.005014397151346335,-0.00010060666471150085,0.0001762900201964384,6.835961868574297e-19,-1.6641696908842299e-18,-1.2567853274516664e-18,0.0058931953908438394,0.05926903167635458,1.1008175952193253e-11,-1.7181060588468756e-25,-1.6141479851119354e-22,-2.8229494390888264e-22,-4.0982879250685607e-07,1.1008175824835905e-11,0.05926903164723895,3.6503279027012015e-25,2.9243245610377003e-22,4.97994834695546e-22,-2.792486836844046e-07,-4.7566384262250196e-23,5.0429123653261446e-23,0.003343597535445157,7.344552738993248e-17,4.1591086587970134e-17,-1.2534098722978786e-25,-1.6141542218438308e-22,2.924347173442715e-22,7.3445527389946e-17,0.0008373957480529651,-5.801613655472095e-22,-3.2242570050799087e-25,-2.7417127021392923e-22,4.668517825696275e-22,4.159108658797034e-17,-5.80161365548145e-22,0.0008373957480529652,-4.461790239516114e-25,-4.098287925068562e-07,-2.792486836844046e-07,-5.774559160895623e-28,-3.8315164018501185e-25,-3.838462358156236e-25,0.03513743812272535
1774036460957371551,293,1774036460925263405,center_camera,base_link_12,-0.6212499991401621,0.25374999683605504,9.712897624609235e-19,0.0,0.0,0.9918712852914606,0.12724524908327947,0.003632708981740165,-2.177442900672349e-22,-2.2636452988437314e-28,2.1869858497043617e-28,4.370601570838771e-19,9.495117405680972e-15,-2.177442900672349e-22,0.0036327089817401632,2.195970406595934e-26,-2.2585242040736198e-26,-1.5903920156155687e-18,2.612635780255594e-15,-3.484606677475881e-29,-2.3433283810996505e-26,0.004358850979641367,7.680994437657086e-15,4.403478077502697e-15,5.590744203194381e-32,2.7463511860934326e-29,1.2060492716090461e-26,7.68099443103964e-15,0.0021804245934404485,2.870174958823532e-15,2.319661049398854e-32,4.370601572751084e-19,-1.5903920484692482e-18,4.403478077502697e-15,2.870174958823532e-15,0.0021804245934461826,-1.6132544628447846e-22,9.495117405680972e-15,2.612635780255594e-15,-3.799474690163397e-32,-4.856864400636108e-32,-1.6132544442181085e-22,0.004358851000966514,-9.510914005088726e-05,0.00016475654042324801,1.2331740356172526e-19,-2.3446857324167394e-19,1.3102485621731757e-18,0.00568310643424435,0.05996559333290119,1.0439809368466728e-11,-4.0371246192518147e-26,1.0096675714286488e-22,5.285012379152615e-23,-3.9426114116394793e-07,1.0439809324844882e-11,0.05996559330438008,2.97515101901363e-26,-1.8175533083140309e-22,-9.828302360690479e-23,-2.686003300731445e-07,-2.6112652194752467e-23,4.773570575661694e-23,0.0029065668184769813,4.0420107736377743e-17,2.3172351614257603e-17,-1.7496891830748942e-27,1.1399101227514436e-22,-2.0558618020922195e-22,4.0420107736375814e-17,0.0007281383465033757,-2.325495243668357e-22,1.7465749611954668e-27,4.647673523656582e-23,-9.994724094930039e-23,2.317235161425848e-17,-2.3254952436635287e-22,0.0007281383465033763,-6.683482372750005e-27,-3.9426114116394793e-07,-2.6860033007314446e-07,-1.009465692635093e-28,1.1444539959386772e-28,-6.679729110305153e-27,0.03533705234755347
1774036461057364824,294,1774036461001112461,center_camera,base_link_12,-0.6212499990319623,0.25374999650989966,-1.9013818618932073e-18,0.0,0.0,0.9918712860663087,0.1272452430433718,0.0037944520601871706,-1.700489267004566e-22,-2.7915498035450782e-27,2.6419318736221063e-29,-7.491985979559371e-19,1.0453095257762232e-14,-1.7344600157205347e-22,0.0037944520601871715,1.1172943081130472e-26,-2.5101300171126843e-26,2.7056701638418084e-18,2.9392390983366515e-15,3.1641244034315787e-27,-1.2670780280853552e-26,0.0045529426865906965,8.619045958768197e-15,1.2175743723210558e-15,4.2151811851028155e-25,2.638370307940739e-29,1.360538509742899e-26,8.619045958768197e-15,0.0022774703122840348,2.675751556004264e-15,-1.1788988108215744e-25,-7.491985976627258e-19,2.705670162668966e-18,1.2175743690123333e-15,2.6757515559072183e-15,0.002277470312289616,-1.0417049688951135e-20,1.0453095257762232e-14,2.9392391049540964e-15,4.214254424389666e-25,-1.1788544907236283e-25,-1.0417049545267294e-20,0.004552942717262375,-8.81677604655245e-05,0.0001507987329664452,1.063446322427645e-18,-2.3922435194468344e-18,-2.296058152957308e-18,0.0054297805964381475,0.05975708065192281,9.669508331191958e-12,-1.930644643054748e-25,7.30413630555484e-25,1.7364011536993362e-22,-3.771310214021079e-07,9.669508383493819e-12,0.05975708062478595,3.204037361625312e-25,-1.376676714446606e-24,-3.0396922089695684e-22,-2.563097118790038e-07,3.044661323843429e-25,-1.5857797303192092e-24,0.003035961214131575,4.947276825724871e-17,2.870492035855484e-17,-7.634459892378024e-28,7.2984391889957255e-25,-1.3744928172432911e-24,4.947276825725941e-17,0.0007604864419926117,-2.914141520513646e-22,-9.928710373750813e-28,1.7364012306817518e-22,-3.0396925833766075e-22,2.8704920358555387e-17,-2.9141415192431136e-22,0.000760486441992612,-4.963063057217966e-25,-3.771310214021079e-07,-2.563097118790038e-07,8.519395904981692e-28,-1.7944847528583448e-27,-4.3483273300424005e-25,0.03527894433696886
1774036461124054192,295,1774036461087208271,center_camera,base_link_12,-0.6212499990336766,0.253749996596614,-3.1895761430898654e-19,0.0,0.0,0.9918712862326847,0.12724524174647772,0.004306789791565604,-6.0239938028863375e-22,5.46513496501005e-27,-3.3740264547611887e-28,-2.1164551481941005e-19,1.0145337681603754e-14,-6.023931198884899e-22,0.004306789791565603,-7.852269462498515e-29,-2.3291345710903232e-26,7.338737781344571e-19,2.9206866614243936e-15,-5.8287831988215615e-27,-3.7655890559198833e-29,0.005167747937471236,8.56555473627068e-15,5.039956746016271e-15,1.8042772221557454e-26,2.2009828340415097e-28,1.2384173991299149e-26,8.565554732961957e-15,0.0025848729816214666,1.225006927420235e-18,1.4720646202081005e-26,-2.1164551426193832e-19,7.33873777135802e-19,5.039956739398826e-15,1.2250069274328568e-18,0.0025848729816269336,7.313857725348975e-23,1.0145337668368864e-14,2.9206866614243936e-15,1.8037156013441538e-26,1.4720700560523598e-26,7.313857283486041e-23,0.005167747973265643,-8.011492227988719e-05,0.0001348874793678467,-3.905955058903104e-19,-2.7443956113740093e-18,2.039317623662534e-18,0.005134752938842934,0.05908348641602728,8.845651389233009e-12,6.451644058472838e-26,4.617454975613139e-25,-9.483599388965433e-23,-3.612403540075758e-07,8.845651432154757e-12,0.05908348639071525,-1.1674673120841669e-25,-6.669385360827619e-25,1.7629185586351834e-22,-2.4450860813728566e-07,1.1248974940038052e-24,-4.183911597730912e-24,0.0034458314048645745,6.335315223312767e-17,3.7276722730262505e-17,3.290927176395986e-27,4.6114322134816735e-25,-6.644706684443286e-25,6.335315223311209e-17,0.0008629541517024858,-3.9081577673862634e-22,1.7911017720420928e-27,-1.0331332676807373e-22,2.0878847449816838e-22,3.7276722730263966e-17,-3.9081577673931504e-22,0.0008629541517024862,4.810320468253751e-27,-3.612403540075758e-07,-2.445086081372857e-07,5.939739366266618e-29,1.7551489401566839e-28,7.4210789663173355e-28,0.03508401969666972
1774036461224179779,296,1774036461162460089,center_camera,base_link_12,-0.6212499992912456,0.25374999756757205,-1.6185283614268636e-18,0.0,0.0,0.9918712846364085,0.1272452541893829,0.0037645902403747695,-1.5442799140769151e-22,2.759877645714743e-27,3.755225311688732e-19,-5.632862895628059e-19,7.327593247056168e-15,-1.5442801665124048e-22,0.003764590240374766,-9.756982012022392e-27,-1.2999710550710365e-18,1.949984715284644e-18,2.156227171019432e-15,-2.9863551303559195e-27,1.0525464433765854e-26,0.004517108481821748,5.890014715931735e-15,-5.994854739979201e-16,-9.99223143944675e-26,3.7552253893839753e-19,-1.29997105606636e-18,5.8900147126230126e-15,0.0022595533710946477,2.9136812469104217e-15,-1.528204890974782e-21,-5.632862818497883e-19,1.9499846842065982e-18,-5.994854706891976e-16,2.9136812468285538e-15,0.0022595533711004716,2.2368285798725464e-21,7.327593260291058e-15,2.1562271743281544e-15,-9.992157494675559e-26,-1.528204890018015e-21,2.236828608735201e-21,0.004517108503321869,-7.524516958469479e-05,0.0001248239306322431,6.144735245136101e-19,-9.637143814877863e-19,-3.942041292700362e-19,0.004944558256542317,0.0598023875056191,8.404274201474889e-12,-5.621773804624818e-26,-4.0005459188070357e-23,2.8950299436672107e-23,-3.4442491234604333e-07,8.40427440091327e-12,0.05980238748086547,1.1895701312746224e-25,6.724192641055258e-23,-5.947457770568333e-23,-2.3380202401686384e-07,-5.688283458288259e-26,1.200995324861933e-25,0.0030120718345673565,3.3290099332097234e-17,1.9896448661180526e-17,-2.5469323427059696e-26,-3.3624151717186195e-23,6.890656538349833e-23,3.329009933209762e-17,0.0007545146994170805,-1.5002430970167027e-22,-4.2315444658890004e-26,3.5609426177737643e-23,-8.499976853517191e-23,1.9896448661181475e-17,-1.5002430961145748e-22,0.0007545146994170804,7.484220107172962e-26,-3.4442491234604333e-07,-2.3380202401686387e-07,-8.600803056645812e-29,-4.231113989347403e-26,6.212346906488894e-26,0.03528946831648629
1774036461290869220,297,1774036461241128683,center_camera,base_link_12,-0.6212499993166135,0.2539999370416828,1.861175219721589e-18,0.0,0.0,0.9891097964805262,0.14717951795766984,0.003935428994683946,-5.202942828893494e-22,1.3897645867435644e-28,-1.613613909860126e-19,-1.613613909410068e-19,7.953923911613709e-15,-5.170267326675026e-22,0.003935428994683945,1.3958112760816519e-28,5.510468895810164e-19,5.510469013190152e-19,2.402517826053099e-15,-2.363220171284514e-28,1.2883085899712684e-28,0.004722114997676617,6.510453621140244e-15,3.952477330265946e-15,5.293188981087529e-25,-1.6136139098600978e-19,5.510469076702577e-19,6.510453614522799e-15,0.002362056503897148,1.03001710806189e-18,-2.52197651289552e-21,-1.6136139088829178e-19,5.510469013190153e-19,3.952477333574668e-15,1.0300171548918289e-18,0.0023620565039023465,-2.619583056061149e-21,7.953923918231154e-15,2.4025178293618216e-15,5.292351354034674e-25,-2.521976242636453e-21,-2.6195830560597704e-21,0.004722115028308111,5.390952412146335e-06,-0.00017417613487352498,4.679888387008241e-20,2.0160826111660177e-18,-2.5501969669940486e-18,-0.018887522625954545,0.0596093560619434,7.792086398992553e-12,-4.491698585687172e-27,7.016409456919949e-23,-5.0304850081822767e-23,-3.2564411011260475e-07,7.792086520808936e-12,0.059609356038491004,1.8178585168464597e-26,-1.0930203964244235e-22,7.407289959101975e-23,-2.2147697659673573e-07,-9.746468140573798e-25,1.7937369395720308e-24,0.003148742774759971,4.020287572414411e-17,2.4406947067055355e-17,6.109658642178459e-29,7.016381906051198e-23,-1.093009835244829e-22,4.02028757241419e-17,0.0007886819663695111,-1.7985150886392256e-22,-1.016043605512091e-25,-4.2718020061067626e-23,7.605205931686733e-23,2.4406947067059623e-17,-1.798515089256174e-22,0.000788681966369511,-1.0908060297852576e-25,-3.256441101126048e-07,-2.2147697659673573e-07,3.6941457656235224e-29,-1.0140452859780126e-25,-1.090861169722719e-25,0.035234905957376245
1774036461357632277,298,1774036461317150354,center_camera,base_link_12,-0.6212499991882716,0.2540000030329044,-5.572251888017191e-19,0.0,0.0,0.9891091436444988,0.147183905230315,0.003803082865721898,-1.2815304656563229e-21,-3.7172139119800135e-28,-3.689595081415088e-19,-5.459597377585081e-26,-8.482286811666266e-15,-1.278372649141836e-21,0.0038030828657218997,-6.571744254146358e-28,-1.3734146194590947e-18,-1.808103483060324e-25,2.449688760013446e-15,2.09037935346579e-28,8.303934134137846e-28,0.004563299642581792,-8.615759934153993e-15,-3.0402938752450837e-16,-1.0471634429529053e-29,-3.6895950787014256e-19,-1.3734146194590847e-18,-8.615759940771438e-15,0.0022826488695041505,2.7879805418615547e-15,-8.189304559050578e-22,-5.459597360733194e-26,-2.155445462753857e-25,-3.0402938773130353e-16,2.7879805416823507e-15,0.0022826488694985907,-1.057784284437019e-28,-8.482286824901156e-15,2.4496887633221686e-15,1.0939525021195179e-29,-8.189304559060786e-22,-1.052253483834479e-28,0.004563299668852245,6.186303911544604e-06,-0.00016807955813914332,-2.057381780167039e-19,-1.909852921869581e-18,2.974035308892878e-18,-0.01811121552201493,0.05982747901599851,6.807008027953813e-12,-1.3968107353235894e-26,-2.636166856841164e-23,-2.496646512125708e-23,-2.4477895903638873e-07,6.807007820837167e-12,0.05982747899430797,6.131517306962433e-26,1.4481347360512176e-22,9.342402818604806e-23,-1.9368580204582485e-07,-1.3973720653317745e-23,-4.18606414714467e-24,0.003042865895783559,-4.9687548481172077e-17,-1.7533071019440412e-18,-5.455028277122621e-27,-2.6361654547463827e-23,1.4481342738568654e-22,-4.968754848115735e-17,0.000762212908246262,-2.0505827747100936e-22,-1.709940727601922e-26,-2.4965931442004296e-23,9.34222338500197e-23,-1.753307101944528e-18,-2.050582772512243e-22,0.0007622129082462619,-4.783348437399054e-27,-2.447789590363887e-07,-1.9368580204582485e-07,-5.960184951387587e-29,-1.7099407093096103e-26,-8.58530757922955e-27,0.0352980796417254
1774036461457857721,299,1774036461398277998,center_camera,base_link_12,-0.6212499992853919,0.2537500626199016,-1.5085336309858583e-18,0.0,0.0,0.9918707265829525,0.1272496041164998,0.004058381466798966,-1.744813960251967e-21,-1.9437395988069962e-28,5.384837095086714e-19,1.5521172821238568e-30,-8.902623192737178e-15,-1.7512508632901787e-21,0.0040583814667989665,1.082053317704672e-26,2.0579480818442347e-18,5.450812923347714e-29,2.512388640163382e-15,4.5536093698325995e-29,-1.2408340443138573e-26,0.004869657957886581,-1.30640339777295e-14,-3.798933011840212e-16,2.0595222716155433e-26,5.384837182114115e-19,2.0579480807269033e-18,-1.3064033984346945e-14,0.0024358279940741713,2.7407269195367348e-15,4.224935083662069e-21,1.552265044702491e-30,5.450196609308589e-29,-3.798933015976115e-16,2.7407269191658944e-15,0.002435827994068705,-6.825325357151901e-26,-8.902623205972068e-15,2.5123886434721043e-15,2.0590693567534846e-26,4.224935081533149e-21,-6.825534181327143e-26,0.004869657989738473,-8.18137400861361e-05,0.00012848937712544683,7.626318989354765e-19,2.468023265956356e-18,-1.777829473065284e-18,0.00680956591731079,0.05951785254630802,5.821315938191925e-12,-1.4981424991843478e-26,1.0867480955273124e-23,-4.6845938124827114e-26,-1.5942779078145353e-07,5.821315922477575e-12,0.059517852526509346,-2.5063738787629246e-25,-3.011104078026625e-22,5.421482014947753e-25,-1.6434598230960806e-07,3.3077061656417252e-24,-6.602996804045327e-23,0.0032471047536083587,-6.037219719705043e-17,-2.4948829515985555e-18,6.166804132174528e-26,1.8501430042878906e-23,-2.987870998218983e-22,-6.037219719704467e-17,0.0008132724982028509,-2.3116177831843566e-22,1.9459231490208997e-25,-4.684593885110042e-26,5.420977295674303e-25,-2.4948829515981934e-18,-2.311617777824359e-22,0.000813272498202851,8.906835449469697e-28,-1.5942779078145353e-07,-1.6434598230960806e-07,3.884545560077604e-28,1.9307601474164535e-25,-7.250703767565447e-28,0.03521011384696964
1774036461524022595,300,1774036461476716518,center_camera,base_link_12,-0.6212499992691132,0.253999941075139,6.548511004520377e-19,0.0,0.0,0.9891097549061905,0.14717979735485381,0.003923925345482489,-4.957964283587644e-22,-1.6435209048899654e-29,4.026340096067711e-19,8.052696727779448e-19,7.534291639915091e-15,-4.957964283587644e-22,0.003923925345482486,-1.148588408443771e-26,-1.2334503966636333e-18,-2.4669156750745693e-18,2.498508741390644e-15,-1.0271931794844118e-29,1.2747150446992774e-26,0.0047083106100010924,1.0213954755252196e-14,-2.1416506769830838e-17,-1.0274098338196543e-29,4.026340096067711e-19,-1.2334503966637496e-18,1.0213954751943473e-14,0.0023551543820095515,-2.8287691052225934e-15,1.0592973527634267e-21,8.052696727779447e-19,-2.466915676126251e-18,-2.1416510078553288e-17,-2.828769105222587e-15,0.002355154382003899,2.1186011754050036e-21,7.534291639915091e-15,2.498508741390644e-15,1.1306054006337548e-29,1.0592973527633116e-21,2.1186011440302078e-21,0.004708310636246744,-6.915883894039957e-06,-0.00014851211610170104,-5.724671619257898e-19,-1.4891113249678798e-18,2.798099381390826e-18,-0.015340268336274505,0.05975516374644303,5.584657747500399e-12,1.2835794235503224e-25,-6.042359321371992e-23,-9.95721984434768e-23,-1.6262123739680597e-07,5.5846579338415605e-12,0.059755163727346086,-2.4404907329368287e-25,2.3154235976720084e-22,1.549947873838582e-22,-1.6197161837446705e-07,1.468567574986118e-24,-1.774892741777777e-24,0.0031395398899561164,3.815889993048378e-17,2.44234456822094e-17,-2.830770219931142e-26,-6.042359321116634e-23,2.3154235995465363e-22,3.8158899930474016e-17,0.0007863815140043625,-1.6730293184472467e-22,4.0348905095065274e-26,-9.957218406149087e-23,1.5499471812587127e-22,2.442344568220652e-17,-1.6730293184483324e-22,0.0007863815140043621,8.2543341737399e-26,-1.6262123739680597e-07,-1.6197161837446703e-07,-1.4003270604887808e-28,4.034890509996739e-26,8.254424442827557e-26,0.03527857372935422
1774036461590742789,301,1774036461554742098,center_camera,base_link_12,-0.6212499991872424,0.2537500607667569,-1.652483020352071e-18,0.0,0.0,0.9918707445358984,0.1272494641788429,0.003903278274989164,-1.704663515018212e-21,5.647041363804971e-27,4.1053736463335814e-19,-3.122620403327802e-28,-7.316911843953936e-15,-1.704662025648823e-21,0.0039032782749891656,-7.5787287842604725e-28,1.1712294942892035e-18,-2.2387549194196107e-26,2.723098888771689e-15,-6.114588299203375e-27,1.2920176319983953e-28,0.004683534130161153,-3.637079063628258e-15,3.1107339416398486e-16,1.5724848890695623e-31,4.105373640899301e-19,1.1712295281890947e-18,-3.637079053702091e-15,0.002342766110500562,-2.7799659133459914e-15,1.1625795796756194e-21,2.3110210238507976e-28,1.2387575967236001e-26,3.1107339416398486e-16,-2.7799659133459914e-15,0.0023427661105005545,5.6888628264927704e-30,-7.316911843953936e-15,2.723098888771689e-15,1.9654789099912244e-31,1.1625795805804204e-21,-1.0642131038441769e-29,0.004683534157963,-8.85252106182363e-05,0.000128192720111384,-4.764489802923561e-19,-1.7063980726892297e-18,-9.996229775541626e-19,0.007837715446733357,0.05982272487462822,4.990315234486367e-12,9.87378453034862e-27,4.885502514229844e-23,1.0467979412230171e-22,-1.0093046586799465e-07,4.990315481635157e-12,0.05982272485667181,1.6432520530634284e-25,-1.814846042600523e-22,-1.5665424511924928e-22,-1.422920961361844e-07,1.7125702535614255e-23,-5.930042779699436e-23,0.003123022219079986,-4.5984396261991605e-17,1.8898603401081492e-18,-1.2677150611268376e-28,4.012917978443354e-23,-1.528113688272929e-22,-4.59843962619877e-17,0.000782251978316786,-1.5080796636867477e-22,2.347389132634051e-26,1.0467925241717889e-22,-1.5665233730714938e-22,1.889860340107459e-18,-1.5080796637326183e-22,0.0007822519783167862,-1.454892179158277e-26,-1.0093046586799465e-07,-1.4229209613618436e-07,-1.0649668020123255e-28,3.628722636063196e-26,-1.145992729602685e-28,0.03529947828498622
1774036461691000770,302,1774036461628352642,center_camera,base_link_12,-0.6212499990683388,0.2537499974725119,-1.1496970843957987e-18,0.0,0.0,0.9918712874734252,0.1272452320749575,0.003682526502387578,-4.089100260802738e-22,-5.4249467827314855e-27,-2.057054787458041e-19,-5.416202143592745e-27,7.450862123923654e-15,-4.1210914104087087e-22,0.0036825265023875753,-7.6625541544026385e-28,5.614767696821798e-19,7.797679722782981e-28,2.785873350834375e-15,6.094503808461638e-27,6.794338174969762e-28,0.004418632011924073,2.132392289232239e-15,4.1993485502843395e-15,-2.1583318388876172e-29,-2.0570548751436515e-19,5.61476751315078e-19,2.1323922859235166e-15,0.0022103150463365618,-2.759342930749401e-20,1.35519336299296e-21,3.144751976985716e-27,-5.0313341813499993e-29,4.199348553593062e-15,-2.7593519638378547e-20,0.0022103150463365613,-8.003444236397987e-31,7.450862130541099e-15,2.785873350834375e-15,2.1786314897702177e-29,1.3551933649763224e-21,1.273384880783584e-30,0.0044186320370625115,-8.28293894451873e-05,0.00011858067020999355,-1.2334514954219249e-18,9.442670175386788e-19,5.377832338756351e-19,0.007534618773187094,0.06011774467042317,4.839798525042525e-12,1.5014129624546605e-25,2.3069893501788432e-23,9.98876558005172e-26,-1.0860693688216161e-07,4.8397983606415294e-12,0.060117744653073645,-2.1871061231423607e-25,5.138930339541233e-23,-1.586633562416714e-25,-1.428612429838067e-07,-3.014132044041065e-25,1.515139812328863e-24,0.002946420804525867,3.273528307938588e-17,2.2705784599134853e-17,4.214598273299166e-28,1.5837242881748903e-23,7.910939915350345e-23,3.273528307938862e-17,0.0007381016065810499,-1.4892654661409822e-22,4.2877855087892726e-26,-2.0183991897058179e-25,2.937064090177513e-23,2.2705784599135802e-17,-1.489265465080725e-22,0.0007381016065810497,-3.5291933356034055e-28,-1.086069368821616e-07,-1.4286124298380672e-07,4.191865695479819e-28,4.286563698668982e-26,-3.9270788629957657e-28,0.03538608135651522
1774036461757435803,303,1774036461712536812,center_camera,base_link_12,-0.6212499989671553,0.25374999723226815,2.289408596973771e-18,0.0,0.0,0.9918712886971782,0.1272452225358533,0.004211207761015617,-5.396168312284502e-22,-3.2369752996808096e-28,6.205031668400212e-19,-8.273593132147445e-19,8.02845764274762e-15,-5.363323173416975e-22,0.004211207761015617,1.8249403790713687e-28,-1.6817179436280002e-18,2.2422894958986083e-18,3.0676436484599033e-15,-7.169622484043792e-29,1.825221235704831e-28,0.00505304950742033,1.059216733420576e-14,9.548565257444612e-16,-4.5290009790841433e-29,6.205031570723525e-19,-1.6817179640263711e-18,1.0592167330897037e-14,0.0025275237366252667,-5.385940988507778e-15,7.788003136423309e-21,-8.273593224078438e-19,2.242289514284804e-18,9.548565191270163e-16,-5.38594098831629e-15,0.0025275237366255347,-1.0384309939220277e-20,8.028457636130175e-15,3.0676436517686258e-15,4.5683275963317224e-29,7.788003136733425e-21,-1.0384309934924103e-20,0.00505304954388618,-7.516309949917256e-05,0.00010604322477460182,-1.3538481182841614e-18,1.435440464615563e-18,-1.6117565080983894e-18,0.007129839929858673,0.05935385096851689,4.563935396100867e-12,2.06070126222663e-25,-1.254719220003024e-22,1.3407584152310506e-22,-1.2185242857192963e-07,4.5639356622060245e-12,0.05935385095244333,-3.292797458466347e-25,1.8178044894679144e-22,-1.9233917198725212e-22,-1.4550039843116522e-07,-1.6277687066242815e-23,-4.62939506983185e-24,0.0033693657682449763,4.79621586541323e-17,3.368746086600781e-17,-1.2076322454761938e-27,-1.4265525148733993e-22,2.4764719084673646e-22,4.7962158654121205e-17,0.0008438376309631252,-2.428136016777386e-22,4.421007081833515e-25,1.3407489386489231e-22,-1.923380817316637e-22,3.3687460866002356e-17,-2.428136019843022e-22,0.0008438376309631256,-5.021303616488573e-25,-1.2185242857192966e-07,-1.455003984311652e-07,-1.1399611430149637e-27,3.7658174632195042e-25,-5.021276124246088e-25,0.035168810297967326
1774036461824087111,304,1774036461791615009,center_camera,base_link_12,-0.6212499992043905,0.2537499979131702,1.5460948682831256e-19,0.0,0.0,0.9918712868582052,0.12724523687057143,0.003955909221124561,-4.1238666861821486e-22,-2.1209582908763716e-28,-6.139830973121342e-19,8.186319906062701e-19,6.1344877044350435e-15,-4.1238805701340805e-22,0.003955909221124563,1.1972677414961611e-26,1.6203836084660202e-18,-2.160582055251644e-18,2.383324112407876e-15,-2.0661659714014927e-29,-1.2240502396528096e-26,0.0047466912552115905,9.04805006438431e-15,7.620476924660861e-15,1.869897673533689e-32,-6.139830889920986e-19,1.6203836228520219e-18,9.048050067693032e-15,0.0023743447380695825,-2.8800610928347743e-15,-4.7535364992195554e-21,8.186319987196387e-19,-2.1605820400390037e-18,7.620476924660861e-15,-2.8800610928347838e-15,0.002374344738069585,6.548994509563808e-21,6.1344877044350435e-15,2.3833241157165984e-15,1.5907301861020044e-30,-4.7535364386837006e-21,6.548994509610565e-21,0.004746691279981449,-6.979771303392963e-05,9.701428077254268e-05,-4.942146049892735e-19,2.5560036050080684e-18,1.0092931843446251e-19,0.006832330869249198,0.05975199138366551,4.437245664291456e-12,9.72879268725662e-26,1.4304204186166707e-22,-1.9882245553347324e-22,-1.25950768102713e-07,4.437245576056916e-12,0.05975199136813842,-1.4311045506176502e-25,-2.138450815615333e-22,2.8453972836916307e-22,-1.4448980933940937e-07,-2.655871680432674e-23,4.952576796647022e-23,0.003165127005440353,3.104464572031289e-17,2.2135214318288703e-17,-5.482385150367309e-26,1.2907578486513204e-22,-1.882884818476222e-22,3.104464572031265e-17,0.0007927784178203319,-1.26341334295779e-22,-1.580561930776509e-25,-1.9882223713765346e-22,2.8454064145536704e-22,2.2135214318290854e-17,-1.2634133429202301e-22,0.0007927784178203318,2.194306675339839e-25,-1.2595076810271298e-07,-1.4448980933940937e-07,-2.2040507906220184e-28,-1.580520114798639e-25,2.19026572027399e-25,0.03528283261342777
1774036461924017675,305,1774036461870200157,center_camera,base_link_12,-0.621249999215806,0.25374999798757797,-9.74702931009891e-19,0.0,0.0,0.9918712869357809,0.12724523626587347,0.003931256701266199,-5.225033458594579e-22,-1.4468892741491753e-28,3.630112748536455e-19,5.44510284320386e-19,5.922260098872126e-15,-5.225033458594579e-22,0.003931256701266197,2.2266829013424753e-26,-9.22655296763754e-19,-1.3839697170720099e-18,2.3524614081834814e-15,2.1591938029827716e-28,-2.4457513623154175e-26,0.0047171082396193454,4.807214862738692e-15,3.481238494303619e-15,1.4565342502823716e-31,3.630112665012085e-19,-9.226552967635843e-19,4.807214866047414e-15,0.002359553172932051,2.7912467412399974e-15,1.4957674902503318e-21,5.44510292942254e-19,-1.3839697166346812e-18,3.4812384992667025e-15,2.7912467413291166e-15,0.0023595531729320458,2.455892699082237e-21,5.922260098872126e-15,2.3524614081834814e-15,1.095874674609988e-32,1.4957674560429399e-21,2.455892666936979e-21,0.004717108267362247,-6.438521844406286e-05,8.806265423918728e-05,8.48015725015965e-19,5.494901244771443e-19,1.9250849965135417e-18,0.006532359354694879,0.05982591950744734,4.2668771962906876e-12,-1.314165987857402e-25,-1.1657030899257443e-22,2.947120932131729e-23,-1.2835251371508186e-07,4.266877225047329e-12,0.05982591949261226,1.9558085975551864e-25,1.6644560585833413e-22,-4.983914473171429e-23,-1.4236391457379126e-07,-1.3089304228793496e-25,1.9289737237681423e-25,0.0031454049629802425,2.962539438688029e-17,2.1453676055663342e-17,1.8990995843300288e-27,-1.1657077311577076e-22,1.664454848971204e-22,2.962539438689066e-17,0.0007878476929991139,-9.902141500203125e-23,5.337814848588431e-26,3.32493806085396e-23,-6.432013118434254e-23,2.1453676055663934e-17,-9.902141511820701e-23,0.000787847692999114,8.795059437632724e-26,-1.2835251371508186e-07,-1.4236391457379123e-07,1.45295462207256e-28,5.256979213490011e-26,8.714649722924752e-26,0.035305483951516795
1774036461990772123,306,1774036461950881720,center_camera,base_link_12,-0.6212499992502276,0.2537499981211777,7.330986396646985e-20,0.0,0.0,0.9918712868333057,0.1272452370646625,0.004036077429048149,-4.95374305732937e-22,-2.8074940616889643e-27,6.845103607969626e-19,3.422419544936109e-19,5.533030149138736e-15,-4.95377360202362e-22,0.004036077429048147,4.743201259543974e-28,-1.7110377805758029e-18,-8.555056673633923e-19,2.2503124144268875e-15,3.0552618730419073e-27,3.6271618455233356e-30,0.004842893109620394,5.644528100305804e-16,7.250972249723571e-15,-9.807220993790042e-30,6.845103518672798e-19,-1.7110377632576648e-18,5.644528100305804e-16,0.0024224456020018074,2.782530283743136e-15,2.2472912682734266e-21,3.422419455639334e-19,-8.5550564941455e-19,7.250972251377932e-15,2.7825302837431235e-15,0.002422445602001545,1.2616643971965465e-21,5.533030149138736e-15,2.250312411118165e-15,1.115227551701523e-29,2.2472912844404465e-21,1.261664429537242e-21,0.0048428931391711165,-5.896400892979457e-05,7.920112379633568e-05,5.154449551399723e-19,-5.289706506672499e-19,-2.8734506670061743e-18,0.006228773995900907,0.05972542743118078,4.087751959480655e-12,-7.274956063214288e-26,-4.086834443011923e-23,2.647603978002215e-23,-1.2953851653625732e-07,4.087752271720296e-12,0.05972542741713192,8.444462112973465e-26,6.036624376686575e-23,-3.439771250686347e-23,-1.3958010231844403e-07,-7.861116054721907e-24,2.9941898024262234e-23,0.0032292615394475055,2.9233542778064304e-17,2.1533782052344136e-17,-3.055504508475318e-26,-4.086912348721384e-23,6.036711986762743e-23,2.92335427780747e-17,0.0008088118145847969,-6.473584224934729e-23,9.827385250100769e-26,2.258441797618584e-23,-1.948192629972073e-23,2.1533782052345538e-17,-6.473584224934905e-23,0.0008088118145847969,5.329522900106859e-26,-1.2953851653625732e-07,-1.39580102318444e-07,1.3407081102144087e-28,9.665933585279958e-26,5.329202695068384e-26,0.03527835029426731
1774036462057362995,307,1774036462020804167,center_camera,base_link_12,-0.6212499994004557,0.2537499985343156,-1.1253295584653796e-18,0.0,0.0,0.99187128558025,0.127245246832179,0.003498121668590294,-4.287797030996868e-22,2.5224028190665109e-29,1.3902136774133312e-19,1.3903459114145753e-19,4.364794453378508e-15,-4.194073665916136e-22,0.0034981216685902932,-4.486546512457736e-28,-3.423081930398775e-19,-3.4230819323651306e-19,1.8130336952342455e-15,1.924602460967841e-29,-4.8112483676839614e-29,0.004197346212982302,3.412348022573477e-15,2.559017684795723e-15,-4.0917879401858723e-29,1.3902136774133312e-19,-3.4230820953073e-19,3.4123480258821996e-15,0.0020996721784046378,-2.4669364503412633e-21,2.9012136732335504e-21,1.390345996528639e-19,-3.42308209878028e-19,2.5590176897588065e-15,-2.4667617302725313e-21,0.0020996721784046378,2.6672148647041896e-21,4.364794440143618e-15,1.8130336952342455e-15,4.317484738208157e-29,2.9012136771721004e-21,2.6672147381697504e-21,0.0041973462342928215,-5.5232975710442674e-05,7.293357365032229e-05,1.0192112624946424e-19,-1.4880284315112058e-18,-1.368680611311118e-18,0.006014460780992682,0.06036428720063463,3.998375994628994e-12,4.1763922860913095e-27,6.418432868145624e-23,2.2109563287484162e-23,-1.26561108144016e-07,3.998375818003058e-12,0.060364287186927386,7.384956079013833e-27,-8.715075417881765e-23,-3.260505286424936e-23,-1.353598312353491e-07,7.307955032364851e-24,-2.6349022363746888e-23,0.0027988969565386213,1.664913198417991e-17,1.2485779478487674e-17,-6.446994676026586e-27,6.418451580156655e-23,-8.715144547966155e-23,1.6649131984174592e-17,0.0007012207629748118,-1.2482867034856551e-23,8.14383124801138e-26,2.5453897745178657e-23,-4.5423493236025936e-23,1.2485779478485455e-17,-1.2482867210358328e-23,0.000701220762974812,7.459127220913233e-26,-1.2656110814401602e-07,-1.3535983123534912e-07,-9.706794449520051e-29,8.143525910890006e-26,7.460462036590452e-26,0.03546294997862872
1774036462157405511,308,1774036462105197668,center_camera,base_link_12,-0.6212499992467289,0.2537499982065329,9.230142767445548e-19,0.0,0.0,0.9918712873117111,0.12724523333551246,0.004221674303361448,-5.562950799479266e-22,-2.91726901426733e-28,5.566869908439556e-19,-1.1414507503124452e-28,5.275347625574715e-15,-5.528569464439348e-22,0.004221674303361448,4.46924249928397e-28,-1.3241146421488284e-18,1.2693868060873095e-26,2.2606948943080774e-15,-2.2951093465899597e-29,-3.777424554645375e-28,0.005065609362395566,8.076376276844182e-15,3.336798030573873e-15,-2.460011283137152e-29,5.566869905422348e-19,-1.3241146415453875e-18,8.076376278498543e-15,0.0025338036105657536,-2.6232408142571268e-15,-3.6513317672526215e-21,-1.5045923395700236e-28,-6.616158191267911e-27,3.3367980322282343e-15,-2.623240814257133e-15,0.0025338036105712614,-1.1346832938976083e-29,5.275347625574715e-15,2.2606948943080774e-15,2.7308839485254106e-29,-3.6513317672528916e-21,2.588787770201074e-29,0.005065609402962368,-4.926791616572039e-05,6.358221815694393e-05,6.695359807058313e-19,-2.120172951687961e-18,-2.0371759059260017e-18,0.0056730003440386865,0.059222709022355505,3.693691907258802e-12,-6.101833124670607e-26,-7.523136338288834e-23,1.9595926168269862e-23,-1.2597427146468123e-07,3.693692380237716e-12,0.059222709009879214,1.313580253863503e-25,9.768447573928201e-23,-2.6131173565493782e-23,-1.3113695362679864e-07,-1.687061336445946e-23,-4.254352387358551e-24,0.0033777389748486587,3.100659124221818e-17,2.370915151615355e-17,-3.26891460241428e-26,-7.523139610485549e-23,9.768449463669858e-23,3.100659124221411e-17,0.0008459307325533351,-8.125140434577376e-23,-1.897590411570125e-25,1.092926412569124e-23,-2.8393528338147424e-23,2.370915151615075e-17,-8.125140435038306e-23,0.0008459307325533348,-1.613931145614671e-26,-1.259742714646812e-07,-1.311369536267987e-07,-7.779135749132835e-29,-1.8976535200566993e-25,4.259943240518249e-28,0.035137608653923416
1774036462224271090,309,1774036462180358887,center_camera,base_link_12,-0.6212499994783548,0.25374999879615934,-1.3294448782616133e-18,0.0,0.0,0.9918712852088365,0.12724524972733162,0.0037600602753549853,-3.3420276527595625e-22,1.1252532990901766e-29,1.6257622567937388e-28,-1.3528075366391202e-19,3.593759846559428e-15,-3.312372036304025e-22,0.0037600602753549836,2.7402601333634463e-28,3.8967526734953717e-28,3.097990340697251e-19,1.5794706102055806e-15,2.1078465889672432e-29,-4.28782411055405e-28,0.004511672526519186,2.8020944718343806e-15,6.27199748154692e-15,1.8270149904478532e-26,-9.11082637616605e-29,-2.210675406300966e-30,2.8020944718343806e-15,0.0022568353759313746,-2.2892014088720795e-21,-1.7753856627882906e-26,-1.3528076203549868e-19,3.0979901783392195e-19,6.27199748154692e-15,-2.2893684612128127e-21,0.002256835375931376,-6.010095858773456e-22,3.593759846559428e-15,1.5794706102055806e-15,1.8270139440236132e-26,-1.7754622544611108e-26,-6.010095849633236e-22,0.004511672548860497,-4.564563705727204e-05,5.757650155320825e-05,-1.7927463189424583e-19,6.824969499056325e-19,-8.229618134009731e-19,0.005458964836777972,0.059844651701980674,3.594465025748339e-12,1.8484746517498606e-26,7.013586604228118e-23,1.2627834371091277e-23,-1.21728363053193e-07,3.5944653247275137e-12,0.05984465168986416,-6.269482327563347e-26,-9.350608124448795e-23,-1.6114420031249767e-23,-1.263709453995835e-07,-3.884862476553048e-25,-1.6857130649094288e-25,0.0030084478545697917,1.579851239238037e-17,1.2365135442428743e-17,-8.79969011389388e-28,6.674091021316376e-23,-8.049212648017311e-23,1.579851239238314e-17,0.000753608638959635,-1.2981089375617412e-23,1.294564285066711e-26,1.2627637763643887e-23,-1.6115292459043997e-23,1.2365135442428612e-17,-1.2981089189756038e-23,0.000753608638959635,-1.6871566683128845e-26,-1.21728363053193e-07,-1.2637094539958356e-07,-2.4442498967258334e-29,-1.0282086266580018e-29,-1.686853399606018e-26,0.0353150643646801
1774036462290617346,310,1774036462258639336,center_camera,base_link_12,-0.6212499994382454,0.2537499987448538,6.794200565353212e-19,0.0,0.0,0.9918712858052253,0.12724524507850613,0.003916021720934594,-3.142045102398794e-22,-1.4015432087046937e-29,1.8413972090069648e-28,2.347550226132988e-19,3.741716243137191e-15,-3.14207709859711e-22,0.003916021720934593,-5.82833041919212e-27,5.8594955420736236e-27,-5.218171807317592e-19,1.7005400138242878e-15,-2.0001043220618344e-29,6.431043593664811e-27,0.004698826270070237,2.959013825298493e-15,2.3733790439802428e-15,1.2505090579454479e-30,-9.891925545783778e-29,-3.1984180898884833e-27,2.959013825298493e-15,0.00235041213890217,-2.7211981690717194e-15,7.456891555673977e-31,2.3475502261329875e-19,-5.218171897896678e-19,2.3733790423258815e-15,-2.7211981692592537e-15,0.0023504121389019256,1.6650084559921473e-21,3.741716243137191e-15,1.7005400138242878e-15,-1.4766473467217477e-30,-4.8150639285092206e-31,1.6650084200462985e-21,0.004698826300507009,-4.1462103399711296e-05,5.092699536666994e-05,-3.2057771602077897e-19,-2.2602444377121303e-18,-7.63450671333571e-19,0.005209030479828855,0.0596645080619953,3.4149899286991413e-12,1.8479732877243796e-26,3.2980148903165062e-25,-4.659889047163673e-23,-1.1694374097159487e-07,3.4149902310191153e-12,0.05966450805059042,-3.0416552235286054e-27,-4.310251143881737e-25,5.374302428044257e-23,-1.2080715106761453e-07,1.839283326326799e-26,-2.5289226338708303e-27,0.0031332169557256643,1.8092301781800756e-17,1.4511627648331227e-17,-3.594952202471284e-27,3.299471430472039e-25,-4.315668244882884e-25,1.8092301781800623e-17,0.0007848005072090252,-1.5590500961034025e-23,-1.571290312910193e-26,-4.6598753579110495e-23,5.374249637010786e-23,1.4511627648330774e-17,-1.5590500707328132e-23,0.0007848005072090251,7.021430424265632e-26,-1.1694374097159486e-07,-1.208071510676145e-07,-9.045774528397538e-29,-6.171329764952207e-28,6.940616022219479e-26,0.03526386252054279
1774036462390725754,311,1774036462335258245,center_camera,base_link_12,-0.6212499995110589,0.2537499989465647,-4.928372783993016e-19,0.0,0.0,0.99187128523113,0.12724524955355415,0.0038329447905644303,-1.5289347393130663e-22,-2.90813677740734e-27,4.406440951904792e-19,-1.1016205688571544e-19,3.1546860941523476e-15,-1.5289347393130663e-22,0.0038329447905644303,5.596901522018917e-27,-9.492134664715612e-19,2.372965501280378e-19,1.483853319115836e-15,3.097993156145326e-27,-6.213185724111364e-27,0.004599133951873794,6.381153657930071e-15,2.023326993528628e-15,2.6247095107433816e-27,4.406440908299943e-19,-9.492134575352928e-19,6.381153657930071e-15,0.002300566019435984,-5.555381935600028e-15,7.015819527428344e-22,-1.1016205650554541e-19,2.3729654086204907e-19,2.0233269918742667e-15,-5.555381935555009e-15,0.0023005660194306806,-7.126816650036271e-23,3.154686090843625e-15,1.4838533207701973e-15,2.624381926783774e-27,7.01581956553057e-22,-7.126816650688095e-23,0.004599133978821503,-3.784247339733021e-05,4.513236780216954e-05,1.181017680466008e-18,-2.547758830034093e-18,1.531714563093807e-18,0.004989129540531706,0.059816163558703464,3.2696989719963047e-12,-8.809211815391595e-26,-4.819048919851915e-23,3.9480232420262763e-23,-1.1140660927584385e-07,3.2696986562435012e-12,0.05981616354783811,1.2266789368954552e-25,5.838046407833298e-23,-5.026013704336346e-23,-1.1519904142646853e-07,-6.787473212974732e-24,-1.6251052923577578e-24,0.003066755432616155,1.436885879415525e-17,1.1852746540009549e-17,2.204296584389823e-28,-4.6328422301055536e-23,5.124154382160905e-23,1.4368858794156867e-17,0.0007681852747515106,-1.0111059669856122e-23,2.7868630683926564e-26,3.5910685294328995e-23,-5.1191849266132025e-23,1.185274654000953e-17,-1.0111059725828379e-23,0.000768185274751511,-3.0754539651078778e-27,-1.1140660927584382e-07,-1.1519904142646854e-07,2.2205246130221293e-28,2.7866964132073945e-26,-3.074500412951821e-27,0.035307561368370974
1774036462457332845,312,1774036462422355413,center_camera,base_link_12,-0.6212499994889601,0.25374999894476047,1.2559245208841042e-18,0.0,0.0,0.9918712857353447,0.12724524562322267,0.004356857701340005,-1.6826338737314316e-22,-2.9006721952340587e-27,-1.147924180938862e-19,-2.295848413914453e-19,3.146779696716774e-15,-1.6826954048820388e-22,0.004356857701340005,5.777288977071096e-27,2.332888839486837e-19,4.66564544917551e-19,1.5452681543318359e-15,3.0567465290309065e-27,-6.111011838739049e-27,0.005227829426018767,2.5099070900539166e-15,2.1408306448653844e-15,-6.5765597836024565e-25,-1.1479242210541137e-19,2.332888925232715e-19,2.509907091708278e-15,0.0026149137357969108,-5.493767317000423e-15,-1.6698094611548104e-21,-2.295848412664363e-19,4.665645529405978e-19,2.1408306448653844e-15,-5.4937673168164515e-15,0.0026149137358024116,-3.1182427357206837e-21,3.1467797033342187e-15,1.5452681559861971e-15,-6.576559781083894e-25,-1.669809463108464e-21,-3.118242735714291e-21,0.005227829461918706,-3.3459500547073793e-05,3.8385975436731393e-05,3.9341213116590383e-19,9.395324219371382e-19,5.440446083223138e-19,0.0047144843981957694,0.059119024464973094,3.0259133449363197e-12,-4.060210893781947e-26,7.633240203132451e-23,2.0016457721164414e-23,-1.0563350123075943e-07,3.0259130965931316e-12,0.05911902445501142,4.7480470094409135e-26,-9.157054291252172e-23,-1.8870473292988057e-23,-1.0915647398932312e-07,2.2564494937738527e-25,-9.709771953801957e-25,0.0034858857360032898,1.8998768485250105e-17,1.620499265241532e-17,6.691773474297242e-29,7.014162274592111e-23,-8.449534557569795e-23,1.8998768485252364e-17,0.0008729677712947736,-1.5267547991087686e-23,-4.570779460165728e-26,1.3825983465853485e-23,-1.179523766986482e-23,1.6204992652411358e-17,-1.5267548294079275e-23,0.0008729677712947741,-1.4688932603780883e-25,-1.0563350123075944e-07,-1.0915647398932314e-07,6.682529398245649e-29,-7.83322530677706e-26,-1.4688852052893022e-25,0.035105935581334166
1774036462557322590,313,1774036462499607801,center_camera,base_link_12,-0.621249999629161,0.25374999927141123,2.641745232621552e-19,0.0,0.0,0.9918712843169343,0.12724525667967068,0.0038646187646743857,-4.304131752880226e-23,-2.5252374920639046e-27,-3.994723901627779e-19,-2.9961028295674565e-19,2.1977619245876917e-15,-4.017121436366752e-23,0.003864618764674384,5.069237366380438e-27,7.961409882206201e-19,5.971171142673665e-19,1.1291402514962727e-15,2.802381062352029e-27,-5.598222610319988e-27,0.004637142706324563,5.804930613722065e-15,5.618346274683046e-15,7.483399113400454e-25,-3.9947238647774506e-19,7.961409962772129e-19,5.804930613722065e-15,0.0023195704933432083,2.9273525929227976e-15,-6.525206993411351e-21,-2.996102867898819e-19,5.971171140722201e-19,5.618346275510227e-15,2.927352592882332e-15,0.0023195704933314885,-4.9998504427344656e-21,2.197761927896414e-15,1.1291402498419115e-15,7.48341783718296e-25,-6.525206991877078e-21,-4.999850442740204e-21,0.004637142728443918,-3.055607322278519e-05,3.367459465762286e-05,-2.74172364020529e-19,2.3322516623170992e-18,5.270581984174946e-19,0.0045327382048387715,0.05979038067826194,2.9253540934781346e-12,1.2474155916401888e-26,2.4474817389810712e-23,-1.0335526447952687e-25,-9.942361604277544e-08,2.925354205115007e-12,0.05979038066864129,-1.811326646193375e-26,-2.4123995918685966e-23,1.731900720708475e-24,-1.0372166900507768e-07,4.172008469289845e-25,8.70782516835615e-26,0.003092094656315942,9.895084987382147e-18,8.783822286907343e-18,9.950252017994633e-26,2.6161630257545472e-23,-3.0589392483451276e-23,9.89508498738253e-18,0.0007745204418707831,1.2862321307630086e-23,-2.162035780034269e-25,-5.0231858158448915e-24,7.35430349327256e-24,8.783822286905924e-18,1.2862321354389806e-23,0.0007745204418707825,-1.4647399667581908e-25,-9.942361604277544e-08,-1.0372166900507767e-07,-2.2645999264311908e-28,-1.9044209556053785e-25,-1.4636843620193473e-25,0.035297578218592564
1774036462624466418,314,1774036462571552515,center_camera,base_link_12,-0.62124999963832,0.253749999324477,1.092536948569644e-18,0.0,0.0,0.9918712843597565,0.1272452563458737,0.00359923496264479,9.005998970019472e-24,-1.5419563177362917e-27,-1.5279657781271109e-19,-7.639497746637393e-20,2.0485534908911555e-15,1.2246421843057548e-23,0.00359923496264479,3.0831296077464894e-27,2.943356438519512e-19,1.4718104210975374e-19,1.1056243628133241e-15,1.5745642754756301e-27,-3.1403508975599696e-27,0.004318682168788577,1.5258176333664588e-15,1.4121124392431183e-15,-1.5566786079546502e-31,-1.5279657338010224e-19,2.94335635468619e-19,1.5258176333664588e-15,0.002160340115185293,-8.937790649190032e-19,-8.759570313993078e-22,-7.639498186289412e-20,1.4718105097498523e-19,1.4121124384159377e-15,-8.937791561523446e-19,0.002160340115179773,-4.799276099075793e-22,2.0485534908911555e-15,1.1056243636405047e-15,-1.9546922689342318e-31,-8.759570303683419e-22,-4.79927609907067e-22,0.004318682193315702,-2.786243205558465e-05,2.9405858886129953e-05,-4.482892683331107e-19,-8.411086062170179e-19,2.5581699412376275e-18,0.004360857545685395,0.060136297224432984,2.812430155894515e-12,2.5717395955689657e-26,-2.2951104245934082e-23,-1.8807946702342344e-23,-9.280079025042724e-08,2.8124303275997747e-12,0.06013629721521233,-1.6120556903289334e-26,2.524380426521322e-23,2.3256331861714102e-23,-9.794919565924374e-08,-1.0408505046122272e-23,1.1908833850586887e-23,0.0028797875705606543,7.880705380786571e-18,7.293458923839372e-18,7.390684136341726e-28,-2.1163767696292985e-23,1.839321588823429e-23,7.880705380785733e-18,0.0007214432625504356,3.0382108460335226e-23,-3.140952101219879e-26,-1.5383137647102168e-23,2.4150212034827208e-23,7.293458923836722e-18,3.038210856192161e-23,0.0007214432625504356,-1.5999630366019422e-26,-9.280079025042724e-08,-9.794919565924374e-08,-1.5972087311376708e-28,-3.0604155644625765e-26,-1.5998247568487142e-26,0.035398021012111966
1774036462690647584,315,1774036462658347130,center_camera,base_link_12,-0.621249999584125,0.2537499992689988,-1.38418579796677e-19,0.0,0.0,0.9918712853065742,0.12724524896546976,0.00434173000231502,2.1695290480711717e-23,1.6237090847683357e-27,-2.9564275046221825e-27,-3.24492391441673e-19,2.2077839720974903e-15,1.503748745637639e-23,0.004341730002315021,-3.333002746297202e-27,-3.08471188060086e-27,5.648654550214479e-19,1.2657284336004792e-15,-1.7295136676219194e-27,3.2461809754915924e-27,0.005209676193071879,1.7059200304427378e-15,5.4281980552718025e-15,-2.8299557861346387e-30,1.5844970595766215e-27,1.60268183488541e-27,1.7059200329242797e-15,0.002605837055949086,-2.6632829601279142e-15,3.0843182075427697e-31,-3.244923915881502e-19,5.6486545504909445e-19,5.428198056098983e-15,-2.663282960029963e-15,0.002605837055943495,-1.0215777054363199e-20,2.2077839720974903e-15,1.2657284336004792e-15,2.9916810600533612e-30,3.1593208027578483e-31,-1.0215776913365014e-20,0.005209676233470376,-2.4132593820896693e-05,2.39116715347064e-05,-8.433087268232674e-19,2.7580918805417975e-19,1.3793317451583972e-18,0.004107181978971102,0.059012409154541555,2.5559198628132577e-12,3.8630568007766303e-26,-1.9653474654928593e-23,3.943022738986208e-23,-8.488290762918262e-08,2.5559199284611622e-12,0.05901240914624654,-2.8062602841194744e-26,2.1262278958318053e-23,-4.028270600727391e-23,-9.089235394780304e-08,3.8596757883244855e-24,-1.688385818005429e-23,0.0034737835451904664,1.2821572526207397e-17,1.2493787035086028e-17,7.944163459868878e-27,-1.965322334839374e-23,2.126271247307143e-23,1.2821572526207653e-17,0.0008699419868431948,3.3547823871248035e-23,3.0299884517867845e-28,3.718192147044051e-23,-3.1664197527984576e-23,1.2493787035083474e-17,3.354782370079348e-23,0.000869941986843195,-4.793567169436366e-25,-8.488290762918265e-08,-9.089235394780305e-08,-5.169618662639953e-28,3.02998948500465e-28,-5.487560925320107e-25,0.03507488396986641
1774036462790845419,316,1774036462733089924,center_camera,base_link_12,-0.6212499997248471,0.253749999551277,-8.229030550715507e-19,0.0,0.0,0.9918712836685049,0.1272452617341499,0.0037391390611650217,1.060262630537166e-22,-1.2603670057451039e-27,2.2890864450957685e-19,2.2890058538936096e-19,1.3702676219853267e-15,1.1181459936553544e-22,0.003739139061165021,-5.088304335211966e-29,-3.638934077222001e-19,-3.638954722891775e-19,8.427799633932732e-16,1.4174144409547467e-27,-1.8703904409712653e-28,0.004486567066508551,9.861197872174008e-16,-3.1103009134163577e-15,1.2061366400049507e-25,2.2890864836610308e-19,-3.638934079116761e-19,9.861197863902202e-16,0.0022442826704304826,9.012067027494154e-19,-1.5342174572487381e-21,2.2890058538935875e-19,-3.6389547648739793e-19,-3.1103009117619965e-15,9.012067027525709e-19,0.0022442826704363317,-1.6231942474865642e-21,1.3702676203309655e-15,8.427799642204538e-16,1.2061365294830378e-25,-1.534217457245716e-21,-1.6231942465700994e-21,0.004486567087391517,-2.1855715907783942e-05,2.0253481072896472e-05,5.793324434912228e-19,7.083870470417472e-19,3.080875732033354e-18,0.003958219968853873,0.0597934764988613,2.484691957089967e-12,-1.5487551069278502e-26,-1.7713408208949632e-23,-5.344796764365999e-23,-7.844306429439761e-08,2.4846922615584197e-12,0.05979347649080658,-2.019561190185531e-27,1.6654123775378865e-23,5.365913278400069e-23,-8.56294968690702e-08,3.370809378556948e-24,-1.2982439509358314e-23,0.0029917108949824647,5.498477331519713e-18,5.721877301784051e-18,7.386851955117008e-28,-1.6209522265701207e-23,2.3762564216662907e-23,5.498477331518886e-18,0.0007494244907321144,1.905093137001492e-23,-4.508368266705518e-26,-5.344788532150762e-23,5.365895381944003e-23,5.7218773017843345e-18,1.9050931370502095e-23,0.0007494244907321143,-4.758977526483041e-26,-7.844306429439761e-08,-8.562949686907017e-08,-7.333056931412183e-29,-4.4676067658868605e-26,-4.758979777714764e-26,0.0352975479639022
1774036462857382839,317,1774036462815947056,center_camera,base_link_12,-0.6214999396437416,0.25374999952488697,1.9429733281924926e-18,0.0,0.0,0.991871284467385,0.12724525550691385,0.00414485587749212,1.074417067096238e-22,-1.9244097057551818e-29,1.4726128583767706e-27,2.5442777745029356e-19,1.4567400095411852e-15,1.0418738726287936e-22,0.004144855877492121,-1.441860701274585e-27,-3.071878619519734e-27,-3.960756549717691e-19,9.725180593584974e-16,-1.4549298069124722e-29,1.6190859958371203e-27,0.004973427249017807,1.0593241146162571e-15,-2.646763641808879e-15,1.5647803728945906e-30,-7.952687863484715e-28,1.5857911193981294e-27,1.059324115857028e-15,0.0024877126228095158,2.7127200890803503e-15,1.053686113482354e-32,2.5442777759203627e-19,-3.960756546882866e-19,-2.6467636434632404e-15,2.7127200891274958e-15,0.0024877126228043476,-3.473362557905335e-21,1.4567400111955464e-15,9.72518060185678e-16,-2.1974631875686783e-30,-9.413608024617587e-31,-3.473362526076592e-21,0.004973427283283238,0.00028272524319096216,9.474597292355279e-05,-1.9803273232842018e-19,-1.847489353996736e-18,-1.9091260533180683e-18,0.0037553314217849175,0.05926814082354542,2.29931715870479e-12,1.014046434219282e-26,2.293016223589344e-23,-8.986840248720467e-24,-7.050507106403376e-08,2.299316882760356e-12,0.05926814081614619,-2.875155475401005e-26,-2.135415044913015e-23,8.019481350399466e-24,-7.900271220644979e-08,2.597354590953664e-25,3.639959964150687e-26,0.003316284271414308,7.256435307230815e-18,8.16326129748068e-18,3.2093083376929743e-26,2.3970264387618692e-23,-2.5341810565591045e-23,7.256435307230854e-18,0.0008305673144794739,4.2351563186193917e-23,1.6229503747130896e-26,-8.986823227926024e-24,8.019502145170873e-24,8.163261297482969e-18,4.235156311811972e-23,0.000830567314479474,-1.6261279837763797e-25,-7.050507106403376e-08,-7.900271220644977e-08,7.600424758004835e-29,2.6152080001087177e-28,-1.6261414680435046e-25,0.03514552297520666
1774036462957696310,318,1774036462893757820,center_camera,base_link_12,-0.6212500605340527,0.2537499996720914,-8.602197898304637e-19,0.0,0.0,0.9918712836399435,0.1272452619567849,0.003892537551344199,8.012093425563325e-22,-1.2578553248968319e-28,-3.896475871890659e-18,-4.2737058685391293e-26,1.018104844838493e-15,7.952076887894111e-22,0.003892537551344199,-1.2907750230327117e-30,-2.4481254474559676e-19,-8.415448628477826e-30,-1.4923267604418435e-14,-1.2530965570104658e-28,-7.758233469127649e-30,0.0046706452557215335,4.442342728449583e-15,-1.3481853420249981e-14,-5.515403238548943e-25,-3.896475871890659e-18,-2.448125446422944e-19,4.442342721832138e-15,0.002336321724099811,-2.8562916506672535e-15,-8.020440292206496e-21,2.3243793465624065e-26,-8.415593226037921e-30,-1.3481853400397646e-14,-2.8562916507097857e-15,0.0023363217241052715,-6.866860600812009e-25,1.018104844838493e-15,-1.4923267577948655e-14,-5.514588951242427e-25,-8.020440418376886e-21,-6.866860232262509e-25,0.004670645280478397,1.016280506236556e-05,1.966840356970153e-05,9.199388742408442e-19,-1.8965038290289425e-18,4.995970121855615e-19,0.0036011804129714832,0.059668124572391096,2.077968361693684e-12,4.0853700499129246e-25,2.4641110250112774e-22,4.4257155712169766e-23,-8.10243182585474e-08,2.077968484168622e-12,0.059668124565107276,1.3312658807853025e-25,8.097782196463589e-23,-2.1569968761486747e-23,-6.810998952728008e-09,2.9720912638933715e-25,5.6028342343667155e-25,0.0031144296646004343,2.6842051687637735e-17,-8.146238056988516e-17,-9.478636261220258e-28,2.473017801964876e-22,7.756375011418572e-23,2.6842051687645103e-17,0.0007801040296541447,6.4107703498364625e-22,-2.073590377474838e-25,4.4260571477778e-23,-2.156907769585602e-23,-8.146238056988181e-17,6.410770350336463e-22,0.0007801040296541449,-3.6280085914801086e-28,-8.102431825854744e-08,-6.8109989527280345e-09,-5.3962795071078525e-28,-2.6187836740104296e-25,-3.6274704601800016e-28,0.03525903189657041
1774036463023996449,319,1774036462971058130,center_camera,base_link_12,-0.6212500002879356,0.2537499997230666,-4.576734841541565e-19,0.0,0.0,0.9918712836833817,0.1272452616181858,0.003867014802727546,2.0319235911979652e-22,-9.240581421694926e-29,-2.3470700347523903e-19,-1.760274626224961e-19,8.657118145872838e-16,2.0319080585267414e-22,0.0038670148027275452,-3.00767737764617e-30,-2.4424054134027614e-19,-1.831808724320101e-19,-7.996779292117134e-16,9.317070517899101e-29,-3.0070963719308608e-30,0.004640017965968132,-2.9918124584790134e-15,3.3815245775817253e-15,3.335895248190877e-25,-2.3470700128344476e-19,-2.442405413402761e-19,-2.991812458065423e-15,0.0023210080207085025,-5.536024492987909e-15,-3.1127859545583445e-21,-1.7602746029371442e-19,-1.83180870294846e-19,3.381524577168135e-15,-5.536024492987909e-15,0.002321008020719331,-2.3345461206252007e-21,8.657118145872838e-16,-7.99677930038894e-16,3.3356694719089877e-25,-3.112785986406579e-21,-2.334546120625079e-21,0.0046400179936949984,1.0388504749405896e-05,1.597505993513027e-05,1.768960336134289e-19,2.0083270638621863e-18,-3.3012642677962834e-18,0.003445694119874417,0.05974966304611058,1.9601509096558473e-12,4.7292992187614065e-27,-2.5563903171882666e-22,9.380645645378276e-24,-7.388034999807985e-08,1.9601509741798666e-12,0.059749663039277895,-1.1170751886317957e-27,-6.557902194798601e-23,1.642279166466718e-23,-1.544474546259035e-09,4.736810414696714e-27,-1.1118225864621495e-27,0.0030940114387183366,5.513544702650769e-18,-3.189941300758103e-18,2.9824279757847286e-26,-2.5563891210152746e-22,-6.55789907154843e-23,5.513544702649256e-18,0.0007749992546280621,2.2797505215907863e-23,-1.2529483815567208e-25,8.908923970281631e-24,1.8231530649546686e-23,-3.1899413007580044e-18,2.2797505214311542e-23,0.000774999254628062,-8.339644720033761e-26,-7.388034999807987e-08,-1.5444745462590289e-09,-3.23998387200758e-29,-1.1128091308107841e-25,-8.297915742133011e-26,0.03528270840399893
1774036463091245303,320,1774036463043706417,center_camera,base_link_12,-0.6212500002484681,0.253749999797303,2.2902071046097322e-18,0.0,0.0,0.9918712833551352,0.12724526417685272,0.003634413625453509,4.049297258310635e-23,-3.285151210493752e-29,8.845907715552805e-29,-5.43992305105468e-20,6.420654786308008e-16,4.372521023539185e-23,0.0036344136254535114,5.596060643490332e-29,2.8915267685817483e-27,-4.457701055043525e-20,-7.325565900166695e-16,1.8911982052526425e-29,-3.467593911130145e-29,0.004360896562804979,7.032964411092071e-16,3.389395545010507e-15,-1.4252491170146788e-25,-4.9904190435014524e-29,-1.605277551695518e-27,7.032964415227974e-16,0.002181447312787998,3.634912358476702e-21,1.8835399304300932e-25,-5.439923267267747e-20,-4.4577010550435285e-20,3.3893955454240974e-15,3.634912357687841e-21,0.002181447312787999,-9.798873849342043e-22,6.420654786308008e-16,-7.325565900166695e-16,-1.4252384904428182e-25,1.8835399463973289e-25,-9.798873849349122e-22,0.0043608965877571315,1.0662410221656285e-05,1.2831351968891845e-05,-6.772071239814539e-19,1.0167217252369281e-18,-1.1477607778371702e-18,0.0033126900845088505,0.060063536855619284,1.8728647657104565e-12,-1.4338570030073203e-26,-1.309240052722121e-23,-6.4136116071289906e-24,-6.726658287832407e-08,1.872864589980213e-12,0.060063536849137136,-2.1964002820721963e-26,-2.1852422493173048e-23,-1.2595046693099895e-23,2.5398328828212222e-09,-3.412127527826746e-24,-1.1389285707727173e-24,0.002907930500174756,3.703876895222556e-18,-2.7081229903919787e-18,5.678203041256056e-26,-1.3092343753048258e-23,-2.1852643556056402e-23,3.703876895221319e-18,0.0007284789970777065,1.920134739093578e-23,-9.822610389471225e-28,-8.13911572763095e-24,-1.3045184408636664e-23,-2.7081229903913346e-18,1.9201347389448296e-23,0.0007284789970777063,-3.123445868883484e-26,-6.726658287832407e-08,2.53983288282122e-09,2.065793533020401e-28,-1.7446754263314674e-28,-3.123874273482318e-26,0.03537375858275596
1774036463191335704,321,1774036463130837202,center_camera,base_link_12,-0.6212500002939221,0.2537499998225361,2.8003004675924387e-20,0.0,0.0,0.9918712840216908,0.12724525898108138,0.004358538519018163,1.260664247476615e-22,-1.0157703922998407e-28,5.9303141185203e-20,1.779094220109223e-19,5.790514311483144e-16,1.3266857363513348e-22,0.004358538519018163,6.88865261400579e-28,3.5303426532075184e-20,1.0591027832791165e-19,-8.570819608520681e-16,9.9671408026206e-29,-8.062031076840654e-28,0.005229846411584136,6.962286228350274e-16,3.105825246744167e-15,-1.11729751489697e-29,5.93031411852029e-20,3.5303425437358253e-20,6.962286220078468e-16,0.0026159221752646263,-7.647243150513773e-19,3.367239211982145e-22,1.7790942431903944e-19,1.0591027709471113e-19,3.1058252471577573e-15,-7.647243150545327e-19,0.002615922175259276,9.403439434523801e-22,5.790514311483144e-16,-8.570819608520681e-16,1.1853596125568817e-29,3.3672393810738163e-22,9.403439347708597e-22,0.0052298464514910015,1.067231918777765e-05,9.075043926376397e-06,-4.563394320133735e-19,-2.019127187644271e-18,9.053203666682968e-19,0.003120472642028627,0.05898758246458369,1.6891621785413937e-12,-1.3326405548153502e-26,-5.2757914693195994e-24,-1.877599270406708e-23,-5.862734174095521e-08,1.6891625128138174e-12,0.05898758245880861,-8.799955578226782e-27,-5.356022028935347e-24,-2.1434312341988022e-23,7.995299214946848e-09,1.1049528298729677e-24,-4.294428066409649e-24,0.0034872303631348148,5.273536767715593e-18,-5.138931856011442e-18,2.5657372317162906e-28,-4.717328571311592e-24,-7.496778969098213e-24,5.273536767715902e-18,0.0008733037288431096,5.620469431459773e-23,2.776313014107044e-26,-2.3057139088864757e-23,-2.2551230089106962e-23,-5.138931856010431e-18,5.620469431493326e-23,0.00087330372884311,6.112416318943606e-26,-5.862734174095521e-08,7.995299214946848e-09,2.041729476756875e-28,1.917421045228026e-26,5.212417052307007e-26,0.035063931824772646
1774036463257352941,322,1774036463205895662,center_camera,base_link_12,-0.6212500002049958,0.2537499999216715,5.959208101689703e-19,0.0,0.0,0.9918712828009869,0.12724526849641465,0.003754922373768908,1.851006933280784e-23,5.5124039513802345e-30,1.6849575856283686e-19,-5.616484105463204e-20,2.6298171553763777e-16,2.1393594571814467e-23,0.0037549223737689107,-3.1406055482689795e-28,6.707154107485459e-20,-2.2357455966679057e-20,-6.099138607487455e-16,3.733517964788277e-30,3.535557762561134e-28,0.0045055070406521645,3.449540006788301e-16,3.661474696942965e-15,-2.1061868327474e-32,1.684957604832525e-19,6.707154110560131e-20,3.449540006788301e-16,0.002253752660826762,2.9307430178045356e-15,-1.990023789317003e-22,-5.616483913421639e-20,-2.2357455959624866e-20,3.661474697356555e-15,2.9307430178045356e-15,0.0022537526608323666,6.633096114483547e-23,2.6298171512404746e-16,-6.099138607487455e-16,-2.3133483623407876e-32,-1.9900237881617068e-22,6.633096857830112e-23,0.004505507061539839,1.0953567485782991e-05,6.37682270457153e-06,1.0374251117152394e-18,-2.82604187132643e-18,3.1212960549404015e-19,0.003006833327511199,0.059773795728380937,1.6405323162805474e-12,2.726296031523087e-26,-4.4497070596798325e-24,1.4220978758898937e-23,-5.264892699256481e-08,1.6405326377912283e-12,0.05977379572284239,1.445639491627903e-26,-1.9428552970828808e-24,1.4137244182348153e-23,1.106336682468059e-08,2.718107799879946e-26,1.4444728452585445e-26,0.0030043375462445185,1.939719416133792e-18,-2.716119889481862e-18,1.673605411237818e-28,-2.877871806289599e-24,-1.5327977155927539e-24,1.9397194161342253e-18,0.0007525811659243371,3.769494011914988e-23,-5.85391841528723e-27,1.5587797474005678e-23,1.5333168598048288e-23,-2.7161198894822446e-18,3.769494011551092e-23,0.0007525811659243369,1.980115193701752e-27,-5.264892699256482e-08,1.1063366824680589e-08,6.642006345833574e-29,-5.903368535671727e-27,1.9321978294723787e-27,0.035288095075116335
1774036463324221979,323,1774036463287555456,center_camera,base_link_12,-0.6212500002439009,0.25374999995827585,1.7039040453671004e-18,0.0,0.0,0.9918712833501704,0.12724526421555324,0.004084988972851386,2.5158909146974724e-22,1.4232367420569967e-27,-5.231309989326245e-20,-2.0925673904744799e-19,1.6720396298958652e-16,2.548408298129136e-22,0.004084988972851387,1.2458752878855483e-29,-8.045356955609518e-21,-3.218119534293884e-20,-7.224808923995213e-16,-1.5758461544984751e-27,-1.0642810177823398e-29,0.004901586965572089,2.8346329087357774e-16,3.2194404853894827e-15,9.814082136268293e-27,-5.2313100034578325e-20,-8.045356970564916e-21,2.8346329128716804e-16,0.00245179248529193,-5.439327261193903e-15,-6.065921769771673e-23,-2.0925674130851316e-19,-3.218119534293886e-20,3.2194404853894827e-15,-5.439327261287799e-15,0.0024517924852862374,-4.88253175026078e-22,1.6720396278279136e-16,-7.224808915723407e-16,9.814081779365341e-27,-6.065921769772828e-23,-4.882531755242152e-22,0.004901586998622648,1.0979412808446054e-05,3.5433101479257283e-06,-1.7573367475508693e-18,3.2468867249230567e-19,-1.9408878999464486e-18,0.0028575480035955003,0.05936262166215886,1.5221394230823018e-12,-3.8974157180000865e-26,1.5568086713192053e-23,1.3474809102078322e-23,-4.5182261076319106e-08,1.5221393067133958e-12,0.05936262165708787,-1.795912824193387e-26,9.7385848980275e-24,5.213703653703587e-24,1.4530152223992452e-08,-3.958358837481658e-24,-1.0731992797876417e-24,0.0032683907516052363,1.886029626372887e-18,-4.172665416893468e-18,-5.635681359834062e-29,1.5440151154650632e-23,1.022899245712657e-23,1.886029626373065e-18,0.0008185939504676297,4.448860031091682e-23,-2.5471397439619073e-27,1.3474667000509097e-23,5.213660267580353e-24,-4.172665416893311e-18,4.448860044982987e-23,0.0008185939504676296,-1.6812298583015338e-26,-4.518226107631911e-08,1.453015222399245e-08,1.367460950347537e-28,-2.5470540584927064e-27,-2.073544550703947e-26,0.03516937119337907
1774036463424061074,324,1774036463367521524,center_camera,base_link_12,-0.6212500002094645,0.2537500000104954,-2.247933831533845e-18,0.0,0.0,0.9918712828911287,0.12724526779376377,0.0040003027434363245,1.4355950012348474e-22,-1.2413011405264475e-28,3.5139456546622e-29,8.454202571904871e-29,2.6312263765863218e-18,1.4356097785717544e-22,0.004000302743436322,3.1869917616153424e-30,-7.270428982843273e-32,-3.37781576079006e-30,-6.24767552107347e-16,-1.6250380700110682e-29,-2.4025711276128245e-30,0.004799963484190173,1.1740398599911124e-16,-5.643282109877309e-16,1.0122905441498626e-30,-4.147849453004232e-29,-7.270417117697169e-32,1.1740398610250881e-16,0.0024009808251094704,1.0768492999431026e-22,3.1403756918317867e-32,-4.5933483475918536e-29,-1.1703271477098286e-32,-5.643282118149115e-16,1.076417721429575e-22,0.0024009808251094717,9.454585613419427e-30,2.6312263765863218e-18,-6.24767552107347e-16,-2.4211238443819152e-30,3.1403996471209595e-32,-1.9753850405469762e-29,0.0047999635110468316,1.1078998667262228e-05,1.0511747205118806e-06,-3.2773730074081943e-19,-2.264824512583004e-18,-1.4835366753824676e-18,0.0027321370760118023,0.05956117049693459,1.4468554044354225e-12,-8.899544744198754e-27,-4.24616924413567e-24,-1.6212010981837165e-23,-3.864536547545303e-08,1.4468552344107e-12,0.059561170492184866,-2.0215754582725083e-27,-1.7506399473766085e-24,-6.866534406932877e-24,1.726047924014671e-08,-7.1122395795956e-24,-1.8550678406296866e-24,0.0032006418092971733,7.492248922045853e-19,-3.601304215824627e-18,3.0194720715361405e-26,-6.020387188363675e-24,-2.213478767254051e-24,7.492248922045506e-19,0.0008016570160230893,7.760890933299603e-25,3.630220523001289e-28,-1.61830942803235e-23,-6.977412013290303e-24,-3.601304215824469e-18,7.760891498395825e-25,0.0008016570160230893,2.617324792293054e-28,-3.8645365475453014e-08,1.726047924014671e-08,5.91766933578916e-29,3.681823154144574e-28,2.625863828774532e-28,0.03522517736535599
1774036463491145955,325,1774036463442800522,center_camera,base_link_12,-0.6212500001933963,0.2537500000509212,-8.837416428143255e-19,0.0,0.0,0.9918712826725032,0.12724526949793913,0.003765949181280653,1.2057084674789898e-22,-1.9650851266570702e-28,1.3845629640206002e-27,-8.869915569934733e-20,-1.2187940151858843e-16,1.205708469451142e-22,0.0037659491812806556,1.4112929507498665e-29,-3.4700978226102185e-28,2.4099580434571706e-20,-5.799254905677226e-16,8.940170156118679e-29,1.857739352526826e-30,0.00451873922044568,-1.283189980604386e-18,-5.449252359503731e-16,-5.2228188260425615e-30,-7.534391121346821e-28,1.8749073146162553e-28,-1.2831899814121796e-18,0.002260368673846068,-2.80747504041223e-15,-5.268504341712734e-30,-8.869915564757538e-20,2.409958043833188e-20,-5.449252351231925e-16,-2.80747504041223e-15,0.002260368673840456,-7.276797062345534e-22,-1.21879401621986e-16,-5.79925489740542e-16,4.952512649271519e-30,1.1562346153251123e-29,-7.276797061412636e-22,0.0045187392454055205,1.1168392401997911e-05,-1.09892886010245e-06,1.1170877538785225e-18,-6.452868159904551e-19,2.4987345005470648e-18,0.002623007551888785,0.05990339457041695,1.384717117506796e-12,1.6954887250347825e-26,-1.5708036112258063e-26,6.192694067460524e-24,-3.2833425572413557e-08,1.3847171243620139e-12,0.059903394565945414,-9.424099404359773e-28,-2.2869878835300854e-27,-8.143281713166672e-26,1.9332877050009337e-08,-7.097025958452525e-24,-9.370095492746085e-25,0.0030131589563931914,-7.254938118701717e-21,-3.0816584472617863e-18,1.36045395270347e-26,-1.581651413525338e-26,-2.2881528609959677e-27,-7.254938118701621e-21,0.0007547862311250036,2.4736202198482286e-23,-7.04533516472946e-27,4.3597359781155055e-24,-1.0013548912329585e-25,-3.081658447262262e-18,2.4736202198520966e-23,0.0007547862311250038,-1.8143081550062857e-26,-3.2833425572413557e-08,1.933287705000934e-08,-1.0857280079843208e-28,3.949414911392027e-30,-2.5200213565286022e-26,0.03532376532264621
1774036463557360601,326,1774036463521132708,center_camera,base_link_12,-0.6212500002024562,0.2537500000960409,-6.976673043971164e-20,0.0,0.0,0.9918712828156118,0.12724526838241462,0.0039186085637047206,1.2072404531062993e-22,3.9360790431397594e-30,-4.1590434491524804e-20,-4.159043735322072e-20,-2.512353302180433e-16,1.2399259028607823e-22,0.0039186085637047206,-3.95061102014277e-28,1.955835306170903e-20,1.9558353004178768e-20,-6.071773611667823e-16,-1.2935498531202765e-30,3.9913627514985614e-28,0.004701930481009401,-1.1540180726884673e-16,-6.072762642574931e-16,-4.6431922269615367e-29,-4.1590436765835253e-20,1.955835187405576e-20,-1.1540180721714794e-16,0.0023519642459276097,3.091545123154928e-21,-1.992354126262693e-21,-4.1590435149562597e-20,1.9558351873741993e-20,-6.072762634303125e-16,3.091568527869125e-21,0.002351964245927609,-1.9923541033293394e-21,-2.5123533042483845e-16,-6.071773611667823e-16,4.8785402351685546e-29,-1.9923541262620373e-21,-1.992354171516958e-21,0.00470193051139986,1.1127828144168472e-05,-3.1331755403729483e-06,-1.0022978870958585e-19,2.8863268816254636e-18,2.003424580403421e-18,0.0025029112992754885,0.05972163678591403,1.2952831023796014e-12,-9.053735401668057e-27,3.7657154072099576e-24,-3.434552150654791e-24,-2.656310341895408e-08,1.2952831970945783e-12,0.059721636781790446,-1.0062033985257955e-27,-7.050977991413738e-25,-6.9577097874472375e-25,2.131505344025227e-08,4.849169569630617e-25,-1.8949181302713763e-24,0.003135286430550984,-7.065352030051771e-19,-3.7179920540210575e-18,-2.8447241235167824e-28,1.3799529030220405e-24,6.932701227812505e-25,-7.065352030049334e-19,0.0007853178817164688,1.892708626560064e-23,-8.164176285481381e-26,-1.5423469491695703e-24,-2.0222071435269266e-25,-3.717992054020475e-18,1.8927086237857683e-23,0.0007853178817164693,-1.4066928533574457e-25,-2.656310341895408e-08,2.1315053440252273e-08,-2.8990341285623986e-28,-8.083464251809699e-26,-8.032759978407486e-26,0.03527313183720475
1774036463657389518,327,1774036463600684881,center_camera,base_link_12,-0.6212500001874367,0.2537500001300466,-1.482765186444267e-18,0.0,0.0,0.991871282627289,0.12724526985038248,0.003979607984630597,2.522432576787568e-22,7.4053351696165825e-28,6.958165436030728e-30,3.9041354727767915e-20,-3.561600894066881e-16,2.4595581143878735e-22,0.003979607984630597,-3.7481277179911375e-29,6.996676834148647e-28,-3.019131957957394e-20,-5.633727412796158e-16,-8.225823264507697e-28,5.44666044664789e-29,0.0047751297790163405,-2.165266461166683e-16,-5.902478124980938e-16,-2.139820206288197e-26,6.957927900948522e-30,-3.8715746994791906e-28,-2.1652664601327073e-16,0.002388563933632795,5.589960067059651e-19,4.957286337381985e-27,3.904135472776723e-20,-3.0191319551649547e-20,-5.902478133252744e-16,5.5899607418670465e-19,0.0023885639336383518,9.948471686860092e-23,-3.561600889930978e-16,-5.633727421067964e-16,-2.1392494731712798e-26,4.957286648960148e-27,9.948472092630379e-23,0.004775129807940473,1.108659347759038e-05,-5.011052982936452e-06,1.4453900629084077e-18,2.308795575704448e-18,-2.006246828403951e-18,0.0023894247713111124,0.05969021782801432,1.2184376009501787e-12,3.268568191639465e-26,-4.240376612715247e-24,-7.882623955732709e-24,-2.0610583155077126e-08,1.218437488898636e-12,0.05969021782420388,-1.38000591278057e-26,6.870617116917304e-25,2.239139169355502e-24,2.3036920782060538e-08,3.264315089926131e-26,-1.3825300186244074e-26,0.003184085984105778,-1.3673949536604006e-18,-3.727482631004216e-18,-9.092950465799689e-28,-4.24036034518979e-24,6.8699343628773345e-25,-1.3673949536602896e-18,0.0007975179144711319,3.673672116864158e-23,-1.5631384386027835e-28,-7.642065591334832e-24,1.3169259770111902e-24,-3.727482631003553e-18,3.673672107611529e-23,0.0007975179144711318,3.654117115775233e-27,-2.0610583155077126e-08,2.303692078206054e-08,-1.0163384683551949e-28,-1.626247316736808e-28,3.6539849810055844e-27,0.035264834940284234
1774036463724160852,328,1774036463684191465,center_camera,base_link_12,-0.6212500001823961,0.25375000016845384,-1.087683655583003e-18,0.0,0.0,0.9918712825834717,0.12724527019193588,0.004177328528235255,-2.376981795660021e-23,-6.378078915926492e-28,-6.366200633908608e-30,-3.6052737907075816e-29,-4.69511737850827e-16,-2.0698901570571498e-23,0.004177328528235255,1.3303850567760459e-27,1.3883342632260573e-27,-6.202239530061687e-29,-5.486578897052896e-16,7.435506478911564e-28,-1.4937648347088738e-27,0.005012394421970254,-3.2488120600749493e-16,-6.083759297443497e-16,-2.0547253124205e-29,-6.365877005620147e-30,-7.461905556040609e-28,-3.248812066278804e-16,0.002507196269745282,5.572728474808547e-21,2.5614102260476783e-32,3.065175681119961e-29,-4.295331266282145e-30,-6.083759297443497e-16,5.572750624445044e-21,0.0025071962697452814,5.130268946461677e-30,-4.69511737850827e-16,-5.486578897052896e-16,2.1638804431152532e-29,2.6744889071388445e-32,-1.1283193901006827e-29,0.005012394452744761,1.0982978906829795e-05,-6.768485693505198e-06,1.0822857212798409e-19,-2.9934589589992486e-18,-2.489904319251086e-18,0.002272357461914358,0.05948857362069143,1.145088445353856e-12,6.635969646007395e-27,-7.65959841200934e-26,2.9026527153296006e-24,-1.4486089922051046e-08,1.1450881784419535e-12,0.059488573617193334,3.8453628278121023e-28,3.705777131954293e-26,-1.4530405279030135e-24,2.466773890145662e-08,5.0887674390843e-24,-2.978852874584271e-24,0.003342262420534605,-2.2607819301312713e-18,-4.233566604701304e-18,9.869199018105935e-28,-7.656146137603882e-26,3.6925289731682953e-26,-2.260781930131142e-18,0.0008370620775586143,3.8731361467770315e-23,2.147247221497179e-28,3.396993049619957e-24,-3.3479986479348764e-24,-4.233566604702139e-18,3.873136143134426e-23,0.0008370620775586144,7.772292641350674e-27,-1.4486089922051044e-08,2.4667738901456616e-08,-9.138205300560426e-30,-1.8870992345947928e-28,-2.0350859568815014e-28,0.0352072291185918
1774036463790768225,329,1774036463754297256,center_camera,base_link_12,-0.6212500001415828,0.253750000161957,1.2070404260450542e-18,0.0,0.0,0.9918712820098857,0.12724527466301389,0.0035072888848305186,-1.9931077613540468e-23,-8.077451610175898e-29,3.52367425600474e-20,3.52370526065463e-20,-4.666821883081674e-16,-2.2956636864101686e-23,0.0035072888848305204,6.461163231448985e-28,-4.094980329231732e-20,-4.094990663410215e-20,-4.2974791097241376e-16,5.062549068257342e-29,-7.913686101300889e-28,0.004208346867158743,-3.2520476163320296e-16,-4.781143281266433e-16,3.73050921679641e-25,3.5236742578172764e-20,-4.094980335661801e-20,-3.252047618399981e-16,0.0021051725368410297,2.8684215828361623e-15,-1.5995981469226406e-21,3.523705260654636e-20,-4.0949906680277693e-20,-4.781143289538239e-16,2.8684215828361607e-15,0.002105172536841261,-1.5549071151568136e-21,-4.666821883081674e-16,-4.2974791097241376e-16,3.730548008414881e-25,-1.5995982061630435e-21,-1.5549071151568115e-21,0.004208346887138285,1.105495014372985e-05,-8.216002017908917e-06,-3.8547044754315663e-19,-2.3221004828203447e-18,-7.334928887554347e-19,0.002196491279307397,0.06027672542156353,1.115779762752268e-12,-2.1043378863960418e-27,-2.441519702900228e-24,-2.406121305602008e-24,-1.0503683634331219e-08,1.1157801115515397e-12,0.060276725418208804,2.235312213700386e-27,1.690055348396868e-24,1.6590584280628482e-24,2.5507650477002462e-08,-2.172823988220372e-24,-3.980891333700763e-24,0.0028062307435024083,-1.5951367733755189e-18,-2.3451800293749343e-18,-4.853586041330703e-26,-8.918292962787281e-25,2.094322631190868e-24,-1.5951367733757338e-18,0.0007030543267968404,1.8842018517786762e-23,-4.330408840619617e-26,-2.810387356370622e-24,3.208751347457714e-24,-2.345180029375564e-18,1.8842018517800847e-23,0.0007030543267968406,-4.187252098807256e-26,-1.0503683634331214e-08,2.5507650477002465e-08,-1.540452231870615e-28,-4.370583955023653e-26,-4.1875818744793806e-26,0.03543385744470749
1774036463890726006,330,1774036463838522434,center_camera,base_link_12,-0.6212500001871756,0.25375000025523414,-9.200142046072582e-19,0.0,0.0,0.9918712826942159,0.12724526932868976,0.004213258128813293,2.829340158364033e-22,-5.167969030874255e-30,-6.572128662330927e-20,3.286214221966357e-20,-7.210232620210406e-16,2.863662841595648e-22,0.004213258128813291,7.355262226624627e-29,9.36276083168381e-20,-4.6814577755714643e-20,-5.650741124197042e-16,-3.7766930200605756e-30,5.996551729858211e-30,0.005055509953251954,-5.635430207514081e-16,-6.927043168512589e-16,5.207663369795015e-25,-6.572128541920191e-20,9.362760831683806e-20,-5.635430207514081e-16,0.0025287539087936553,2.628008336287586e-15,3.767394182877907e-21,3.28621410155562e-20,-4.681458009788287e-20,-6.927043164376686e-16,2.6280083361870686e-15,0.002528753908793654,-1.8624049807538463e-21,-7.2102326119386e-16,-5.650741128332945e-16,5.207724780351281e-25,3.7673941873937785e-21,-1.8624049807528187e-21,0.005055509993429378,1.0737035407265951e-05,-9.505735942230775e-06,5.596628829864585e-19,2.080974861801091e-18,3.842963902763852e-19,0.002072662242234786,0.059181158909007145,1.0066779350229813e-12,1.9800710487732162e-26,1.2627558334618244e-23,-1.4849599914724814e-24,-4.2946991413588335e-09,1.0066779763070164e-12,0.05918115890603383,-1.7211232378603522e-26,-9.590230252178494e-24,2.3906946172313727e-24,2.662174215526022e-08,-1.1058834179201885e-24,4.298189943270666e-24,0.003371006037006785,-3.988224177411332e-18,-4.9023291458756935e-18,5.276383642448771e-28,1.2627644529390631e-23,-9.590201472860044e-24,-3.988224177412118e-18,0.0008442475085669083,3.3753837961705187e-23,2.0148570099037124e-25,-9.227119910338556e-25,2.350820119238211e-25,-4.902329145876344e-18,3.375383813520945e-23,0.0008442475085669084,-9.921544646436857e-26,-4.29469914135883e-09,2.6621742155260218e-08,5.231928741318165e-28,2.0108163155508697e-25,-9.840752990058017e-26,0.03512088858563013
1774036463957568944,331,1774036463913469791,center_camera,base_link_12,-0.6212500001333932,0.25375000021330396,-1.804527729889004e-18,0.0,0.0,0.9918712819368222,0.12724527523254045,0.003749367200548594,4.859010439383716e-23,-5.552175797692637e-30,6.292083448477112e-20,-1.1759444975677273e-30,-6.202284729422174e-16,3.966828477101382e-23,0.003749367200548596,-3.9128630332742365e-29,-1.1058853543676216e-19,-7.549203135456183e-29,-4.056069769080696e-16,-5.1216197588190725e-30,1.1723091149553587e-29,0.004498840837409468,-4.6837002966856655e-16,-4.958308709057755e-16,-2.0583174271934394e-30,6.29208344358272e-20,-1.1058853340299027e-19,-4.683700288413859e-16,0.0022504195295999594,-2.8802915228325288e-15,-4.281925329760955e-21,-1.1759052044649991e-30,5.161877871879579e-29,-4.958308717329561e-16,-2.8802915227697623e-15,0.002250419529605722,3.820091494729941e-29,-6.202284712878562e-16,-4.056069769080696e-16,2.9571871754782985e-30,-4.281925329036449e-21,-8.216323769979816e-29,0.004498840859705493,1.0734353770684123e-05,-1.077047952571496e-05,-1.1488569437365918e-18,-1.1106914927936444e-18,2.4004709076600184e-19,0.0019947772350310607,0.05980943146459944,9.735854535317816e-13,-2.643895903575847e-26,-1.1833490038934092e-23,3.914466975991336e-24,-3.803741701152649e-10,9.735854030916157e-13,0.059809431461781935,2.938211165592881e-26,1.2618851035946937e-23,-2.615638853496777e-24,2.7236908328177944e-08,8.218642384149653e-25,-3.222557870667127e-24,0.002999893394191441,-2.625728405418394e-18,-2.779650124594071e-18,-2.620205143946755e-28,-1.0208951192237217e-23,1.3042749925759412e-23,-2.6257284054186387e-18,0.0007514700172814035,2.0483920187952326e-23,-7.718179128229737e-26,3.914465347698843e-24,-2.6156328832768415e-24,-2.779650124594167e-18,2.0483920118483698e-23,0.0007514700172814037,5.143564017223029e-26,-3.803741701152649e-10,2.723690832817794e-08,-2.6180358476083715e-28,-1.2935147295847549e-25,7.601436183224827e-29,0.035300019772910494
1774036464057436425,332,1774036463999593496,center_camera,base_link_12,-0.6212500001596127,0.2537500002934525,-1.058702220604757e-18,0.0,0.0,0.9918712823510127,0.12724527200394323,0.004308184532806467,2.336755253747905e-22,-6.974378748433371e-28,6.819687431006926e-20,-6.837810647945234e-28,-8.425516896683494e-16,2.3045284635009354e-22,0.004308184532806464,1.387949644460224e-27,-1.2229618868164676e-19,-3.736854705420106e-29,-4.839539382875466e-16,7.3069719226964835e-28,-1.465597635771331e-27,0.005169421627977303,-6.85436928019411e-16,-6.42859658872816e-16,-1.3342446909932996e-24,6.819687318238264e-20,-1.222961864894586e-19,-6.85436928019411e-16,0.002585709815024288,2.7168520560990426e-15,4.277522622922567e-21,3.7342650322966536e-28,4.040589072661103e-29,-6.428596584592257e-16,2.716852056099043e-15,0.002585709815018851,-3.727158704941426e-25,-8.4255169049553e-16,-4.839539382875466e-16,-1.3343246467765563e-24,4.277522618973275e-21,-3.727158710008104e-25,0.005169421664652773,1.0440900023882916e-05,-1.1798873790434285e-05,-8.445360766011433e-20,3.153155972055423e-18,-2.5421114860244348e-20,0.001885039022918065,0.05905232404134967,8.970471473266731e-13,-5.16358371928903e-27,-3.114504290963572e-24,1.0567432962717188e-26,5.041484085695779e-09,8.970473550592008e-13,0.05905232403883024,-1.3450706468735224e-27,3.53264582391202e-24,-1.1446059053744821e-26,2.7963785474257574e-08,-2.0069886400394885e-25,2.2222677314616655e-25,0.003446947191882926,-5.072784792402211e-18,-4.757717290678258e-18,-1.2764400444862803e-25,-3.6506691605666156e-24,5.587542668325841e-24,-5.072784792401452e-18,0.0008632330541520651,7.036350965423003e-24,2.7369247246730987e-25,-5.253939255928385e-25,2.043374413149969e-24,-4.757717290676875e-18,7.036350961147857e-24,0.0008632330541520652,3.452788680166291e-28,5.041484085695787e-09,2.796378547425756e-08,2.335415899015791e-28,2.073348573711868e-25,3.4507619676805845e-28,0.03508064572680896
1774036464124495125,333,1774036464068131924,center_camera,base_link_12,-0.6212500001076577,0.25375000022345023,3.116768383773414e-19,0.0,0.0,0.9918712815963064,0.127245277886846,0.003428920714692147,8.841376399760421e-23,8.545480188444848e-31,4.114691098364535e-29,-7.551049055595889e-20,-6.5899414924726905e-16,9.13633788199589e-23,0.003428920714692146,-1.2830569106022483e-27,3.1560730261098836e-30,1.7443230760287347e-19,-3.2902108470707915e-16,1.0394797692593424e-31,1.435772162016007e-27,0.004114305060988953,-5.054323491864694e-16,-4.291824221815317e-16,-3.3985071996610877e-25,-2.627414751431206e-30,3.157188105928545e-30,-5.054323487728791e-16,0.0020581516609649653,-2.9126747914424116e-15,2.0118949098637822e-25,-7.551049154613219e-20,1.7443230960191672e-19,-4.291824221815317e-16,-2.9126747914424164e-15,0.002058151660970561,3.684229620601285e-21,-6.589941500744497e-16,-3.2902108470707915e-16,-3.3985070132808715e-25,2.0118949098638547e-25,3.6842296224557945e-21,0.004114305078926132,1.0483589586100457e-05,-1.2836776840603237e-05,8.189148946492122e-19,2.3008747426907752e-18,-3.372409216188825e-19,0.0018267694598710442,0.0600533800701169,8.83076118339506e-13,1.3017327222039004e-26,7.072456263459825e-24,5.669104757394869e-24,7.766917164976736e-09,8.83076052308809e-13,0.06005338006768298,-1.3319284461163982e-26,-7.06438911477746e-24,-7.250485490973784e-24,2.818867825973694e-08,1.2952615211088127e-26,-1.3190076259613616e-26,0.002743536221395656,-2.3697052345799093e-18,-2.0122122249534607e-18,-1.6876940057137557e-27,8.537474147710552e-24,-6.682207094266279e-24,-2.3697052345798577e-18,0.0006873807981514668,1.6588113038025234e-23,-6.881256651238756e-29,6.4015618090364445e-24,-7.059326654054095e-24,-2.012212224953392e-18,1.6588113037982905e-23,0.0006873807981514665,8.883496544318277e-26,7.766917164976734e-09,2.8188678259736934e-08,1.8575407024681699e-28,-6.825433817898082e-29,8.883441711323081e-26,0.03536694506940362
1774036464190628453,334,1774036464155503988,center_camera,base_link_12,-0.62125000015715,0.2537500003637356,4.693654398309343e-19,0.0,0.0,0.9918712823711399,0.12724527184705328,0.004370602461150069,2.70391170830739e-22,8.19172744649637e-28,-7.951445891401871e-28,-8.4018158319654e-28,-1.0474441115035945e-15,2.7038778188429017e-22,0.004370602461150074,-3.2522250349431885e-29,-2.0333452886812657e-29,1.5792899322178545e-27,-4.782521881154829e-16,-8.987131908521832e-28,1.0029980557126505e-28,0.0052443231465020435,-8.906809615855855e-16,-6.955489066054063e-16,-2.4059241245290873e-25,4.31822666794664e-28,-2.0333407771339472e-29,-8.906809611719952e-16,0.0026231604810460322,-8.498848976062164e-22,9.184814664627314e-26,4.218239078778068e-28,-7.913516885847496e-28,-6.955489070189966e-16,-8.49859194542075e-22,0.0026231604810460322,2.945993691401552e-25,-1.0474441115035945e-15,-4.782521881154829e-16,-2.4059019079036658e-25,9.181125634268876e-26,2.947099225657292e-25,0.005244323191398862,1.0032764786458755e-05,-1.3426269219856572e-05,-1.008003781707022e-18,2.1061122783585166e-18,2.460919370889544e-18,0.0017142559251796586,0.05857086629025996,7.840810747254361e-13,-1.7633926992392977e-26,7.234598637846046e-26,-9.163107918597222e-24,1.2975356124959887e-08,7.840809040995968e-13,0.05857086628815262,2.5569787126474307e-26,-7.383168726825991e-26,1.1661151950239792e-23,2.8496254229844125e-08,-3.457264470509345e-24,3.956629152121493e-24,0.003496881485115011,-6.782883744162446e-18,-5.2968774464613625e-18,-7.083729562901202e-26,7.243550204006269e-26,-7.380353359143943e-26,-6.782883744163246e-18,0.0008757162788848093,-6.384621144819273e-24,-5.617320382857034e-29,-1.0880850773170969e-23,1.362431602527001e-23,-5.296877446461498e-18,-6.384621196882132e-24,0.0008757162788848089,-3.573454760753732e-26,1.2975356124959885e-08,2.849625422984412e-08,-2.6462420217907627e-28,1.4731912595568418e-28,6.455463660177081e-28,0.03493627266667453
1774036464257407834,335,1774036464229140759,center_camera,base_link_12,-0.6212500001003364,0.2537500002582,-3.965037733052246e-19,0.0,0.0,0.9918712815333616,0.1272452783774977,0.003683837873968844,1.7581221352309105e-22,-1.3484494675758808e-30,-5.116602278438268e-20,-2.5583735146187474e-20,-7.631353686317082e-16,1.7292951224929993e-22,0.0036838378739688466,1.3191210378064983e-30,1.4125232314018603e-19,7.062440447267054e-20,-3.0721871307074336e-16,-1.3487797873659337e-30,2.5131258746612974e-30,0.004420205643003848,-6.051858096911363e-16,-4.3729260631435584e-16,5.86204088364785e-32,-5.1166023743603155e-20,1.4125232292466527e-19,-6.051858101047267e-16,0.0022111019643782596,-5.868212186049215e-15,3.2826541541161963e-21,-2.5583735169367612e-20,7.062440447267057e-20,-4.3729260590076553e-16,-5.868212186069385e-15,0.0022111019643780106,1.58615571482065e-21,-7.631353702860694e-16,-3.0721871307074336e-16,5.862715736791367e-32,3.282654217635974e-21,1.586155653503719e-21,0.004420205662957499,1.0019225557543648e-05,-1.4317003362516846e-05,-7.745492941997829e-19,-8.371519495733583e-19,1.9122099932832113e-18,0.0016544550700780182,0.059465875675602284,7.653593536727417e-13,-1.6863323735495646e-26,4.5509761337576314e-24,2.284604295839888e-24,1.5582266242388525e-08,7.653598405054407e-13,0.0594658756735852,2.6970094916214237e-26,-6.6125535303670654e-24,-3.329350544223673e-24,2.856593822137764e-08,3.3132693950734514e-26,-1.6465819493308517e-25,0.0029474699492593446,-3.275327058392635e-18,-2.3666807415123798e-18,-4.883456606013598e-28,2.986662632991922e-24,-3.7502733938475884e-24,-3.27532705839132e-18,0.0007383642757461956,1.1325556914386184e-23,6.152078689408832e-26,3.0501049176674235e-24,-3.1296428587724188e-24,-2.3666807415129483e-18,1.132555693519519e-23,0.0007383642757461954,9.139608724592519e-26,1.5582266242388525e-08,2.8565938221377635e-08,-4.630764745748906e-28,8.597523976600454e-26,4.2484544288844737e-26,0.03519018285982951
1774036464357383054,336,1774036464309006453,center_camera,base_link_12,-0.6212500001208725,0.25375000034108686,-1.4215931096122996e-18,0.0,0.0,0.9918712818650852,0.1272452757917272,0.003995283966350796,1.5335383895609732e-22,-3.793035765264567e-28,7.106333182580254e-20,7.106131653215243e-20,-9.99854553015763e-16,1.6000289035755013e-22,0.003995283966350797,1.5140725496355352e-27,-2.0173125494248593e-19,-2.017364235618487e-19,-3.705280416980346e-16,4.01595374766365e-28,-1.6095448514005814e-27,0.004793940964265753,-8.304311808974549e-16,-5.629450169382126e-16,5.338530888260322e-26,7.106333183203496e-20,-2.0173125482322067e-19,-8.304311796566839e-16,0.002397969465419153,5.3868661151456575e-15,2.3951008203982153e-21,7.106131656196953e-20,-2.01736421374e-19,-5.629450171450078e-16,5.386866115145658e-15,0.002397969465419153,2.3949999902942147e-21,-9.99854553015763e-16,-3.7052804211162493e-16,5.338244942362106e-26,2.3951007846803188e-21,2.3949999557999886e-21,0.0047939409970656,9.76521062954148e-06,-1.4859647161448425e-05,-7.557458311571559e-19,-6.00042502727421e-19,2.4169695803495706e-18,0.0015744794426411526,0.05911805708583717,7.131395948017304e-13,-8.61573759670786e-27,-1.6459594881949792e-23,-1.3422481858800515e-23,1.8870586960247372e-08,7.131393899787221e-13,0.059118057084005964,1.1011024499080894e-26,2.596780351667054e-23,1.9931554185016408e-23,2.8445118460380925e-08,-7.221331894220637e-26,2.547804190436327e-25,0.003196626740158023,-5.284956163190529e-18,-3.582633602002055e-18,1.2531432539769039e-28,-1.4467833382940407e-23,2.2323301729342242e-23,-5.284956163190984e-18,0.0008006528761317259,-4.297891476738437e-24,8.9233391048234e-26,-1.541427163481181e-23,2.3576184706272095e-23,-3.582633602002784e-18,-4.297891478728329e-24,0.0008006528761317262,1.0419944162634548e-25,1.8870586960247372e-08,2.844511846038093e-08,1.24511568258428e-28,1.0490755134493306e-25,1.0419975598479886e-25,0.035086511632489104
1774036464424009151,337,1774036464391186237,center_camera,base_link_12,-0.6212500001077078,0.2537500003330691,3.8552146114747287e-19,0.0,0.0,0.9918712816915305,0.12724527714457842,0.004110988558285913,2.392920233267641e-22,2.530904445013741e-30,-6.922255656586179e-28,-6.029490542119982e-30,-9.790540989332984e-16,2.4851353515178544e-22,0.004110988558285916,1.4866045605046977e-27,2.7615735828161036e-27,1.9126539135400376e-29,-3.3018644405100407e-16,1.368262818649598e-30,-1.5052660724057108e-27,0.0049327864608720625,-8.161441037089589e-16,-5.208415713221487e-16,3.6787699843055244e-33,3.72496130171065e-28,-1.4973151325951016e-27,-8.161441024681879e-16,0.0024673922928849083,5.172789480649808e-21,2.6436023199000744e-30,-6.0294837947824086e-30,1.9125297025784693e-29,-5.208415713221487e-16,5.17278948222753e-21,0.002467392292884907,-2.2550252366684806e-32,-9.79054099760479e-16,-3.301864444645944e-16,2.495254849244521e-32,-5.559771378693901e-30,-2.257721940095412e-32,0.00493278649035341,9.552591816744605e-06,-1.5401645988669556e-05,-1.1253567437253273e-18,4.768171420160244e-19,-2.7916661048141812e-18,0.0015002910619378999,0.059099189138048916,6.663797262926694e-13,-2.1768899204557212e-26,1.0230687827820893e-23,1.015471076853724e-23,2.1950908149617176e-08,6.663800841602755e-13,0.059099189136376545,3.7945430871361944e-26,-1.4600968302344265e-23,-1.4516862732183556e-23,2.835390727060963e-08,-1.950486537828011e-24,7.431060688690271e-24,0.0032891904486742774,-5.500389312071354e-18,-3.510203410093385e-18,-1.4835816232001117e-28,1.0230823401989591e-23,-1.4601204830352643e-23,-5.500389312071466e-18,0.0008237940986194629,3.4768773215689865e-23,1.1823299778857905e-28,1.015469775204908e-23,-1.451686309736366e-23,-3.510203410093904e-18,3.476877321187989e-23,0.0008237940986194633,3.6707447924835134e-29,2.1950908149617176e-08,2.835390727060963e-08,8.205529275576899e-29,1.184944580805055e-28,3.625580446596132e-29,0.035076853572314076
1774036464523991624,338,1774036464471894264,center_camera,base_link_12,-0.6212500000971268,0.25375000032735157,1.833843302798243e-18,0.0,0.0,0.9918712815478281,0.1272452782647319,0.004037400679042677,2.84231549241668e-22,3.156151560005841e-29,-6.502537257401e-28,-2.509204700479236e-20,-9.660933740105776e-16,2.812263583796796e-22,0.00403740067904268,-1.3576590452344497e-27,-6.369804065996774e-29,8.118052236452446e-20,-2.981992183895264e-16,6.97516667547886e-30,1.4486545617878956e-27,0.004844481005149077,-8.035521607187326e-16,-4.856662087729763e-16,-1.4969105609528925e-31,3.596921491128508e-28,6.592286482247246e-29,-8.035521615459132e-16,0.002423239591382028,2.1617947686110154e-21,1.5607947924418865e-31,-2.509204797693589e-20,8.118052638271876e-20,-4.856662091865666e-16,2.1618162106392802e-21,0.0024232395913817615,8.847761335790982e-22,-9.660933756649388e-16,-2.981992183895264e-16,6.889793406984611e-31,-6.884834658452419e-31,8.847761344229853e-22,0.004844481032077793,9.374287551022375e-06,-1.5904607203057514e-05,-6.513925198228538e-19,1.736534011875001e-18,-2.934595352294676e-18,0.0014338492894541406,0.05931970017393776,6.241524769311412e-13,-1.1051886210667666e-26,5.839271779762281e-26,3.198286602031693e-24,2.457542792254357e-08,6.241527054989715e-13,0.059319700172388634,2.1491322799766574e-26,-9.923094569736948e-26,-5.166843936301553e-24,2.8180520120789756e-08,1.7615751913111188e-24,4.839338555271865e-25,0.003230320159775682,-5.223595593289617e-18,-3.1571369276253734e-18,-2.8425573790147335e-26,9.439433015538713e-25,1.317943258451704e-25,-5.223595593288797e-18,0.0008090766251684225,1.4035904692140625e-23,1.4469635685865354e-26,3.1981682606669275e-24,-5.166645939129354e-24,-3.1571369276248157e-18,1.4035904667840703e-23,0.0008090766251684223,1.654754153044692e-26,2.457542792254357e-08,2.8180520120789752e-08,-7.225829584496713e-29,3.1226597755049066e-28,3.090739517556317e-26,0.03513760448995852
1774036464590728049,339,1774036464551645756,center_camera,base_link_12,-0.6212500000789013,0.25399994387592223,-1.1829661064652167e-18,0.0,0.0,0.9891097510728121,0.14717982311675668,0.003989573899807188,2.915907505849407e-23,3.1607354379896288e-28,2.0647030920140286e-20,-4.129416386367346e-20,-9.95585475528738e-16,2.9157580167078675e-23,0.00398957389980719,-1.3537567694744233e-27,-8.028628977424775e-20,1.6057381678057008e-19,-2.836418665533236e-16,-3.536950143260396e-28,1.5118200487171491e-27,0.004787088873707951,-8.31657140320236e-16,-4.789961936494922e-16,2.9369546056501956e-30,2.0647029897217055e-20,-8.028628964225587e-20,-8.31657140320236e-16,0.002394543509071714,-2.819903760302241e-15,-1.72791914178143e-21,-4.129416385784863e-20,1.6057382113624255e-19,-4.789961936494922e-16,-2.8199037602585752e-15,0.002394543509071713,3.4251348957924914e-21,-9.95585475528738e-16,-2.836418665533236e-16,-4.1436774171069684e-30,-1.7279192087614163e-21,3.425134891851794e-21,0.004787088901020608,7.979130266550789e-05,-0.0002867969104274679,6.768741108810215e-20,-1.772108973688796e-18,1.0678220691380412e-18,-0.02089342075456861,0.05947971836953258,5.845254483733737e-13,-4.296578637436256e-28,-2.9873980831116483e-24,3.121311080865648e-24,2.6902917821230215e-08,5.845250119574422e-13,0.059479718368103174,-1.3349104604711437e-27,5.3850283426742484e-24,-5.058896160126161e-24,2.7899938388845008e-08,-4.597450691780134e-28,-1.2183402674375833e-27,0.0031920587296159915,-5.27871195260261e-18,-3.0403192873488916e-18,5.678009116954639e-26,-2.9874538244390373e-24,5.3850145200130235e-24,-5.278711952603696e-18,0.000799511205792892,5.074151550036574e-24,-6.360183405400924e-26,4.0151875021426504e-24,-4.8254487505393334e-24,-3.0403192873495168e-18,5.0741514928262055e-24,0.0007995112057928918,1.255618469030636e-25,2.690291782123021e-08,2.789993838884501e-08,3.2825711021735423e-29,-6.359961997513341e-26,1.2556225930338071e-25,0.03518259827208624
1774036464690718596,340,1774036464630717278,center_camera,base_link_12,-0.621249999877223,0.2540000054398164,5.865407648616826e-19,0.0,0.0,0.9891091408044669,0.14718392431597033,0.003955575402141634,-8.211296076478756e-22,6.346412299323629e-28,1.2262971854838062e-19,-3.065453509918607e-20,-1.571920718018722e-14,-8.242261328254705e-22,0.003955575402141636,4.2405588811649036e-26,5.088024535141172e-18,-1.271979645910229e-18,3.6174588002381015e-16,-7.588501764153882e-28,-4.841873436824912e-26,0.004746290679031918,-1.840149005593362e-14,-4.04196269838761e-15,2.4326273231195183e-30,1.2262971861515716e-19,5.0880246039268805e-18,-1.8401490049316175e-14,0.0023741444006222523,5.601498627215661e-15,-5.010973148498251e-22,-3.065453623464067e-20,-1.271979710422551e-18,-4.041962701696333e-15,5.601498626862163e-15,0.0023741444006276234,-3.1378975942043877e-22,-1.571920716695233e-14,3.6174588002381015e-16,-2.3117157517167086e-30,-5.010973145880421e-22,-3.137897594236094e-22,0.004746290706568571,7.530308129824919e-05,-0.00027084854904080346,-2.1201068785746484e-19,-6.986654130378805e-19,-1.7684940996476627e-19,-0.019979798362028907,0.059601496041583005,6.451920042480371e-13,-4.853087155321566e-26,1.0098641265669581e-22,-3.6487241767790664e-23,9.385546377042713e-08,6.451916703052303e-13,0.059601496040087805,1.570146552674687e-25,-3.629493636028131e-22,9.066767181625619e-23,4.447514775606199e-08,3.094592517231864e-23,-1.148714934072661e-22,0.00316485992701001,-9.007329347891039e-17,-2.521854382010984e-17,-7.310938118675484e-27,8.366959270805651e-23,-3.060458343368134e-22,-9.007329347887473e-17,0.0007927114637428282,-8.179230074795693e-22,-1.8688056032752095e-26,-1.9170547139161733e-23,3.376425837517075e-23,-2.521854382010583e-17,-8.179230070215555e-22,0.0007927114637428285,-1.1417101247873446e-26,9.385546377042712e-08,4.4475147756061976e-08,-2.2134249056705504e-30,-1.8774592050028974e-26,-1.1381033270494832e-26,0.03521781427176526
1774036464758035081,341,1774036464711080790,center_camera,base_link_12,-0.6145015488067188,0.2652474212108266,6.423786108092872e-19,0.0,0.0,0.9571005000242807,0.2897561610272884,0.004020174912941774,-5.56936834071542e-22,-3.5343029845546696e-30,-5.44001937508151e-20,-1.0879873112752319e-19,-1.5191137115306397e-14,-5.600493510374075e-22,0.004020174912941773,2.679440919875348e-28,-2.4204497314827254e-18,-4.841216953199127e-18,3.5281791122301096e-16,-2.395894725245705e-30,1.426123532333227e-27,0.0048238100904571994,-1.397392997809009e-14,3.900937942994143e-17,7.933064444944613e-26,-5.440019162604617e-20,-2.4204497293300187e-18,-1.3973929984707536e-14,0.002412904098279275,4.362528601793225e-18,-1.1526632861012003e-21,-1.0879873115546927e-19,-4.841216951410582e-18,3.900937942994143e-17,4.3625284235106604e-18,0.0024129040982736943,-3.151684801041247e-21,-1.5191137102071508e-14,3.5281791205019157e-16,7.933059701738233e-26,-1.1526632861175628e-21,-3.1516847990321e-21,0.00482381011936626,-0.003587543032437022,-0.014912899160713752,9.353035725576006e-19,2.0958022544344107e-18,1.7180673164562399e-18,-0.18556930870691662,0.05958494054090528,7.44585634966951e-13,1.8124163716032704e-25,-1.5392679118942306e-22,-7.853690295519413e-23,1.533773113743645e-07,7.445856151764278e-13,0.05958494053913872,-6.446720062332726e-25,5.481201965443565e-22,2.7057770793498815e-22,5.9074625310169067e-08,-3.5315572872802026e-23,1.1598775011012732e-22,0.003216539529982387,-9.005845930629991e-17,-2.5192823038763556e-17,2.2320875680859713e-27,-1.5301638903227645e-22,5.483973977675117e-22,-9.005845930630297e-17,0.0008056313341393348,-7.671256423253847e-22,-4.8723707623222605e-26,-5.989519147541161e-23,2.1259449561403475e-22,-2.5192823038762986e-17,-7.671256420818777e-22,0.0008056313341393347,-1.3198479545588945e-25,1.5337731137436448e-07,5.907462531016906e-08,2.2805840679233982e-28,-4.871345580592739e-26,-1.303261018260851e-25,0.0352140289861215
1774036464824038600,342,1774036464788664579,center_camera,base_link_12,-0.5992531852259738,0.2919939990101147,-1.5277415320265249e-18,1.0928516280234123e-16,-1.1048311715366727e-15,0.8551759546072286,0.5183378113369844,0.0038811888080781615,-1.997541628128841e-17,2.0881304482915237e-24,1.8973093431545126e-16,1.4229465575786017e-16,-5.366825326229047e-13,-1.9975416694878717e-17,0.003881188808078164,7.339600791600113e-25,1.756332997141339e-16,1.3171865381274732e-16,5.797034478222996e-13,-2.2791886138833757e-24,-7.377105895012084e-25,0.004657026767784228,-7.278022009658738e-13,1.6492766673769803e-13,-9.98974960360374e-26,1.8973093212481687e-16,1.7563330181997133e-16,-7.278022013893902e-13,0.002329512452400899,-5.352934660294765e-15,5.324917769535114e-21,1.422946535837863e-16,1.3171865163831463e-16,1.6492766684357714e-13,-5.352934663100535e-15,0.0023295124523902994,3.994279239935153e-21,-5.366825334699376e-13,5.797034486693326e-13,-9.869208711372744e-26,5.3249190268707375e-21,3.9942790646668565e-21,0.004657026793966169,-0.00042061526602376676,-0.04801264319994888,9.424064903688136e-19,-8.361981941913942e-19,4.0501028012127833e-19,-0.4501430302514763,0.059819961104296895,-6.905195533751986e-11,-4.364483218140988e-24,-4.27458619654745e-21,-3.1989407708145638e-21,3.5173785210521445e-06,-6.905195581342586e-11,0.059819960791515886,-3.268187093017549e-23,-1.7732275172453743e-20,-1.331916330546994e-20,-7.596836854721816e-07,-3.106408384995128e-21,-2.0998334371744472e-21,0.0031053506569877097,-4.395646896222651e-15,9.906724924855482e-16,1.592203419521298e-24,-5.8242614003395225e-21,-1.8764805379294668e-20,-4.395646896220813e-15,0.0007778341731666998,1.1626119472757636e-18,8.041260957134875e-25,-3.1989740649425962e-21,-1.3319328805712843e-20,9.906724924856874e-16,1.1626119472791577e-18,0.0007778341731667045,-4.184339641081015e-26,3.517378521052145e-06,-7.596836854721808e-07,-2.331705428361586e-27,-4.618016862189073e-26,-4.183522538648463e-26,0.035282906422809936
1774036464924026562,343,1774036464869200706,center_camera,base_link_12,-0.5792535723377966,0.3297410399937744,1.2027275757385463e-18,5.307143898726829e-16,4.0258725211919604e-16,0.6043639328760411,0.7967083761569249,0.00402880565404317,-1.8930792964034282e-16,-3.1641250949461292e-24,-1.8064617165282956e-16,-1.0845224891839124e-22,-1.192530257960382e-12,-1.8930794618395507e-16,0.004028805654043436,-1.2134965332019714e-25,-9.227670447232978e-17,-5.539871233039797e-23,2.3361012898973944e-12,3.284706130190842e-24,5.826002991629045e-28,0.004834166981424993,-2.5234058193549435e-12,-6.943557392029103e-14,-3.32366780924277e-25,-1.8064618061168221e-16,-9.227670463544076e-17,-2.5234058176608776e-12,0.002418082527310724,-2.7288741353641064e-16,3.042315798942496e-21,-1.0845191710377298e-22,-5.539869854998403e-23,-6.943557392029103e-14,-2.7288741353600674e-16,0.0024180825273203456,-6.022751423846326e-25,-1.192530257960382e-12,2.3361012932855262e-12,-3.380143360854191e-25,3.042320850455074e-21,-6.017514791438588e-25,0.004834167011591898,0.03124896315247866,-0.08632688057639414,-5.894394500148399e-19,-1.415344517056181e-18,-2.258799794338526e-18,-0.867693892292096,0.05966435860125326,-3.563845817324986e-10,-2.0972064859702638e-22,4.5910331975621106e-21,4.0188322041365566e-21,1.5644875223103303e-05,-3.5638458154981247e-10,0.059664351838749734,3.950949257495071e-22,1.7560319142360193e-20,4.5697591763879986e-20,-7.878395609669466e-07,7.304936454319326e-21,-3.52849298530014e-21,0.0032234441137875616,-1.6331946825660927e-14,-4.493970686923793e-16,-1.5506839239982143e-23,8.123634101595605e-21,1.5715196749548996e-20,-1.633194682566758e-14,0.0008073574123332944,-1.7638999016723388e-18,-7.399439586129795e-24,4.0188321926881805e-21,4.569759179222863e-20,-4.493970686923316e-16,-1.763899901672548e-18,0.0008073574123333582,-6.285235608857222e-25,1.56448752231033e-05,-7.878395609669344e-07,-6.652353392310037e-26,-7.488180897386396e-26,-6.2854642853449385e-25,0.03524047677341641
1774036464990715012,344,1774036464952096701,center_camera,base_link_12,-0.5662511530075086,0.352494431406804,-6.84168443310743e-19,9.26910491298249e-16,1.1659795182829478e-15,0.42185174032698863,0.9066648273662605,0.004146799035681641,-1.6593241102580265e-16,-1.9139051841123354e-24,-1.6535264658870225e-15,-8.267665045926523e-16,-3.6475638141351507e-13,-1.6593241764324755e-16,0.0041467990356832485,4.0686876300753976e-26,-1.235492914006019e-16,-6.177347303463223e-17,4.949842490368454e-12,-8.916385694300237e-25,-1.7346937964832822e-26,0.004975759030773774,-4.360984589126069e-12,-1.9451659572211058e-12,-1.624419403615848e-25,-1.6535264648083116e-15,-1.2354929140100741e-16,-4.360984592514201e-12,0.002488878591975829,-1.0869259082846522e-14,1.725879199478181e-20,-8.2676650459187e-16,-6.177347304445557e-17,-1.9451659589151717e-12,-1.0869259093993266e-14,0.002488878592000573,-1.021261712816168e-21,-3.647563809899986e-13,4.949842490368454e-12,-1.6286416571115127e-25,1.7258792795035322e-20,-1.0212618877393105e-21,0.004975759060350578,0.06154413275116928,-0.08692662834019285,5.713277648416798e-20,2.0716593407529465e-18,-2.23482087411551e-18,-1.0721898913229193,0.059576805162372286,8.078228323959322e-09,-1.3398269174281486e-22,-4.4551746926431175e-20,-1.1295821557884348e-20,3.742461692846045e-05,8.078228323847941e-09,0.059576766899796275,2.4089760846743274e-22,1.1128705539525878e-19,3.049533293013219e-20,7.812720634681386e-06,-1.2424494552691549e-20,2.95641405391822e-20,0.0033178388329021843,-2.9931212770937324e-14,-1.3339110913407353e-14,3.0970951249750655e-24,-4.455176501255848e-20,1.1128710732438496e-19,-2.993121277094772e-14,0.0008309562237155307,-9.373803723699591e-17,-1.1513594396017933e-23,-9.398543576047447e-21,3.102561502574058e-20,-1.3339110913410464e-14,-9.373803723698111e-17,0.0008309562237156996,-1.0776954523296168e-23,3.742461692846045e-05,7.812720634681381e-06,-1.684633310573968e-25,-1.1513600894909599e-23,-3.085780950145737e-24,0.03521656341051216
1774036465090744167,345,1774036465030795336,center_camera,base_link_12,-0.5550007032009934,0.3734942483294858,-2.2332682064371957e-19,1.5828623808604826e-15,-1.2333340346660956e-14,0.12729604336825082,0.9918647676688533,0.003936931092602415,1.9518239760584947e-17,9.82594139549962e-25,-5.813255792781737e-22,7.43282147451996e-15,4.642502457089621e-13,1.9518239760584947e-17,0.003936931092603855,-4.203352815647493e-25,3.218751811335384e-23,3.3772378940182934e-15,5.401275489423738e-12,1.0388412594579736e-24,1.0106172545536482e-24,0.004723917503318546,-3.901253337035542e-12,-3.2891697805209836e-12,-8.971821888065467e-27,-5.477400163538672e-22,3.0330239331585334e-23,-3.901253340423674e-12,0.002362957856813886,-1.8675079267828335e-14,1.4233676050757388e-25,7.432821473470794e-15,3.3772378982857504e-15,-3.2891697839091153e-12,-1.8675079267825104e-14,0.0023629578568276424,1.2853593366399484e-20,4.642502457089621e-13,5.401275502976265e-12,-2.8841925676038003e-27,1.4402818862007942e-25,1.2853604513635938e-20,0.004723917528599356,0.08682144461912146,-0.0738937903873353,8.586993023971903e-19,-2.4402606710246453e-18,-1.0204700878921344e-18,-1.3559237237374475,0.05989937172257675,3.2514217147188666e-08,5.5382117587817955e-22,-4.954124520408275e-20,4.1308973619631364e-20,5.3742479805798006e-05,3.2514217146901515e-08,0.0598992999434036,-7.300392936845154e-22,8.497938107108562e-21,-8.803387246070387e-20,2.1184797175118227e-05,1.647491651860668e-21,-2.207609504389516e-21,0.003149944496484987,-2.4113946981017255e-14,-2.033198451084666e-14,8.373637724680229e-26,-4.6738512614321386e-20,1.0859242212057895e-20,-2.4113946981020827e-14,0.0007889827391138998,-1.3144923822975628e-16,-3.157858659417694e-23,4.1308838109002185e-20,-8.803406707528368e-20,-2.0331984510847872e-14,-1.3144923822975534e-16,0.0007889827391139456,7.926873483988852e-24,5.3742479805798027e-05,2.11847971751182e-05,-2.040924592295297e-25,-1.6485151807816102e-23,7.719161630000247e-24,0.03531094694331068
1774036465157907246,346,1774036465112088442,center_camera,base_link_12,-0.539502393649295,0.40024133064565753,-4.988347077462609e-19,-8.343728382155864e-16,3.0443861790035556e-16,-0.34276741153330753,0.9394203008189446,0.004066654613777589,5.954462418789828e-16,1.9244137105865703e-24,-8.878749020884486e-16,2.2755017979565218e-21,2.7297842975046883e-12,5.954462154092032e-16,0.004066654613779095,-3.002584200549601e-24,4.282186550317076e-16,5.742560319100542e-24,5.597516672178546e-12,1.4607812177634805e-24,-3.0007574174787508e-24,0.004879585729860368,-3.322890697476e-12,-4.9107748710574065e-12,1.0369663360318172e-25,-8.878749014530239e-16,4.2821866239612223e-16,-3.322890697476e-12,0.0024407919287044405,-2.5704640876720526e-14,5.849772797451836e-20,2.275957980440793e-21,-3.3573863641931e-24,-4.91077487783367e-12,-2.5704640876721334e-14,0.0024407919286838485,-9.016739441253358e-24,2.7297842941165565e-12,5.597516665402282e-12,1.0376826528736377e-25,5.849775006107238e-20,-9.04360702698721e-24,0.004879585759704029,0.11160279474314683,-0.036539341177819165,1.409936508800115e-19,1.2024945096744433e-18,-1.196764600386315e-19,-1.845458643493189,0.05975979197819733,8.252360865737543e-08,-4.183358780610009e-21,2.614532583915597e-20,4.61769697464234e-20,6.731652721507088e-05,8.252360865729528e-08,0.05975970650240439,-9.094277756845775e-22,-2.496324951916813e-21,1.0708562525291795e-19,4.1825222592184444e-05,-3.4945386737571596e-20,7.12718781486002e-21,0.0032537232869798397,-2.1913253404641398e-14,-3.2384736056079316e-14,4.5697259835712456e-23,1.2785946545735347e-20,9.200935559459456e-21,-2.1913253404644456e-14,0.000814927256585022,-1.6929935428749e-16,-1.4550239292537545e-23,6.355067156569803e-20,1.1075486215746257e-19,-3.238473605606779e-14,-1.6929935428749053e-16,0.0008149272565848866,-9.782839856313547e-22,6.731652721507093e-05,4.1825222592184444e-05,-8.455181181602527e-25,-6.116779479077216e-24,-9.231262550903023e-22,0.03527399194089968
1774036465224022943,347,1774036465190838099,center_camera,base_link_12,-0.5307514818765152,0.4162442385911935,4.80710991471863e-19,-6.082167829596064e-15,-3.3652585246030776e-15,-0.5661074357791357,0.8243314692255609,0.003939482159698413,8.000753729524329e-16,2.4127302774316077e-25,-8.032903429951884e-16,-1.6065591513787703e-15,5.204815656972058e-12,8.000754258919921e-16,0.003939482159698405,-1.048029189327889e-23,1.2940643162351258e-15,2.588116196512043e-15,3.1724599516673186e-12,-2.3687991991025527e-25,1.2790583548364453e-23,0.004726978785997486,-9.71416144138898e-13,-5.615623133062124e-12,-1.2721768602478901e-25,-8.032903429959435e-16,1.294064316885229e-15,-9.71416142444832e-13,0.0023644884972708244,-6.046472687470331e-15,-4.696572135124213e-20,-1.6065591602905796e-15,2.5881161966133695e-15,-5.615623129673992e-12,-6.046472687470331e-15,0.002364488497222381,-1.520526195609962e-20,5.2048156501957946e-12,3.1724599550554504e-12,-6.968488978789017e-26,-4.696571930545567e-20,-1.5205285456976643e-20,0.004726978812317715,0.10168415428791028,-0.011197064153598639,-1.241075259870637e-18,-1.1276354965327848e-18,-1.4806760459347827e-20,-2.0409643572277214,0.059963783929205317,1.323262204114919e-07,-4.235046572726453e-22,-4.542353967543522e-20,-2.531504728827448e-20,6.911234889339846e-05,1.3232622041128936e-07,0.05996375525271848,4.5951013128868325e-22,-1.430544235790656e-20,4.362129629220251e-21,6.385627161845652e-05,-2.4074840858342975e-20,-1.9434646294671365e-20,0.0031519853416406883,-6.0104370119215986e-15,-3.4755930071612353e-14,9.539340654388883e-23,-3.578664574524471e-20,-2.576235010477329e-20,-6.0104370119224284e-15,0.0007894928840398611,-5.487013245787191e-17,-4.2420137938578714e-23,-3.6771534727759903e-20,-5.274257554885103e-21,-3.475593007162348e-14,-5.487013245786321e-17,0.0007894928840395538,1.8843511877608836e-23,6.911234889339845e-05,6.385627161845653e-05,-3.4248760946915476e-25,-8.500582168099477e-23,-2.738536812315718e-23,0.03533479056227883
1774036465324045748,348,1774036465268738270,center_camera,base_link_12,-0.519003195802656,0.4362433203719213,1.2768464123682851e-18,1.362258637310954e-14,1.3790193995200124e-14,-0.8145572406056271,0.5800831852216944,0.003897007868880597,5.094768446556444e-16,-6.368045160139454e-25,2.7295516103449054e-15,6.503883676964049e-16,5.261714092316856e-12,5.094768181858648e-16,0.0038970078688802022,-4.905910787078535e-24,-3.2104336478719784e-16,-6.0538602264988745e-15,1.3376584182770573e-12,4.983123356953272e-24,-4.435691293370898e-24,0.004676009642319653,2.530471728178632e-13,-5.05434875471499e-12,-2.8777054363734216e-26,2.729551610235185e-15,-3.210433473329871e-16,2.530471727119841e-13,0.0023390039015962773,7.76653842010807e-17,-2.1785128494005678e-21,6.503883674450075e-16,-6.053860226929791e-15,-5.054348758103122e-12,7.766538420350409e-17,0.002339003901544143,-3.582542102952764e-20,5.261714085540593e-12,1.3376584199711232e-12,-6.601510540950027e-27,-2.1785007650135357e-21,-3.582542177040834e-20,0.004676009669821971,0.0789663429920208,0.014482942056583518,-2.317610094771944e-19,-1.7409634096627845e-18,1.4098954556588494e-18,-2.3427533209029505,0.060034741341026446,1.616694869659232e-07,-8.133655929967292e-22,1.8579064663264054e-20,2.504879972762805e-19,6.460749694901167e-05,1.6166948696629307e-07,0.060034803563626706,1.072314546912608e-21,-1.0783625671347749e-20,-7.649064562830593e-20,8.127176367834986e-05,-3.12153570097438e-20,1.2775473666301884e-20,0.0031180058959731044,1.5068505253040944e-15,-3.0585169139394686e-14,-5.807438706101564e-23,1.7204447450366512e-20,-1.435724590284476e-20,1.506850525304421e-15,0.0007809979118185874,1.1959225842458524e-17,-6.355388843745978e-23,2.647812250273217e-19,-8.19927936211252e-20,-3.0585169139397627e-14,1.1959225842459054e-17,0.000780997911818345,4.958680041437021e-23,6.460749694901171e-05,8.127176367834985e-05,-7.450337502869066e-25,-7.466847450432857e-23,2.263357753849204e-23,0.03535887463467983
1774036465390715191,349,1774036465351700783,center_camera,base_link_12,-0.5132519452301465,0.4472459807695298,1.667948750194652e-19,-1.18104716433122e-15,-1.2102678947453543e-15,-0.9238695017880069,0.38270764777566174,0.004150124954848465,3.000050938738435e-16,5.182580109179923e-25,-5.2199567221445345e-17,1.04400591249026e-16,4.455659474190965e-12,3.000050872563986e-16,0.00415012495484778,2.6012719411061007e-24,-3.465138241866413e-16,6.930108857705385e-16,-7.492943914530308e-13,-2.5607032731853224e-24,2.086580358399847e-24,0.004979750136809732,1.5585118839670452e-12,-3.9528187851817914e-12,1.6018947885179377e-26,-5.2199565584004e-17,-3.465138067585073e-16,1.5585118839670452e-12,0.0024908741538746198,9.60084990239023e-15,4.9969382973617987e-20,1.0440058900355789e-16,6.930108857673641e-16,-3.952818786875857e-12,9.600849857743479e-15,0.0024908741538543088,5.140134318592229e-20,4.455659460638438e-12,-7.492943906059978e-13,5.9338381233404855e-27,4.996937997775991e-20,5.1401338155176145e-20,0.004979750168523643,0.0576366225475387,0.01761476438139025,7.989403397690069e-19,-9.398746212606593e-19,1.07526321335743e-18,-2.4966084830877673,0.05970639143709817,1.5916973091734345e-07,6.7085976174602516e-21,2.908584352156376e-20,1.32495435065518e-19,5.274531514509544e-05,1.5916973091742016e-07,0.05970656482945118,7.907481926307482e-22,8.491643860286175e-20,2.9422678890340824e-19,9.404274241667504e-05,4.0896375617003e-20,8.283135565003057e-21,0.0033204995526487707,1.070399825762551e-14,-2.7148305653305495e-14,4.8111968253760355e-23,2.90869300915909e-20,8.491670402688746e-20,1.0703998257622076e-14,0.0008316212865347153,6.585566820712337e-17,-6.329043006974689e-22,1.3316281150317857e-19,2.922963662101319e-19,-2.7148305653296644e-14,6.585566820719438e-17,0.0008316212865345738,5.394448958802671e-22,5.274531514509544e-05,9.404274241667503e-05,9.003197813305097e-24,-6.329208830792889e-22,5.343184851626922e-22,0.035268277922593905
1774036465490705298,350,1774036465430162907,center_camera,base_link_12,-0.5087517508721172,0.45599728368130243,-4.907244132740225e-19,4.144258357418027e-15,-5.219947546884841e-15,-0.989105000461787,0.14721174566415718,0.003925105531346919,1.132926419287328e-16,-2.9924083969621864e-24,-2.471094195966263e-16,-9.881052620857152e-16,2.7084235563665498e-12,1.132926485461777e-16,0.003925105531346667,-5.448154157345789e-24,-4.15981986561194e-15,-1.8715728950434146e-15,-1.5001636678767596e-12,2.7166390193607583e-24,6.175905333164785e-24,0.004709726829973371,1.338670386326834e-12,-2.4910354947402583e-12,3.1263367839661612e-27,-2.4710941548851167e-16,-4.1598198576013594e-15,1.338670386326834e-12,0.002355862556835289,5.531622726280836e-15,-1.09241972795019e-21,-9.881052620744717e-16,-1.8715728945058146e-15,-2.4910354930461924e-12,5.531622726282451e-15,0.002355862556827958,-1.9689820655570495e-20,2.7084235563665498e-12,-1.5001636678767596e-12,1.725673362864654e-27,-1.092419908370132e-21,-1.9689819164757802e-20,0.004709726855135072,0.04323125379177799,0.014628484315351954,-1.1987620052708024e-18,-2.191158710813832e-18,1.1794363739111801e-18,-2.653274277849271,0.060029389098490774,1.4240774642820268e-07,-5.82254412614645e-22,1.9968744240221964e-19,1.1277992236636734e-19,4.3410900342163805e-05,1.424077464285004e-07,0.06002961815310057,-3.177232603186995e-22,1.8383917972082149e-19,3.0910867742767215e-20,9.796542993147092e-05,-1.0945226969994719e-20,-1.0675350715878472e-20,0.0031404840480155336,8.223188939759709e-15,-1.5304916033879572e-14,-6.632489286308058e-24,2.0486484366421348e-19,1.890134405905083e-19,8.223188939755783e-15,0.0007866176299581555,3.394600527119447e-17,1.8810084485108773e-22,1.1277993737144522e-19,3.0910891661612215e-20,-1.5304916033873782e-14,3.394600527119241e-17,0.0007866176299581109,8.87870808843057e-23,4.341090034216381e-05,9.796542993147092e-05,-7.548356542168595e-25,1.8513465073258543e-22,8.884201645780131e-23,0.03536336379112538
1774036465557433726,351,1774036465510797501,center_camera,base_link_12,-0.504751921726392,0.46524780381648,2.619830372347795e-19,2.7157314639669967e-15,-1.0032196836151713e-15,0.9618557265434193,0.2735572359043548,0.004033729005193006,4.421153319153845e-17,1.2253240131180232e-24,1.576921123320785e-16,3.2749588502216448e-15,1.4282674825146944e-12,4.421154642642825e-17,0.0040337290051927965,-1.1269533247856674e-24,1.1397053129473774e-16,-2.2802517008066454e-16,-2.0910907994585188e-12,1.2262923522051337e-24,-6.355791623461285e-25,0.00484007500101922,1.189390937017423e-12,-1.981836158195167e-12,-3.762743289985074e-27,1.576921069394435e-16,1.139705316744942e-16,1.189390937864456e-12,0.002421036601887133,3.71683397682825e-15,8.217397273891598e-22,3.2749588590712205e-15,-2.2802516981011207e-16,-1.981836156501101e-12,3.7168339768298656e-15,0.0024210366018831736,1.480301433324189e-21,1.4282674825146944e-12,-2.0910907994585188e-12,-4.3257747370906304e-27,8.217359008773137e-22,1.4803075858761439e-21,0.00484007503066354,0.031084594009428753,0.006467427911830433,1.7090083821256585e-19,9.35264006118712e-19,1.2024729287669511e-18,-3.0203995775448904,0.05989778890396871,1.2010074476207742e-07,8.824173538743642e-22,-1.235936478184835e-19,-1.2290467686008968e-19,3.4589776798344145e-05,1.201007447616653e-07,0.059898049023235936,-1.686121862904606e-21,6.655712432953543e-20,1.369275968136446e-19,9.826126679182282e-05,-1.428651751594817e-21,-9.272460228283203e-21,0.0032273827995493104,7.742509943424557e-15,-1.2884045233569656e-14,-2.923510435283537e-24,-1.2474838925604417e-19,6.276767463496614e-20,7.742509943424756e-15,0.0008083421244071267,2.4085163489419277e-17,2.3080793560830976e-24,-1.3048330676292645e-19,1.3923629945560086e-19,-1.288404523356981e-14,2.4085163489417142e-17,0.0008083421244071011,3.007415171149867e-24,3.4589776798344145e-05,9.826126679182282e-05,-2.7321460026143396e-24,1.9497789973758133e-24,1.3839033848208935e-23,0.035329450347430146
1774036465624072179,352,1774036465580488682,center_camera,base_link_12,-0.5032507944481601,0.4689993970501377,2.4676921527483517e-21,0.0,0.0,0.8891761255677596,0.457565096702434,0.0034865583669278864,1.51903447689238e-19,-4.3796754730269755e-26,9.006806132497695e-23,1.0864760989755649e-21,-5.586093746788134e-13,1.51903447689238e-19,0.0034865583669277823,9.025587551483727e-25,-3.3077471617534633e-23,-3.318159664711789e-23,-1.4467939582376958e-12,-3.183149355729222e-25,-5.77474672518262e-25,0.0041834702513181094,5.472039794822783e-13,-1.2355327815333932e-12,-1.3517248243511526e-27,9.404513335814785e-23,-3.3341988191494074e-23,5.472039790587618e-13,0.0020927342495497504,1.0867386673482222e-15,2.0101587896681295e-26,1.0904529526914803e-21,-3.3295881293039976e-23,-1.2355327815333932e-12,1.0867387102081333e-15,0.0020927342495477698,8.240755606965455e-25,-5.586093746788134e-13,-1.4467939599317617e-12,4.228358049050189e-28,1.8631203000938957e-26,8.229449243837642e-25,0.004183470272543206,0.02985547247637837,0.0025359281469727922,-1.3453006114677937e-18,-1.1263864555308645e-18,-4.1000921732195815e-19,-3.1117402321811847,0.060530831485792316,1.0731022208832511e-07,-7.432892388773403e-22,-4.995000726986634e-20,1.345970063202389e-20,3.057987631645007e-05,1.0731022208808224e-07,0.060531090704818415,1.6827921824441786e-23,1.6467189003029803e-20,-1.8541354072181606e-19,9.560563886610945e-05,-6.823013120599684e-21,-3.8670288784938085e-21,0.0027896463151473494,2.6522356651565825e-15,-5.988475097998805e-15,-6.524973256466643e-24,-4.994985292861839e-20,1.646727124903819e-20,2.6522356651565375e-15,0.0006989081008999943,5.26096097535298e-18,-1.508652323672388e-23,1.2568095371948249e-20,-1.8397116773354554e-19,-5.988475097999061e-15,5.260960975311654e-18,0.0006989081008999846,-1.871391305131004e-22,3.0579876316450075e-05,9.560563886610945e-05,-3.407383655737069e-25,-1.5034965229319265e-23,-1.869816823122706e-22,0.03551304230399673
1774036465724047871,353,1774036465667379141,center_camera,base_link_12,-0.5022505763991761,0.47249970448279294,6.987729970911295e-20,0.0,0.0,0.7554692579836484,0.6551840964504829,0.004346522195536861,-3.369330966310606e-17,-7.541514225240603e-26,2.382479111982894e-16,2.382375396621006e-16,-1.5398715424519774e-12,-3.3693317934912187e-17,0.004346522195536787,-1.763384696555305e-25,-2.7737251212701976e-16,-2.7736193144352935e-16,-1.260874544489342e-12,6.222456919074966e-26,2.9337154859838625e-26,0.00521542682676235,6.321652939959691e-13,-1.699607749867547e-12,5.961340787814298e-27,2.3824791001655756e-16,-2.7737251449032836e-16,6.321652944194856e-13,0.002608712436752149,1.4878887247376494e-15,-6.360606339108519e-20,2.3823753938391354e-16,-2.7736193116477273e-16,-1.699607749867547e-12,1.4878886282467078e-15,0.0026087124367486507,6.197638176173348e-20,-1.5398715424519774e-12,-1.260874545336375e-12,5.7884386107441564e-27,-6.360605777814488e-20,6.197638178177626e-20,0.005215426869937046,0.02967598054503605,-0.001081151597317439,1.413989436906085e-18,-2.8921969872627435e-18,-8.56698765012496e-19,-3.255935938474822,0.05911966282928094,8.898771804083902e-08,6.075458751983685e-23,-3.9565043437859885e-20,-3.92763583868043e-20,2.4908034898902842e-05,8.898771804106862e-08,0.059119920369450504,1.5307523667709753e-24,-3.3773999922031594e-21,-4.385712945769187e-21,9.192605747292425e-05,-5.434842467297262e-21,-7.689081191394629e-21,0.0034776172821320487,4.733532746392807e-15,-1.282926342511603e-14,-3.618102922020935e-24,-3.9564941495811e-20,-3.3775804384978873e-21,4.733532746393628e-15,0.0008709002963296252,1.1191242913549622e-17,-2.6249532062651616e-23,-3.2690468307733116e-20,-3.2892824590794132e-21,-1.2829263425112716e-14,1.119124291371047e-17,0.0008709002963295987,-1.636984560106089e-23,2.490803489890284e-05,9.192605747292426e-05,3.7623642491876704e-26,-2.6275558113790574e-23,-2.0257406502319333e-23,0.035111560120047146
1774036465790738891,354,1774036465747169018,center_camera,base_link_12,-0.5015002376574255,0.47325033795978083,-8.904126739671385e-19,0.0,0.0,0.6823448262947395,0.7310304631332417,0.003991493213460487,-2.4091392563097147e-17,-8.348429776072528e-26,-1.014067818985442e-25,-5.996981118270781e-17,-1.5065284191320954e-12,-2.4091392563097147e-17,0.003991493213460473,2.8602648103773444e-24,-1.8236072032237192e-25,5.490974045400113e-16,-1.4903723494418756e-13,-6.623700673713957e-26,-2.6115813528093262e-24,0.004789392041203346,2.909707840305137e-13,-1.2951825196513096e-12,1.8225398861989642e-24,4.3529653450334443e-26,1.2780691329005776e-26,2.909707842422719e-13,0.0023956952313693835,4.33642491553702e-15,5.506523899333249e-24,-5.996981118272432e-17,5.490973966147112e-16,-1.2951825188042766e-12,4.336424915535404e-15,0.0023956952313625474,6.2541818855566786e-21,-1.5065284157439636e-12,-1.4903723473242932e-13,1.8231544098024723e-24,5.513600099067536e-24,6.254186146042467e-21,0.004789392064858384,0.028290353144458047,-0.0017575777396374257,-1.6558412485789435e-19,8.716107144930257e-19,1.2873407971840112e-18,-3.2306954519520246,0.05965417720346951,8.090081651615296e-08,4.398623951973905e-23,2.2223395094384933e-20,7.080375706218582e-20,2.253679829115913e-05,8.090081651609704e-08,0.05965443119348142,9.936591069461046e-24,1.9573933116635103e-21,2.2379921157824023e-21,8.963195531261955e-05,-1.3466035641985177e-22,1.8747423022841548e-21,0.003193594211529443,1.8489104070565815e-15,-8.228263544935878e-15,1.8241828492508685e-24,2.9083017048579033e-20,8.427999801692733e-23,1.8489104070569255e-15,0.000799895323099472,4.1260948391659286e-18,2.0879837434763794e-24,6.381953004702686e-20,3.2379745926696446e-21,-8.228263544937233e-15,4.126094839165736e-18,0.0007998953230994546,1.3727299069817433e-23,2.2536798291159138e-05,8.963195531261953e-05,1.347537522421896e-26,-1.862807051577775e-26,1.685776897843827e-23,0.03526347335669533
1774036465857391166,355,1774036465821066380,center_camera,base_link_12,-0.5012500263603262,0.47425025425767203,-8.28379985295364e-20,-2.7329572220374827e-16,3.5003524755427785e-16,0.6154072563393757,0.7882093052259925,0.003696867394618196,-2.821310823758608e-17,2.3445293179818574e-26,5.719149853395009e-17,7.151911174324816e-17,-1.4590937101122484e-12,-2.821312312683711e-17,0.0036968673946181857,1.1281464066083712e-24,4.442430965687844e-16,4.175881935397385e-15,2.0315047497479065e-13,3.645255238804071e-26,1.0262738279767132e-24,0.004435841079113251,2.2747074446607534e-13,-1.2590765324056123e-12,-5.261690075070625e-25,5.719149907629302e-17,4.442431046853065e-16,2.2747074446607534e-13,0.002218919668571575,6.723214161705717e-15,-9.080420631043328e-21,7.151911175560898e-17,4.175881939637276e-15,-1.2590765307115464e-12,6.72321411891366e-15,0.0022189196685661753,5.26610856744441e-20,-1.4590937101122484e-12,2.0315047476303241e-13,-5.263378076229266e-25,-9.080420165868783e-21,5.266108809836281e-20,0.004435841103325958,0.02748725624604554,-0.0017301975546106622,-9.43292677220294e-19,-3.148860975999236e-18,1.8388396853814443e-18,-3.1979327605712524,0.06005015729506178,7.371839740279231e-08,1.9410088994655207e-22,3.580232908493869e-20,2.237717769786073e-19,2.0624694210445054e-05,7.371839740282653e-08,0.06005040346377568,1.2713693413415371e-23,-1.9032288627128636e-21,1.4475984646802804e-20,8.688916996752924e-05,-6.475374414056716e-21,-1.3484265744640716e-21,0.002957893527811807,1.218016875672537e-15,-6.881599343447932e-15,-2.1687461251189586e-24,3.224614246534182e-20,-2.5986031536979746e-21,1.2180168756726958e-15,0.0007409698668602184,2.4271225646365244e-18,2.507664857691033e-24,2.2380245023536244e-19,1.402763785017335e-20,-6.881599343450653e-15,2.427122564682717e-18,0.0007409698668602048,7.178693933951186e-23,2.0624694210445054e-05,8.688916996752923e-05,6.788763339579773e-26,2.8112811691170386e-24,7.271983348111995e-23,0.0353778932761398
1774036465958025091,356,1774036465903156996,center_camera,base_link_12,-0.5014998721729048,0.4742505573739277,-5.633326081579106e-19,7.205381187051868e-16,5.193127426838302e-16,0.584694168609912,0.8112538007267294,0.004106530082430825,-3.422800003824095e-17,7.867801652239831e-25,-1.6791043208142685e-16,1.4515167869396863e-24,-1.5845405262687132e-12,-3.422799755669911e-17,0.004106530082430828,4.084213273966018e-24,2.9503008873500818e-15,2.245215839039224e-21,5.15376217586792e-13,-8.628523084895857e-25,-2.6581063879877207e-24,0.004927436297467209,2.948052653368007e-13,-1.457642626630088e-12,-1.6695017974057803e-29,-1.679104335463195e-16,2.950300878231348e-15,2.9480526512504245e-13,0.0024647172226650188,4.028919015511563e-15,5.787522313665379e-22,-8.010401478756478e-25,2.2449274977565912e-21,-1.457642624936022e-12,4.02891896982599e-15,0.002464717222657764,-1.5876441482504722e-24,-1.5845405262687132e-12,5.15376217586792e-13,-7.018984025801524e-28,5.787510217118495e-22,-1.5901314247379919e-24,0.004927436331960114,0.024937836496681236,-0.001342034673570129,-6.291638124998779e-19,3.0293220556882738e-18,1.967328817972383e-19,-3.082504275414548,0.05947737195891895,6.506298289199346e-08,3.669092272850446e-22,4.2253254257227116e-20,2.8978283888821224e-19,1.832929674688481e-05,6.506298289199706e-08,0.05947760863231613,7.315004593755857e-23,4.489738511577046e-21,1.3782147874091173e-19,8.37457817749918e-05,-6.95716895733526e-22,4.326159042672051e-21,0.0032856236307205675,1.9565744145389244e-15,-9.800803831032744e-15,3.4295762832483767e-25,3.7619036637904284e-20,5.520046968435933e-21,1.9565744145391393e-15,0.000822902112299328,4.1779733284873244e-18,-2.9576369635909295e-24,2.897828930715507e-19,1.3782134065666358e-19,-9.800803831033132e-15,4.177973328551865e-18,0.0008229021122993078,1.6624422159216995e-22,1.8329296746884803e-05,8.37457817749918e-05,1.0734600444711536e-25,-1.962496212301694e-24,1.662314418687687e-22,0.035214817004436634
1774036466024101045,357,1774036465981780052,center_camera,base_link_12,-0.5014999449785887,0.4737505613355154,1.823600195577756e-19,0.0,0.0,0.5890432875643368,0.8081014821019685,0.003933152151982607,-2.902818140751317e-17,6.167637665469815e-25,-3.9233176302437187e-17,3.923402163115321e-17,-1.239241614395801e-12,-2.902818058033256e-17,0.003933152151982615,1.5975742240863943e-26,-1.004826917432673e-16,1.0048111164007432e-16,4.89023043081713e-13,-8.276751950220132e-25,1.5975718094517265e-26,0.004719382776034442,2.17173941861621e-13,-1.1458001168752918e-12,2.6494768601983767e-25,-3.9233174300379034e-17,-1.0048269174326616e-16,2.1717394154398365e-13,0.002360690543289824,4.039750106206182e-16,6.566887884500857e-20,3.9234021565706616e-17,1.0048111164007429e-16,-1.1458001202634236e-12,4.039750106206182e-16,0.0023606905432877394,6.692898022836217e-20,-1.239241614395801e-12,4.890230435052295e-13,2.6636354236706926e-25,6.566888127050986e-20,6.692898027292438e-20,0.00471938280179663,0.022555722463676337,-0.0014698855466469185,1.222990040104261e-18,-2.3412814037381115e-18,2.0926794443948954e-18,-2.946251370539054,0.0597637142587557,5.832633011337475e-08,5.347944761567466e-23,-2.0553785947883985e-19,-4.027111469754069e-20,1.6575878524992367e-05,5.832633011371388e-08,0.059763940757185136,-2.5617265526044914e-22,-6.047096650189749e-20,-1.46168727071089e-20,8.079125125306624e-05,1.701032510554224e-23,-1.4676466384463493e-22,0.003146921340014246,1.3398015982464617e-15,-7.068547811267245e-15,-3.0146946119998745e-25,-2.0612116696819065e-19,-5.872103485303927e-20,1.3398015982465193e-15,0.0007882269173012535,2.489131176793235e-18,8.685042655089894e-24,-4.027111356449699e-20,-1.4616876132070046e-20,-7.068547811266039e-15,2.489131176793472e-18,0.0007882269173012407,5.45973956273097e-24,1.657587852499236e-05,8.079125125306625e-05,-3.447881578834025e-25,8.005828846445626e-24,5.4597463895031856e-24,0.03529668243437766
1774036466090731975,358,1774036466058890581,center_camera,base_link_12,-0.5014999394063642,0.47375041229637893,-8.003365992115959e-19,0.0,0.0,0.5890445408090073,0.8081005685823428,0.003857525749724867,-3.3759180536825496e-17,6.689991805919585e-28,3.335928135628009e-17,6.672025651341837e-17,-1.1483951979738161e-12,-3.3759180536825496e-17,0.00385752574972486,-1.523036967517784e-24,8.52938286257924e-17,1.7058765724125018e-16,4.596299113746516e-13,-3.9767666837911977e-26,1.5985579786056691e-24,0.004628631101259639,1.7822822393245266e-13,-1.0728374204708774e-12,-1.0237195894815844e-27,3.335928130375834e-17,8.529382862536826e-17,1.7822822393245266e-13,0.002315314660588054,-2.4948071389554848e-15,-3.1612604452212685e-21,6.672025543753356e-17,1.7058765724385056e-16,-1.0728374213179103e-12,-2.494807182605418e-15,0.002315314660585036,5.319710939268553e-20,-1.148395199667882e-12,4.59629911798168e-13,-7.597725014908539e-29,-3.161260938161934e-21,5.3197110040855743e-20,0.004628631128327381,0.020790583131607303,-0.0013658681887499693,1.0045243274957508e-18,-8.649286668175101e-19,-1.5026256915698379e-18,-2.820760882637573,0.05989550281109293,5.1957659278451105e-08,5.567270781952061e-23,1.5757719779257628e-20,6.306934601152738e-21,1.5006778418639395e-05,5.1957659278338985e-08,0.05989571634838113,-9.441791925007982e-25,-9.445757912812147e-22,-5.484340818180085e-22,7.739149913702834e-05,8.43807217539436e-21,-1.290177001827759e-21,0.0030864202011549207,1.0341562401269905e-15,-6.342307979424368e-15,1.2628645388930703e-24,1.51778525266386e-20,8.591253956229434e-22,1.0341562401269651e-15,0.0007731014827191937,1.7099031562508479e-18,5.884621445544744e-25,6.3069524923348164e-21,-5.484902528683691e-22,-6.342307979423364e-15,1.7099031563033512e-18,0.0007731014827191835,3.3134241207461755e-24,1.500677841863941e-05,7.739149913702833e-05,5.088618497752821e-27,1.4714433205031002e-25,2.8998473689986246e-24,0.03533552116522775
1774036466190779021,359,1774036466132419825,center_camera,base_link_12,-0.5014999386616877,0.47375036864564396,-1.3957346898869937e-18,0.0,0.0,0.5890457754785047,0.8080996685996888,0.00367846145782916,-3.4233901971911517e-17,-1.1908654950238772e-26,-5.753014115210703e-17,-4.815525896458581e-27,-1.0432825808568227e-12,-3.4233907762175804e-17,0.0036784614578291505,-1.3958034590389527e-24,-1.468461217602105e-16,-9.890066346546613e-27,4.10415742410202e-13,-1.0250258907580719e-26,1.4919428728861149e-24,0.004413753960202167,1.418432604563465e-13,-9.6360889916252e-13,-9.070699552173841e-25,-5.753014085007097e-17,-1.4684612673382956e-16,1.418432605622256e-13,0.0022078760624879806,-2.555509244176493e-15,5.670569590719237e-20,-4.814194630486444e-27,-7.848632500280348e-27,-9.636088995860364e-13,-2.5555092217440655e-15,0.0022078760624854306,-1.2301932642142576e-24,-1.0432825808568227e-12,4.1041574198668555e-13,-9.061893033878996e-25,5.670569419291232e-20,-1.228139229396083e-24,0.004413753985895391,0.019234313243192382,-0.0012350822948929189,-1.1802862894681143e-18,-4.45575549720311e-19,-1.3154198403600922e-18,-2.7089059740053933,0.06013150796184278,4.6393868365266166e-08,-5.079979474309404e-23,-1.2719263498531423e-20,-1.5512260329383355e-20,1.3661796124355874e-05,4.63938683656444e-08,0.060131708016179876,1.6166545846533364e-24,8.103357511198928e-22,8.895198407334234e-22,7.397675596130036e-05,-1.5411777834546022e-23,-1.0882342989570763e-22,0.002943168763691522,7.441771809991643e-16,-5.198592510686013e-15,-8.618360431528651e-25,-1.2435355303270407e-20,-7.196735648309241e-23,7.441771809992689e-16,0.0007372885542106776,1.0822097172116761e-18,4.890228739787585e-25,-1.551226047981725e-20,8.895197896313975e-22,-5.198592510687036e-15,1.0822097171864992e-18,0.0007372885542106699,3.043540867672191e-26,1.366179612435588e-05,7.397675596130035e-05,-3.652972340405783e-27,1.2057445908335489e-24,2.5423844602253658e-27,0.03540490625699332
1774036466257367157,360,1774036466218899727,center_camera,base_link_12,-0.5014999434137617,0.4737504096216955,2.025911214180748e-19,0.0,0.0,0.5890429325351259,0.8081017408906005,0.004325994389568504,-4.170025255649686e-17,-8.012937782709367e-25,-8.894128917419028e-17,-1.48235484902849e-16,-1.1436805541441253e-12,-4.170025338367747e-17,0.004325994389568487,4.510875580723337e-26,-2.2854459136868094e-16,-3.8089975319761675e-16,4.522650403664054e-13,7.843039390427429e-25,-9.127596318369449e-26,0.00519079345656064,1.9050160015393977e-13,-1.091578415334584e-12,3.8826700118210656e-26,-8.894129134330032e-17,-2.285445912430946e-16,1.9050160025981889e-13,0.002596395780685786,9.2463123951202e-16,6.229648981074462e-20,-1.482354837659888e-16,-3.808997486717057e-16,-1.0915784140640345e-12,9.246312395136357e-16,0.0025963957806787105,8.17272835445935e-21,-1.1436805549911583e-12,4.5226503994288893e-13,3.753960385533593e-26,6.22964905250408e-20,8.172730828843432e-21,0.005190793495037226,0.017125397643568675,-0.0011460890787433258,-4.395263939414429e-19,2.8097271710036715e-18,-1.763290662899416e-18,-2.555550663936766,0.05917380258911802,3.9372706037951943e-08,-3.6178938873077507e-23,-9.770488462658828e-21,-3.6672109925691987e-20,1.1938187969931282e-05,3.9372706037989524e-08,0.059173985401334284,4.398237967226775e-24,5.529412101276854e-22,2.20183908485565e-21,6.970553630712416e-05,-8.53628514007886e-21,-2.7280976636427055e-21,0.003461195066776616,1.3930605369465148e-15,-8.114856560018238e-15,-1.842362418114027e-24,-5.183496900784005e-21,8.562584869293594e-22,1.3930605369464643e-15,0.0008667949514643171,2.1913050388719245e-18,7.033044122318211e-25,-3.2426721858148604e-20,3.566720355291071e-21,-8.114856560017509e-15,2.1913050388716634e-18,0.0008667949514643044,-3.719925233644535e-24,1.1938187969931283e-05,6.970553630712416e-05,-3.248285099158024e-27,-1.537764974541211e-26,-4.690227960031914e-24,0.035130262971477526
1774036466323954011,361,1774036466293057203,center_camera,base_link_12,-0.5014999496661721,0.47375027265970804,2.9444762216267933e-19,0.0,0.0,0.5890489400030577,0.8080973618823873,0.0037098731778042807,-2.6063010226751484e-17,6.757030137073136e-25,-5.3584039622506046e-17,-4.263879594751699e-27,-7.80142613955126e-13,-2.606301064034179e-17,0.003709873177804265,1.370698706546665e-24,-1.36418827119592e-16,-1.0805683034623754e-25,3.156842624154189e-13,-7.026593034406197e-25,-1.3880187666183799e-24,0.004451448007713162,8.934178166401452e-14,-7.162145818773299e-13,4.584557388242045e-25,-5.3584038629552095e-17,-1.3641882652970917e-16,8.934178176989364e-14,0.0022267231779279813,6.600118391886391e-16,-6.360324917902908e-20,-5.0725408442954756e-27,-1.6422912347034487e-26,-7.162145818773299e-13,6.600117989023583e-16,0.0022267231779215186,-2.2563151099304823e-24,-7.80142614802159e-13,3.156842624154189e-13,4.586288989115385e-25,-6.360324768717883e-20,-2.2544712218622812e-24,0.004451448028452606,0.01588494282445882,-0.0009975865928360617,4.823170104682151e-19,-2.3776735212582773e-19,2.2306123539044756e-18,-2.463800423590112,0.05995025154599386,3.536628789049774e-08,2.776841865086518e-23,3.94742427066217e-21,3.344547440861147e-20,1.0957252484649768e-05,3.536628789052132e-08,0.0599504225338276,-2.5509949146863128e-24,-2.6981830480424152e-22,-1.9309072081008294e-21,6.668990598293711e-05,-1.700485588418202e-22,-6.616051836595313e-23,0.0029682981874147455,4.903802756713495e-16,-3.931148030743468e-15,-1.4878427419425428e-25,7.111328542242559e-21,7.473767802271373e-22,4.903802756713475e-16,0.0007435713024297179,5.854086302682179e-19,-1.6753467716430484e-24,3.660941466022336e-20,-9.137488994269805e-22,-3.9311480307424115e-15,5.854086303089547e-19,0.0007435713024297127,8.645730255609167e-25,1.0957252484649767e-05,6.668990598293711e-05,1.896486605503244e-27,-2.438282442709296e-24,1.671923674920202e-27,0.03535208366839342
1774036466424335399,362,1774036466374806643,center_camera,base_link_12,-0.5014999470268925,0.473750316622295,-9.333871517502927e-19,0.0,0.0,0.5890458035673755,0.8080996481249482,0.004089471234647714,-3.740271633408733e-17,4.008323495153142e-25,9.269643486229453e-17,-2.3175487428572553e-17,-8.991514570931298e-13,-3.740272253794192e-17,0.004089471234647688,1.4489326093848255e-24,2.393196550064959e-16,-5.982911997674399e-17,3.5609764089680014e-13,-4.39703906650619e-25,-1.6508633620466376e-24,0.004906965680635265,1.236635576926104e-13,-8.488161345673872e-13,2.4381387965654235e-28,9.269643378647837e-17,2.3931965449571354e-16,1.236635576926104e-13,0.002454481883183794,-3.9762647976242187e-16,2.777944088475872e-21,-2.3175487458906153e-17,-5.982911997857964e-17,-8.488161349909037e-13,-3.976264329992523e-16,0.0024544818831884036,-5.04666407957746e-20,-8.991514570931298e-13,3.560976413203166e-13,2.968074325492281e-30,2.777944478655956e-21,-5.046664079589905e-20,0.004906965714600388,0.014240410404295734,-0.0008596035730456716,-5.63603208640488e-19,-1.2555763198787543e-18,-1.9775400710393194e-18,-2.3395943368102614,0.05943774853372116,3.015780240176418e-08,-2.3278405018445926e-23,1.3238410212281722e-20,-7.442489209691627e-21,9.67823065748081e-06,3.0157802402021525e-08,0.05943790295119242,2.9707911078567386e-24,5.454353912708484e-20,1.1582510987803543e-20,6.254978602200204e-05,3.990845212922371e-21,1.293340685414088e-21,0.0032719765548582767,7.990714143031384e-16,-5.659917504895335e-15,9.197982486400248e-25,1.5565754203128077e-20,5.418552215413419e-20,7.990714143035125e-16,0.0008194903564178354,9.775974891558469e-19,2.0573006091183048e-23,-7.76476157229591e-21,1.2585019106138326e-20,-5.6599175048965704e-15,9.775974890885004e-19,0.0008194903564178282,8.107721549997466e-26,9.678230657480813e-06,6.254978602200204e-05,-5.757393258328717e-27,2.0397067185963672e-23,1.7432731516614652e-26,0.035204979096061156
1774036466490754551,363,1774036466453819990,center_camera,base_link_12,-0.501499954585013,0.47375025093319656,1.2592953872734418e-18,0.0,0.0,0.5890485938163591,0.8080976142292279,0.003952666710666395,-2.8488029985974206e-17,6.868010005500507e-25,-8.778727609647469e-17,-2.1946449265459507e-17,-7.195004674722511e-13,-2.848801426954257e-17,0.003952666710666373,1.4218490698730492e-24,-2.283562633324698e-16,-5.708843080703158e-17,2.814193931836536e-13,-7.593730099973978e-25,-1.5223617928879643e-24,0.004742800246335279,8.13556862631589e-14,-6.691993506780175e-13,1.0334472524691977e-24,-8.778727612269707e-17,-2.2835626333226986e-16,8.135568621021934e-14,0.0023723992475372445,-2.223907684245554e-15,1.5007424712145072e-20,-2.1946448253200602e-17,-5.708843088667205e-17,-6.691993506780175e-13,-2.2239076842504006e-15,0.0023723992475297973,3.756185429546884e-21,-7.195004674722511e-13,2.814193931836536e-13,1.0334596832726184e-24,1.500742666010274e-20,3.756188912063923e-21,0.004742800272551876,0.012927632521224534,-0.0007123495774361996,-1.069786647548821e-18,1.006077489480905e-18,2.3392339123188713e-18,-2.239249650576055,0.05968641288700326,2.6224165419520053e-08,-2.5120225052896766e-23,-3.7603814366082683e-20,-2.2961871716298973e-21,8.688927954640284e-06,2.6224165419411845e-08,0.05968655372072647,2.1636896472065995e-24,2.3575618665805066e-21,2.3240754708344194e-22,5.904860291039789e-05,-3.345403000060025e-21,-1.0652450162197267e-21,0.003162532984715399,5.31875108507927e-16,-4.16940562262419e-15,-7.79480425764368e-25,-3.7888194021462946e-20,3.242170027543118e-21,5.318751085081939e-16,0.0007921298140419523,5.574913915545428e-19,-3.3240430185700805e-24,-5.269820877792973e-22,8.012242938020398e-22,-4.1694056226250365e-15,5.574913915544614e-19,0.0007921298140419471,-4.84782101518233e-25,8.688927954640284e-06,5.904860291039789e-05,-6.947215002673816e-27,-3.613910616609956e-24,-8.965615493054024e-25,0.03527528462406121
1774036466591078647,364,1774036466530388832,center_camera,base_link_12,-0.5014999571035038,0.473750227626936,1.57583552726089e-19,0.0,0.0,0.5890491668238818,0.8080971965451252,0.0038304414013789175,-2.799376227301356e-17,-3.2590239497039335e-25,-7.343977151912077e-17,-1.8360246441180496e-17,-6.588817439914666e-13,-2.7993762686603864e-17,0.0038304414013788906,-1.3690791112636686e-24,-1.942117242319807e-16,-4.8553144054180336e-17,2.5415218944859895e-13,3.950800112887296e-25,1.575741073743467e-24,0.004596129883693357,6.918186971195691e-14,-6.138418851047095e-13,-2.017810458417483e-28,-7.343977149265208e-17,-1.942117241642702e-16,6.918186976489647e-14,0.002299064030266035,-3.2016590081285106e-15,-7.828992781491832e-21,-1.8360247519345858e-17,-4.855314193404786e-17,-6.13841885528226e-13,-3.2016590303129453e-15,0.00229906403026983,-1.954827956869165e-21,-6.588817431444336e-13,2.541521896603572e-13,2.704006262727633e-31,-7.828992772518717e-21,-1.954827312807947e-21,0.004596129910126958,0.011722654673274045,-0.0005654557822348078,1.0816157161461686e-18,2.554411912639659e-18,2.865421629828397e-18,-2.1456511805255998,0.05988361076164779,2.2719369104686564e-08,1.71346689491224e-23,1.8432695280238034e-21,4.175671518132972e-21,7.78938168598139e-06,2.271936910465989e-08,0.0598837384302956,-2.62717553787049e-24,-1.6235831755457263e-22,-2.3695457175813166e-22,5.55759353834137e-05,-4.124827594672276e-21,6.3437659641974475e-22,0.0030647527254593224,4.2782019029852043e-16,-3.5681780873964205e-15,6.235987429047658e-25,2.129768837678378e-21,-1.0535930404981702e-21,4.278201902984303e-16,0.0007676846312748584,3.9085049121349633e-19,2.829916739277597e-25,2.1066091090846932e-21,8.118152545265294e-23,-3.568178087396035e-15,3.9085049123989115e-19,0.0007676846312748551,6.17889347961754e-25,7.789381685981387e-06,5.55759353834137e-05,-4.374125918548771e-27,1.0063946986199085e-24,2.474889488010412e-25,0.03533220073458474
1774036466657467200,365,1774036466610928774,center_camera,base_link_12,-0.5017499013672138,0.4737502212571765,8.4381495022862105e-19,0.0,0.0,0.5890486932241206,0.808097541767673,0.0040289963805901895,-2.934960083928928e-17,9.055848665669971e-27,1.6588079677518108e-17,1.6588925664427815e-17,-6.415256611255315e-13,-2.9349594635434685e-17,0.004028996380590162,5.436213702024106e-26,4.488847993059648e-17,4.488509480488432e-17,2.422457029012371e-13,2.83679235838947e-26,-4.4203980683767945e-26,0.004834395854730647,8.093951007117354e-14,-5.979414668986301e-13,5.943152157468575e-25,1.6588079741127654e-17,4.4888479930602e-17,8.09395101241131e-14,0.002418196987308772,-4.0770093714260275e-16,1.1378932287658693e-21,1.6588926779714127e-17,4.488509256206565e-17,-5.979414668986301e-13,-4.0770093714421834e-16,0.0024181969873137248,-4.295242253410408e-20,-6.415256611255315e-13,2.4224570268947885e-13,5.942741868144421e-25,1.1378932174371796e-21,-4.295242526349499e-20,0.0048343958857268035,0.010358513956684686,-0.0001396411201126483,2.269774917262771e-19,1.456103865554314e-18,-5.022611137820689e-19,-2.0437043090792724,0.05964444840685401,1.9172919558351013e-08,8.049848161778707e-24,1.9803936870993356e-20,1.1864639241843358e-20,6.847731359847763e-06,1.9172919558098716e-08,0.059644562011356456,-4.1368231139961e-25,-9.785766462435251e-22,-4.898003467986172e-22,5.178948403333899e-05,-6.103880386441144e-22,1.9232328158154693e-21,0.0032235966888363595,4.9874450438134695e-16,-3.8702341284158914e-15,6.1391581399034e-25,2.0112825953386288e-20,-1.93945245891615e-21,4.987445043812894e-16,0.0008073955086129191,4.326999719892826e-19,2.195025313233487e-25,1.3786506802620804e-20,1.280895012758862e-22,-3.8702341284145874e-15,4.326999719893569e-19,0.0008073955086129157,-6.080492144200648e-25,6.847731359847765e-06,5.178948403333899e-05,3.147788761760704e-28,6.284494151855841e-25,-1.1436924787269117e-24,0.0352642903006255
1774036466724080010,366,1774036466684606314,center_camera,base_link_12,-0.5015000288098967,0.4737501727555973,-4.937080417937726e-19,0.0,0.0,0.589051057419978,0.8080958184227943,0.0036858763037584136,-2.2857515987878082e-17,3.617584142312998e-25,5.0822827334084816e-17,1.2705839092276906e-17,-5.101638567737781e-13,-2.2857515781082928e-17,0.003685876303758391,6.955205959125732e-25,1.5414378081164314e-16,3.8536103891690135e-17,1.7327505689536447e-13,-4.0039594594283494e-25,-8.267299724116076e-25,0.004422651769145164,6.959088995784563e-14,-4.590058971202116e-13,-8.64324901110979e-29,5.0822827388581725e-17,1.5414378081171678e-16,6.959088990490607e-14,0.0022123249823371603,-2.3475493367914694e-15,-8.95104740534457e-21,1.2705839138129857e-17,3.853610394155121e-17,-4.590058973319699e-13,-2.347549358698023e-15,0.002212324982330342,-2.23657421114199e-21,-5.101638563502616e-13,1.732750571071227e-13,-3.921568199962137e-30,-8.9510471739335e-21,-2.2365762123774532e-21,0.004422651792787835,0.00947075205382008,-0.0002659802777253294,-8.871168805807103e-19,-1.8990914084235743e-18,-1.0954036372889396e-18,-1.965826462712307,0.060095060959293345,1.65316843525374e-08,-1.476586414659523e-23,6.813050378629876e-21,-1.9663063686798283e-21,6.086920345012845e-06,1.653168435266917e-08,0.06009516367790867,7.308093955528495e-25,3.811154254158305e-23,1.4733835691292992e-22,4.870104928114298e-05,3.2496693751125313e-21,1.1084887288091813e-21,0.002949100659402058,3.5539104228994044e-16,-2.486527395237593e-15,1.5937584722656522e-24,6.6770682424151224e-21,4.611258693578963e-22,3.5539104228992176e-16,0.0007387716821699716,2.4511094003228843e-19,3.798121358311983e-24,-1.3827944692887864e-22,2.6826760327849794e-22,-2.4865273952375074e-15,2.451109400563731e-19,0.00073877168216997,1.0929366261151188e-24,6.086920345012844e-06,4.8701049281142975e-05,-6.633098984198682e-27,3.6449849187380156e-24,9.106849760445155e-25,0.03539402471628803
1774036466824066681,367,1774036466766846418,center_camera,base_link_12,-0.5014999687823918,0.4737501871388823,-1.4276249749851172e-18,0.0,0.0,0.589049152251607,0.8080972071673451,0.004114004503265741,-2.773561326590617e-17,1.9324075523727008e-25,1.738987829273819e-27,-4.931227078248243e-17,-5.513156480853895e-13,-2.7735619883351072e-17,0.0041140045032657105,-1.578492511934355e-26,-7.415689752832288e-25,-1.4279782487537962e-16,1.9291282057516397e-13,-2.3727121077807428e-25,-1.72528415521808e-26,0.004936405602397332,7.124794940640517e-14,-5.13648759324162e-13,9.549126879047295e-25,1.7598567886156058e-27,4.166921354804386e-25,7.124794935346561e-14,0.0024692018195404584,2.3087685103843087e-15,3.9663498882076895e-24,-4.931227136176163e-17,-1.427978260336408e-16,-5.136487591124038e-13,2.3087684626558258e-15,0.002469201819546085,2.69296079120535e-21,-5.513156480853895e-13,1.929128207869222e-13,9.551082096421623e-25,3.966461613457904e-24,2.692958671059194e-21,0.0049364056372214,0.008282422228293344,-0.00013657811015500547,-3.987115389414839e-19,-2.1631474217383295e-18,5.4202764833091495e-19,-1.864856564473512,0.05948806167285088,1.3513669705114211e-08,-8.969782032305132e-24,-1.1721625556614617e-20,-1.8767951509296878e-20,5.213894118781447e-06,1.351366970525696e-08,0.059488150952573794,8.813987720864441e-25,9.654968568215756e-23,3.146972006431566e-22,4.4822569497902265e-05,4.653809590183771e-22,-1.038523653174528e-21,0.003291603165633008,4.807957559576747e-16,-3.440473655413368e-15,-3.0409989978321724e-25,-1.1721699114230167e-20,9.652604826627009e-23,4.807957559578004e-16,0.0008243969843744833,3.3774004567774403e-19,-2.1020607590667446e-25,-1.876786572284402e-20,3.1468405673338567e-22,-3.4404736554128084e-15,3.377400457487888e-19,0.0008243969843744808,-1.5785650749882318e-24,5.213894118781446e-06,4.4822569497902265e-05,-4.868359676866426e-28,-3.3910055237956375e-27,-1.5623722769828353e-24,0.035220976756509384
1774036466890761199,368,1774036466845108509,center_camera,base_link_12,-0.5014999758723416,0.4740000857927593,-1.1743101362380748e-18,1.307957558068227e-16,-1.7943320996748412e-16,0.5890517171132491,0.8080953375474534,0.003915103866143825,-1.928750403596545e-17,1.381652965649071e-26,-1.1009914599021745e-17,-6.606281942709144e-17,-4.2494809398624855e-13,-1.9287507241290324e-17,0.003915103866143802,-9.937947450497044e-25,-3.3199074626947803e-17,-3.875019601556284e-15,1.4871046763258698e-13,9.265624527210822e-28,4.448267060421402e-25,0.004697724833414477,5.189690481753426e-14,-3.843705855071614e-13,-2.8919088539425884e-25,-1.1009914058338857e-17,-3.319907351287429e-17,5.189690481753426e-14,0.002349861531495224,-3.8611442463233113e-16,4.211067295197937e-20,-6.606281891592179e-17,-3.875019600572798e-15,-3.843705855071614e-13,-3.861144246331389e-16,0.002349861531500939,1.2333740509715338e-20,-4.2494809398624855e-13,1.4871046742082874e-13,-2.8894377965906463e-25,4.211067267206532e-20,1.2333740466965802e-20,0.004697724858858548,0.007609713820535824,7.088998179626597e-05,-9.787313710470256e-19,1.6542415222761872e-18,1.3971656864562706e-18,-1.786736680635983,0.05980291730898715,1.1362183223263328e-08,-9.179186266317323e-23,-4.255191785406243e-21,-2.358744515504839e-19,4.556615434111875e-06,1.136218322328699e-08,0.05980299653715724,-2.632250535001168e-23,6.151526367449895e-23,-7.564893011287122e-20,4.174921466831406e-05,-3.727099742368026e-22,8.476376770865695e-22,0.0031324827125623674,3.1721409644907594e-16,-2.3233065597654887e-15,1.8627416906052392e-25,-4.255258313979037e-21,6.15246921547837e-23,3.172140964491429e-16,0.0007846172664239125,1.7898550454259105e-19,1.2464044404045517e-24,-2.360148579877878e-19,-7.521233591323308e-20,-2.3233065597658828e-15,1.7898550454240135e-19,0.0007846172664239112,-4.501707553208748e-23,4.556615434111873e-06,4.174921466831406e-05,-1.6256172163576068e-26,1.2040734455101927e-24,-4.517178954494919e-23,0.03531075935239905
1774036466957295745,369,1774036466925387621,center_camera,base_link_12,-0.5014999798481835,0.4737501969482355,8.247254009201129e-19,-2.615913691902104e-16,3.5886652375283486e-16,0.5890513964041847,0.8080955713245062,0.004015954897702029,-1.9655195744412622e-17,-3.776173092890676e-27,-4.518634772257241e-17,-2.711281603034465e-17,-4.161503295283843e-13,-1.9655202051664792e-17,0.004015954897702003,-6.449868047307713e-25,-1.4977646948909752e-16,3.4959221474741138e-15,1.306015397655499e-13,1.0689791846890354e-26,8.307418831243751e-25,0.004818746073306323,6.05542281687191e-14,-3.702638396115064e-13,-1.5103138166850936e-28,-4.5186347791239205e-17,-1.4977646932353258e-16,6.055422819518888e-14,0.0024103721056320465,3.2439068961838894e-17,-4.051336144503598e-20,-2.7112816030336192e-17,3.4959221463758726e-15,-3.7026383982326466e-13,3.24390689610311e-17,0.002410372105631832,-3.89232106535324e-20,-4.161503295283843e-13,1.306015397655499e-13,-4.5114330368951525e-30,-4.051336142027449e-20,-3.89232107272646e-20,0.004818746102815997,0.006376813969993518,9.024164328922273e-05,2.704066714686323e-19,-7.779143708530148e-19,-4.072819031397404e-19,-1.704154515873697,0.05970898745713031,9.270405690957051e-09,-5.97781073522434e-23,-4.107194818209224e-20,-2.2637276631027557e-20,3.863511408560867e-06,9.27040569096763e-09,0.05970905657209445,9.528270181272483e-25,-1.096636482612067e-20,-1.0284358105439749e-20,3.853899056924492e-05,-1.6363018049352397e-21,-1.5420740107911233e-21,0.0032131635130796406,3.89417771282565e-16,-2.4064531817025453e-15,-5.863559704843392e-25,-4.0133667638582336e-20,-1.0664749218606563e-20,3.894177712826222e-16,0.0008047872935585861,2.0810024066458225e-19,1.775701528754599e-24,-2.2637213875819818e-20,-1.0284337932912137e-20,-2.4064531817031563e-15,2.0810024066445608e-19,0.0008047872935585852,-5.182960555084921e-23,3.863511408560869e-06,3.853899056924492e-05,-5.298453244085239e-27,1.6243332591700655e-24,-5.224320624309788e-23,0.03528432840411855
1774036467057625228,370,1774036467003526926,center_camera,base_link_12,-0.5014999823905433,0.47350016711106113,1.5137426115998456e-18,0.0,0.0,0.584700421659905,0.8112492939354272,0.003908964572847729,-1.6560493663194265e-17,-1.7636562776543675e-25,-5.984612799809849e-24,-1.5422056983756938e-25,-3.374402075274061e-13,-1.656049686851914e-17,0.0039089645728477085,-1.3175168743973528e-24,-3.3807667895462753e-23,9.789327924047673e-23,1.0261969761514949e-13,1.7890921072541157e-25,8.652923891697137e-25,0.004690357684489435,4.6775384926451375e-14,-2.966453520881194e-13,1.1966364855992903e-25,-6.253571406385759e-24,-3.3942218525951384e-23,4.6775384926451375e-14,0.002346177931174749,1.9403958794213047e-17,2.143762004757752e-24,9.126195478855156e-26,9.789376843284558e-23,-2.966453520881194e-13,1.9403958794213047e-17,0.002346177931174609,-1.2847567430448026e-24,-3.374402075274061e-13,1.0261969761514949e-13,1.1974250513612428e-25,2.1417966233421602e-24,-1.2848010501962374e-24,0.004690357711157099,0.005290196794119565,0.00011553177375400446,5.446171710169139e-20,2.2493382914453228e-18,-2.3065042422510492e-18,-1.6370860368118905,0.05988873722424367,7.60047864194289e-09,6.898760337437938e-23,3.71755937241934e-20,-2.2775234717246395e-19,3.2918385765766365e-06,7.6004786422931e-09,0.0598887975854516,-2.0431570318431855e-23,1.0140877185850486e-20,-7.586333295919496e-20,3.558287808106921e-05,-2.0004021378426675e-21,2.7124343634969163e-22,0.003127571267523152,2.8500881260180466e-16,-1.8074997535281973e-15,-9.818879382519112e-26,3.717560542389955e-20,1.0140865259809875e-20,2.8500881260183715e-16,0.0007833893221824847,1.1808614356213476e-19,-2.1846231637225304e-24,-2.278242307625165e-19,-7.563971739354332e-20,-1.8074997535285412e-15,1.1808614356212022e-19,0.0007833893221824843,4.0839825460207535e-24,3.291838576576638e-06,3.558287808106922e-05,-3.436006391971027e-27,-2.1821276080523792e-24,4.040363151333883e-24,0.035336517977731165
1774036467124176705,371,1774036467082936525,center_camera,base_link_12,-0.5014999867705221,0.47375003669997684,-1.6363504355689724e-18,0.0,0.0,0.5890515885160411,0.80809543128688,0.0039724792674959136,-1.6430561735236873e-17,-5.474704689546369e-27,1.204651176929977e-17,-1.8068550888540385e-17,-2.8947860632140077e-13,-1.643057114441634e-17,0.00397247926749589,-2.183541849858574e-26,4.069265575413944e-17,-6.103760781756243e-17,9.074260946380445e-14,6.458731928024461e-27,2.534892249850879e-26,0.004766575318824806,4.1962296783578537e-14,-2.509664869931516e-13,-1.7289305594369797e-24,1.2046512052236665e-17,4.069265575413797e-17,4.1962296810048316e-14,0.0023842867224142103,1.3902297826908366e-17,3.027165025078125e-21,-1.8068550888537763e-17,-6.103760784569173e-17,-2.5096648709903074e-13,1.3902297826908366e-17,0.002384286722414108,-4.536288897623247e-21,-2.8947860632140077e-13,9.074260956968357e-14,-1.7289715444491197e-24,3.027164856072236e-21,-4.5362909551461525e-21,0.0047665753478373,0.0047833691165985156,0.0003189299831465309,-3.9351660597609566e-20,1.1315960631505484e-18,8.777707981830254e-19,-1.5566722009426235,0.05983182420012051,6.092062522611108e-09,-4.0262458857592265e-25,3.362996302791034e-21,-5.427649510510834e-21,2.751920816846009e-06,6.0920625224273985e-09,0.05983187600282271,1.1501441891095467e-24,1.5624627837642993e-22,-4.117836964151996e-22,3.251381638638825e-05,-4.0673113151009905e-25,1.1558740954352218e-24,0.0031783830093398413,2.6404026798697103e-16,-1.6038950893789093e-15,-3.1994061954579253e-26,3.4403975119768444e-21,-7.594255019843717e-23,2.6404026798699125e-16,0.0007960921621381134,8.736916618101801e-20,-6.769918090844993e-25,-6.356466095357377e-21,-7.21409515668272e-22,-1.6038950893784176e-15,8.736916618117843e-20,0.000796092162138113,1.1161605335573952e-24,2.7519208168460093e-06,3.251381638638825e-05,1.1991497332684127e-27,-6.646153937053195e-25,8.862274150725491e-25,0.0353215480724863
1774036467190654543,372,1774036467161036491,center_camera,base_link_12,-0.5014999915741268,0.4737500834521004,-1.4021341762017015e-18,0.0,0.0,0.5890533029323292,0.8080941815806582,0.003906997612805484,-1.3416859402647605e-17,2.282153666353304e-27,8.724068688397893e-18,4.361908577391469e-18,-2.6759452312394413e-13,-1.3416850045166926e-17,0.003906997612805465,8.830605600560435e-27,3.7319051682104625e-17,1.866002787264078e-17,5.85308549754989e-14,1.717044535051539e-27,8.083059804691729e-27,0.004687997333746053,4.5444995645401283e-14,-2.2153025994379978e-13,1.4296310263432893e-25,8.724068696907309e-18,3.7319051709394134e-17,4.5444995618931504e-14,0.0023449977422522034,1.3291761815458005e-17,-3.6287886267754e-20,4.361908715225894e-18,1.8660028934532585e-17,-2.2153025994379978e-13,1.3291784206687887e-17,0.00234499774225238,3.011179614953351e-20,-2.6759452333570237e-13,5.853085492255934e-14,1.4287823166748212e-25,-3.628788741112547e-20,3.011179617083953e-20,0.004687997360962954,0.004067088028762723,0.0004119512032920727,9.300777911010907e-19,-6.4645770296816195e-19,7.320291892364145e-19,-1.4893261767498593,0.059945523871023,4.841224794670928e-09,7.511593426524176e-24,-6.497247664791327e-22,5.958780895005127e-21,2.250295673063681e-06,4.841224794715269e-09,0.059945568455726454,6.348581314302597e-25,1.1384388660267985e-22,2.7792636953184247e-22,2.9779635610763858e-05,-5.363015477815929e-23,-3.409672255299567e-24,0.0031259976946551304,2.7661113281014596e-16,-1.3484243458649096e-15,-3.694984475099561e-27,2.549065230888895e-22,4.0465279137635497e-22,2.766111328101365e-16,0.0007829958908521098,8.113381534759056e-20,-8.109761235036024e-25,4.981386558713806e-21,2.132649001945931e-22,-1.3484243458647177e-15,8.1133815319537e-20,0.0007829958908521089,1.1566268633668688e-24,2.250295673063682e-06,2.9779635610763858e-05,7.085126249074525e-28,-9.775311784966636e-25,1.2325339429167704e-24,0.035355470139672794
1774036467291174968,373,1774036467235325813,center_camera,base_link_12,-0.5014999948835736,0.47375006907846895,-6.265380294303185e-20,0.0,0.0,0.5890540081885964,0.8080936674896969,0.003716465388900694,-1.1440204545104944e-17,-4.5289384474972364e-26,-9.24526908465094e-26,-3.2996451226779994e-27,-2.1643481731195688e-13,-1.144020133978007e-17,0.0037164653889006785,6.227986328343585e-28,4.496558793753497e-26,-3.920214439994001e-25,5.1279147727824597e-14,4.970060821374681e-26,-1.5778819974081989e-28,0.0044593586742157024,4.2173185620481094e-14,-1.8100882663400764e-13,-2.0968513889744435e-26,4.9845531282098036e-26,-2.4531319753572432e-26,4.2173185620481094e-14,0.0022306783938482533,9.5049360337294e-18,-2.4573418032490443e-25,2.0410645578980873e-29,2.119315566848271e-25,-1.8100882673988675e-13,9.504958856321047e-18,0.0022306783938482026,-1.6529833321864756e-24,-2.1643481731195688e-13,5.1279147727824597e-14,-2.0983914806392467e-26,-2.4588032857344105e-25,-1.6529693773190617e-24,0.004459358699798211,0.003441694268260392,0.0004955409002771413,6.459635797080757e-19,-3.1589258576938925e-18,-1.2233129381266958e-19,-1.4297905712170589,0.060191623784433206,3.848503313565266e-09,4.9792647813053925e-24,-2.578585724009797e-21,-1.6410433391868127e-21,1.8222899594151406e-06,3.8485033134497085e-09,0.06019166230221736,6.393554394857438e-25,-1.9951450966245154e-22,-1.5005336570651555e-22,2.7327848194048527e-05,-5.012038894923362e-23,-1.7068887092676502e-23,0.0029735719131666932,2.32255416707835e-16,-9.968487121378096e-16,-6.911594524984426e-27,-2.5431951698779507e-21,-3.0959812070702247e-22,2.3225541670787216e-16,0.0007448893871229629,5.2300795690009857e-20,1.8151654530324584e-25,-1.1653166775250655e-21,-1.1859613770667759e-22,-9.968487121380042e-16,5.230079566355791e-20,0.0007448893871229628,-1.686858977997543e-25,1.8222899594151406e-06,2.7327848194048524e-05,-2.3490151024927094e-27,9.54735820741728e-27,1.756621899498487e-27,0.035427930443191355
1774036467357402388,374,1774036467318209648,center_camera,base_link_12,-0.5014999990730789,0.47375006674735387,1.673035557531232e-18,0.0,0.0,0.5890529816964464,0.808094415742694,0.004146191018138397,-1.2884585532274713e-17,4.721173794939728e-26,-1.923530933251872e-18,2.53046052852942e-27,-2.1324601079839522e-13,-1.2884575709504939e-17,0.004146191018138376,1.2504629842817084e-26,-1.343085162366368e-17,-2.4198679325141713e-27,3.736179252288461e-14,-5.1623105363109814e-26,-3.241602763155477e-27,0.004975029417792028,5.555540115886468e-14,-1.755040260018883e-13,-2.069332332282162e-29,-1.9235308609253575e-18,-1.3430851008918269e-17,5.5555401238274017e-14,0.002488513719696023,1.0907395295005273e-17,-2.9937323003146157e-22,-2.002033644294839e-27,-2.42399747538974e-27,-1.7550402610776742e-13,1.0907395295813067e-17,0.0024885137196959807,3.5219155814895576e-28,-2.1324601101015345e-13,3.736179246994505e-14,5.5898633588085485e-30,-2.993732264068458e-22,-7.303963893969453e-28,0.004975029452610853,0.002748851602964507,0.000570263230762735,-8.869957134473763e-20,9.820512224189391e-19,6.448536684485407e-19,-1.35577210948021,0.05956994462364076,2.7926194747296034e-09,-8.607907570313905e-25,-1.2327343431635983e-21,3.6924546181266546e-24,1.308052743397175e-06,2.7926194747907986e-09,0.05956997629343551,-3.0501050616145385e-25,-2.0936449659092164e-22,1.440385735653282e-24,2.438178827925474e-05,-1.0181459932513433e-21,-3.2732431945302657e-22,0.003317352380506307,3.5456768122672883e-16,-1.2029723763338041e-15,-2.4052705063119986e-25,-1.2327753879054372e-21,-2.093725577832918e-22,3.5456768122661095e-16,0.0008308343190688784,7.466699001100057e-20,-2.7161202049922425e-25,3.692549857725242e-24,1.4399942133279452e-24,-1.2029723763333549e-15,7.46669900108048e-20,0.0008308343190688783,6.077641999407918e-26,1.3080527433971746e-06,2.438178827925474e-05,-3.0028335916893815e-28,-2.1184548473274242e-25,1.0567672498011558e-27,0.03525161480841606
1774036467457362150,375,1774036467397091627,center_camera,base_link_12,-0.5017499468457088,0.4737500463971153,-8.088491731032693e-19,0.0,0.0,0.5890548439827211,0.80809305824298,0.003946098287144378,-8.408694758761514e-18,2.1241862090278143e-26,2.108842020975857e-26,-3.3404938610762104e-18,-1.4879374388855453e-13,-8.408688761702073e-18,0.003946098287144365,-7.604459304237825e-29,-9.140787203947846e-27,-4.59847861876226e-17,1.7298791648495397e-14,-2.335415290383946e-26,-7.641949486627922e-29,0.004734918136469913,4.2328799866572694e-14,-1.1364104743812482e-13,1.2994536774766893e-24,-1.1618065585650937e-26,7.213168417610908e-27,4.2328799893042473e-14,0.002368458178387924,-3.1574161241099786e-15,1.48516386603069e-24,-3.3404938639526488e-18,-4.59847861876226e-17,-1.1364104775576217e-13,-3.1574161456360615e-15,0.002368458178393268,6.720141521851309e-21,-1.4879374388855453e-13,1.7298791674965177e-14,1.2993776028722542e-24,1.4861457835044986e-24,6.72014152362615e-21,0.004734918161947803,0.002098621094881271,0.0009001625924542658,1.6415532322601227e-19,8.78252393596089e-19,-1.2503786460234996e-18,-1.2984944504921472,0.059878181148291444,2.069536093516583e-09,-9.193090725845868e-25,1.0512752367015302e-21,-2.9361677771063683e-21,9.223633552375963e-07,2.0695360933022407e-09,0.05987820791334552,-2.354491422782626e-25,1.7569815555764225e-22,-7.2240919219774995e-22,2.2102382007512052e-05,1.7978092483854668e-25,-3.654748155155198e-24,0.003157278251827726,2.6285809577785205e-16,-7.307983847043437e-16,-1.1945253171736776e-27,1.0512753348015314e-21,1.7569616904776946e-22,2.628580957778632e-16,0.0007908161774554439,3.6675077329732326e-20,-1.0484106626584104e-25,-2.9449484819747768e-21,-6.950951662742867e-22,-7.307983847043387e-16,3.667507735640894e-20,0.0007908161774554439,7.453323836541606e-25,9.223633552375979e-07,2.2102382007512052e-05,-3.327556926112944e-28,-1.4708776909744778e-27,7.661109241376439e-25,0.03533993952154276
1774036467524031861,376,1774036467471327305,center_camera,base_link_12,-0.5015000677529401,0.47375003639611557,-1.9156130073489824e-19,0.0,0.0,0.5890552623116202,0.8080927533043396,0.0037137831861785335,-7.6015774572024e-18,-2.0807781073878257e-26,4.978942802316985e-18,-4.978866738838278e-18,-1.2240336208483882e-13,-7.6015774572024e-18,0.0037137831861785205,-1.9036798147527517e-25,-3.318485143842459e-17,3.318482518247632e-17,-9.968208031028286e-15,2.453231753604959e-26,1.997282510448707e-25,0.004456140029735646,4.9176260375472083e-14,-8.15113614956227e-14,-2.5585813338269754e-30,4.97894280231526e-18,-3.3184851731531333e-17,4.9176260375472083e-14,0.0022290690772966528,5.425165638746874e-16,-3.0441344490627468e-21,-4.978866737194606e-18,3.3184825169375195e-17,-8.151136154856226e-14,5.425165525453826e-16,0.0022290690772854937,3.042976577791988e-21,-1.2240336219071794e-13,-9.968208017793397e-15,9.535875672539759e-30,-3.044134576965422e-21,3.0429765785945122e-21,0.004456140054771648,0.0016927162685626226,0.0006914112520486818,-6.3166401117494015e-19,9.998688878285627e-19,-3.287472303390701e-19,-1.2471752243433325,0.06018032302285388,1.4782657924532109e-09,-1.932380258348917e-25,-2.3191036452153964e-21,5.212927066401736e-21,5.422909279578156e-07,1.478265792165767e-09,0.06018034566205221,-4.940434505338476e-25,-1.0697789157682238e-21,1.7553391333142908e-21,2.0025930288793498e-05,8.629735229538066e-22,4.010049964092404e-22,0.0029714261554947344,2.921241362281664e-16,-4.699465921443488e-16,-2.597653558830175e-25,-2.3190892763064203e-21,-1.0697743981730073e-21,2.92124136228176e-16,0.0007443529831389361,2.7695550428457784e-20,9.493249720866409e-25,4.794811507793237e-21,1.5608562254128652e-21,-4.69946592144423e-16,2.769555044158345e-20,0.0007443529831389357,-1.0376400818314762e-24,5.422909279578161e-07,2.0025930288793498e-05,1.5695713081658672e-27,9.493264477918844e-25,-9.5095135904356e-25,0.03542795313358815
1774036467590777666,377,1774036467547364235,center_camera,base_link_12,-0.501500007914507,0.4737500308753953,5.657242441214198e-19,0.0,0.0,0.5890549425398701,0.8080929864002968,0.0038038457677399377,-7.345944222992865e-18,-5.583617626949942e-28,-2.1370294797489663e-26,9.139763325159305e-19,-1.0325805743134235e-13,-7.345940901345718e-18,0.0038038457677399273,1.8884247449947407e-25,1.2308712848647681e-26,-6.282747462319025e-18,-6.91293460724004e-15,2.8842403012555525e-28,-2.0305022851751076e-25,0.004564215132027866,4.493645196635572e-14,-7.328830111035528e-14,-3.173209085269514e-25,1.1476664994690609e-26,-3.9527511406328926e-27,4.493645196635572e-14,0.0022831065694637756,-2.536708887659682e-16,-1.3147016102791989e-24,9.139763704243276e-19,-6.2827474643250324e-18,-7.328830105741573e-14,-2.536708887663721e-16,0.0022831065694691815,2.571752880141174e-20,-1.0325805743134235e-13,-6.91293460724004e-15,-3.1732248676034983e-25,-1.3136175593898519e-24,2.5717527709516e-20,0.004564215161609726,0.0012116639091017227,0.0007440043410936806,-2.403809453329266e-19,-5.221870251253059e-19,-1.0016819515645455e-18,-1.1923476574509606,0.060043457645216056,9.858796679682476e-10,-8.38947610622094e-25,2.3335792809884113e-21,-2.3780300812753078e-21,2.1751652172601744e-07,9.858796690195539e-10,0.060043476293748135,-4.506582654615593e-25,1.1671955205693469e-21,-1.1867109143137438e-21,1.786079459529062e-05,-4.263281899812797e-22,-1.983652566891122e-22,0.003043476190320715,2.592248242693487e-16,-4.227762166844491e-16,-3.630369122097293e-25,2.106871772221141e-21,1.0617466074138837e-21,2.5922482426934916e-16,0.0007623652700239503,1.6127581738630358e-20,-3.612497618272214e-26,-2.1513230188356952e-21,-1.0812577635774417e-21,-4.227762166844435e-16,1.6127581738633055e-20,0.0007623652700239506,7.492693871054234e-25,2.1751652172601744e-07,1.786079459529062e-05,-8.943406790476097e-28,-1.8906513375549527e-27,5.082390259408904e-25,0.03539126825588381
1774036467690745949,378,1774036467633073568,center_camera,base_link_12,-0.5015000120497558,0.47375002353222395,-9.682115418035774e-19,0.0,0.0,0.5890546040015257,0.8080932331758545,0.004287465966950983,-7.213772709989334e-18,4.91682494694276e-26,-8.896916986590151e-27,-1.9659938294592135e-18,-8.671256317895211e-14,-7.213785427891252e-18,0.0042874659669509705,8.773336424210407e-26,1.0629981421401194e-27,5.24363795443623e-18,-2.2217784691340355e-14,-5.311932034376526e-26,-9.260978027573751e-26,0.0051445593480942,5.0351766505743174e-14,-5.1739659159516467e-14,-5.936823818865119e-25,4.365846751574908e-27,1.0696629302939144e-27,5.0351766505743174e-14,0.0025732787029329866,2.7387539716004077e-15,1.8302044407627523e-25,-1.9659938294631104e-18,5.2436379455900666e-18,-5.1739659159516467e-14,2.738753959859936e-15,0.002573278702933544,2.6855930662052968e-20,-8.671256317895211e-14,-2.2217784691340355e-14,-5.9367416767389935e-25,1.8302193727403085e-25,2.6855930664209586e-20,0.0051445593835227526,0.0007086989595790027,0.0007888545122895807,-8.789187561670961e-20,9.588954485314765e-20,1.8323219589729447e-18,-1.1280679901212256,0.05936829538946653,5.190610263487327e-10,-1.4642716682330106e-26,-3.196655563367475e-23,8.086086712215234e-22,-1.610830507901451e-07,5.190610259782695e-10,0.059368309933844364,-5.648824925549565e-26,-1.6003008208020013e-23,5.260556815708274e-22,1.541626829952574e-05,-2.5774783036309707e-24,7.922744373869012e-24,0.0034303723466890318,3.690811973970029e-16,-3.7925629985666126e-16,4.62785379968436e-25,-3.1966842216311595e-23,-1.6002119044008084e-23,3.6908119739700845e-16,0.0008590893964333475,1.2550076998968898e-20,2.097484048842339e-28,8.086092142490776e-22,5.260558719122126e-22,-3.7925629985675193e-16,1.255007701758714e-20,0.0008590893964333477,1.4659916024205547e-24,-1.610830507901451e-07,1.541626829952574e-05,6.300978593301721e-29,2.0948832338351713e-28,1.6727926779291283e-24,0.035197552730706856
1774036467757607218,379,1774036467715528727,center_camera,base_link_12,-0.501749959647352,0.473750012148087,3.246404122019422e-19,0.0,0.0,0.5890561822649155,0.8080920827080801,0.004124757274139965,-4.481462788135152e-18,7.736283166702089e-26,3.033629919050715e-18,-1.213409632585315e-17,-4.936600951994244e-14,-4.481459912390054e-18,0.004124757274139954,8.550010446694633e-29,-3.515810274397767e-18,1.4062817768216888e-17,-2.8713956231876594e-14,-8.416744485804757e-26,7.046219707755486e-29,0.004949308911030358,4.2373979492248495e-14,-1.662696734726664e-14,-6.342831958569349e-30,3.0336299156986815e-18,-3.515810278948929e-18,4.2373979545188054e-14,0.0024756535917730806,2.905505573695905e-15,-2.6837042244523948e-20,-1.213409632249825e-17,1.406281777276806e-17,-1.662696733403175e-14,2.9055055528249426e-15,0.0024756535917739007,1.0916032734395046e-21,-4.936600962582156e-14,-2.8713956178937034e-14,1.6611802440055187e-31,-2.683704236242642e-20,1.091603273312882e-21,0.004949308936957186,0.0001955507211305273,0.0010947635580238761,-1.605975755931016e-19,-4.958478704644484e-19,1.5384736788223085e-18,-1.0779054638379602,0.05966557878583298,2.1706097902701326e-10,1.0630393313985486e-25,-1.3458771647021e-22,3.124013323847572e-22,-4.4549477106893905e-07,2.1706097906724449e-10,0.059665590448470536,-4.183362668197389e-25,-2.4960396663022477e-22,8.298838708310968e-22,1.3528513124165973e-05,-1.362214105868564e-23,-4.838860034079003e-24,0.003300205451186613,2.875379737969771e-16,-1.4072090358263417e-16,-4.143548688418731e-25,-6.008890898098134e-23,-1.0452047324062736e-22,2.8753797379689926e-16,0.0008265480878487722,-3.699792317788704e-21,-7.3934490309916755e-25,2.379025374320093e-22,6.848003776992192e-22,-1.407209035826452e-16,-3.699792290495611e-21,0.000826548087848772,-1.187884348969351e-24,-4.4549477106893895e-07,1.3528513124165973e-05,6.51107557069406e-28,-5.661321962487676e-25,-1.3610950970086088e-24,0.035281473421991914
1774036467824034280,380,1774036467789933681,center_camera,base_link_12,-0.5015000747006076,0.4737500047768682,-9.754349646241368e-20,0.0,0.0,0.5890568640863585,0.8080915856960431,0.003722247073786691,-3.568479798545094e-18,7.911724597885829e-26,-1.6370383066902399e-25,-1.773336397847232e-17,-2.7067361160696337e-14,-3.568479796929507e-18,0.0037222470737866857,-2.267076468751725e-26,-4.3819985003855564e-26,6.007700440172791e-18,-4.9485247724355966e-14,-9.489856326520388e-26,2.5238304543883049e-26,0.004466296688635625,5.133293312883516e-14,7.347455727954834e-15,4.0729977746186154e-29,9.273960304319893e-26,2.491337109774392e-26,5.133293318177472e-14,0.002234147443899541,2.6196599964098913e-15,-1.5486103345385379e-29,-1.773336370549084e-17,6.007700441750708e-18,7.347455724646112e-15,2.61966002902698e-15,0.0022341474439054594,7.384202095394836e-21,-2.7067361134226558e-14,-4.9485247777295526e-14,-4.2826527850141273e-29,4.052922219946913e-29,7.38420110483198e-21,0.004466296711653718,-7.578406448300969e-05,0.0008747555892080977,3.235610829534568e-19,3.82399177211235e-19,-1.0699219208285189e-18,-1.036965247398311,0.06017982402937327,4.70344237977094e-12,4.5285288814157683e-26,2.1566913491449505e-22,-5.910163482576222e-22,-7.069979298976662e-07,4.703442117740414e-12,0.06017983354369617,3.5670199031622667e-25,4.12074483246818e-22,1.8767481826637146e-22,1.1978028656280073e-05,1.344309383164683e-22,-4.1771305199877784e-22,0.002978197284393918,2.836120949116549e-16,1.8317587039574416e-17,2.6522350836905245e-25,1.6345148684367676e-22,3.9530256346742874e-22,2.836120949115931e-16,0.0007460459187552477,-1.1346081481835465e-20,-5.810976674869531e-27,-5.388100113180839e-22,2.044707203045408e-22,1.8317587039571236e-17,-1.134608151800475e-20,0.0007460459187552474,-6.893422655768572e-25,-7.069979298976661e-07,1.1978028656280072e-05,-8.867386197559185e-28,-2.9380957565261797e-28,-7.211902462751586e-25,0.035429533789976556
1774036467924066511,381,1774036467870780706,center_camera,base_link_12,-0.5015000191595568,0.47374999912899857,6.762966233190624e-19,0.0,0.0,0.5890559529155742,0.8080922498915113,0.004044350519384455,-4.004695803248948e-18,-1.3808353302220064e-26,1.5419743098494797e-17,3.8550979004435896e-18,-1.1815370432367223e-14,-4.00468924073401e-18,0.004044350519384446,1.6074218765707752e-29,-4.4473213653804325e-19,-1.1118541028623307e-19,-4.998082917880036e-14,6.500263952383759e-27,1.5950996253829133e-29,0.0048528208235605035,4.475776525746496e-14,1.4769042889407026e-14,3.467070461603308e-25,1.5419742953153e-17,-4.447321313097519e-19,4.475776525746496e-14,0.0024274094148951267,2.4772933995533602e-15,-3.646935735407498e-21,3.855097746018601e-18,-1.1118541028626128e-19,1.4769042876172136e-14,2.4772934115927155e-15,0.002427409414900745,-9.104291053888895e-22,-1.1815370445602112e-14,-4.998082923173992e-14,3.4666556695403673e-25,-3.646935668785326e-21,-9.104280196150758e-22,0.004852820856674593,-0.00042673056025760957,0.0008993891292040064,-5.872752660643684e-19,1.5457292450873997e-18,1.5845144841676385e-18,-0.985834266771397,0.05971953751098764,-1.5884560848410076e-10,3.702484781822163e-25,3.81669667696311e-22,6.908264840834533e-23,-9.514522256914204e-07,-1.58845608735585e-10,0.05971954473417585,-1.2328372730811703e-24,-1.1838834605530365e-21,-1.794225353814563e-21,1.0115077393335063e-05,1.6022232228877223e-22,-4.985238747399247e-22,0.003235879985451936,3.1687271151031115e-16,1.2129508458443874e-16,8.267069558425598e-26,3.8555356487224804e-22,-1.1826448586190464e-21,3.168727115103637e-16,0.0008104662264711476,-2.0873841666112215e-20,-1.464569899421336e-24,6.908569589315538e-23,-1.794234846354393e-21,1.2129508458444222e-16,-2.0873841683658315e-20,0.0008104662264711476,-2.335447974558403e-25,-9.514522256914204e-07,1.0115077393335065e-05,-1.7697236246355136e-27,-1.3615227362597886e-24,-3.369767576951121e-25,0.0352995781223419
1774036467990805835,382,1774036467951165915,center_camera,base_link_12,-0.5015000195039211,0.47350004964763387,4.294419480453256e-19,0.0,0.0,0.584704816468668,0.811246126399591,0.004021259731399459,-2.7514618930705634e-18,6.322191645563116e-28,-4.722201229174892e-18,-1.4166180882343247e-17,6.966192061879005e-15,-2.751464940067898e-18,0.004021259731399456,2.0190029962581795e-26,-1.2875459535151934e-18,-3.862320488373379e-18,-5.4673288633267416e-14,6.384764989085636e-28,-2.3727691440737944e-26,0.004825111869766727,4.83162698887676e-14,3.814716178921615e-14,8.981306601158415e-26,-4.722201497759971e-18,-1.2875460164633478e-18,4.83162698887676e-14,0.0024135550163983358,-3.0501910744842914e-15,-9.788738163866825e-22,-1.416618088234324e-17,-3.862320488372297e-18,3.814716178921615e-14,-3.0501910744838875e-15,0.0024135550164035343,-2.9335102267491197e-21,6.96619205526156e-15,-5.4673288686206975e-14,8.985409723958654e-26,-9.788748806010556e-22,-2.9335092243559218e-21,0.004825111897526274,-0.0010162305840569928,0.0008361679715562511,2.2025197865242977e-19,-1.1448078180425778e-20,3.299309232661838e-19,-0.9475646249289839,0.059797138193392996,-2.586168560713989e-10,-3.863073513327185e-25,-5.528020855576758e-22,-7.148651201368867e-22,-1.1553134536749842e-06,-2.586168560043697e-10,0.0597971436847424,1.7921385414195418e-25,1.541156956629078e-21,1.3738235365843755e-21,8.536507042355548e-06,1.1359018278528238e-22,3.681654751416666e-23,0.0032174073944845447,2.8582455076349607e-16,2.2024908574757695e-16,-1.9843081329845397e-25,-5.527937830445609e-22,1.541143102399872e-21,2.858245507636281e-16,0.0008058483779001352,-2.711345312703151e-20,7.940570991852605e-26,-7.148650949832412e-22,1.373823637442524e-21,2.202490857476329e-16,-2.7113453127113276e-20,0.0008058483779001348,4.449531549088639e-25,-1.1553134536749842e-06,8.53650704235555e-06,6.202241542076389e-28,1.828378327190331e-25,5.483218930595665e-25,0.03532189781969672
1774036468057317225,383,1774036468021820068,center_camera,base_link_12,-0.5015000187310235,0.4737499270172996,-2.7647808625576775e-19,0.0,0.0,0.5890568860033883,0.8080915697196643,0.003534706998264264,-1.8292724107277717e-18,-5.817490802948187e-27,4.566045500607634e-18,4.5663629970023634e-18,3.613595892420078e-14,-1.829272404265423e-18,0.003534706998264257,-9.057836209536319e-26,3.2098443844589586e-18,3.2098311618925933e-18,-5.651519925827981e-14,5.658191817618764e-27,1.006756291997921e-25,0.004241248607856534,3.480329856253064e-14,5.4402754065559816e-14,4.2195410269164e-25,4.5660457791751784e-18,3.209844391790134e-18,3.480329856253064e-14,0.002121623377965489,2.9981486322904106e-15,2.0349270926361642e-20,4.566363269410011e-18,3.209831163061235e-18,5.4402754012620257e-14,2.9981486322896028e-15,0.0021216233779602334,2.0347618234994104e-20,3.613595892420078e-14,-5.651519925827981e-14,4.218538892117968e-25,2.0349270867780616e-20,2.0347617227037756e-20,0.004241248629766656,-0.0010272621486082944,0.000948231799133655,-6.314271652309554e-19,-1.2790074799780364e-18,5.705959831222187e-19,-0.9087776198896683,0.06037763501023666,-3.010656488603476e-10,1.3685754337121608e-24,3.9417961546015374e-22,7.531424633260096e-22,-1.2716216676255448e-06,-3.010656492086693e-10,0.060377639330749494,-1.3002898147760413e-24,-3.7954665255976087e-22,-1.0092706697029172e-21,7.3335708542266625e-06,1.3691117568412473e-24,-1.3049212958267129e-24,0.002828165217814187,1.7337879777782248e-16,2.710194944202964e-16,9.76641631435353e-26,5.640711289020958e-22,-5.494278306771128e-22,1.7337879777781345e-16,0.0007085378154504076,-2.2580440065860718e-20,6.58111727523434e-25,6.512023894263998e-22,-1.0432385434884119e-21,2.710194944202845e-16,-2.2580440065838955e-20,0.000708537815450407,6.748805993661823e-25,-1.2716216676255454e-06,7.333570854226662e-06,9.501922161268605e-28,6.856499837086847e-25,6.824847154132941e-25,0.03548911911297277
1774036468157776868,384,1774036468107376099,center_camera,base_link_12,-0.5015000271756797,0.47374997947312997,1.2091841923522166e-18,0.0,0.0,0.5890561837071655,0.8080920816567565,0.0042798007623201795,-2.802625459955889e-18,-1.0438809086327145e-25,5.336414532910949e-18,-5.581422537011081e-27,4.3386003763836974e-14,-2.802625459955889e-18,0.0042798007623201725,9.43905700631225e-26,3.479285232792702e-18,-3.8212237406650925e-27,-7.903749245297676e-14,1.1383268834076197e-25,-9.870873098675743e-26,0.005135361109291312,5.415616676039743e-14,7.845974406455815e-14,3.2327982485662855e-29,5.336414533944026e-18,3.479285071111256e-18,5.415616673392765e-14,0.0025686795035724285,-7.731876736554504e-18,1.854998247322475e-21,3.917963813216805e-27,4.241311566095121e-28,7.845974409102793e-14,-7.73186404692536e-18,0.0025686795035721626,-9.483534965976603e-32,4.3386003710897415e-14,-7.90374924000372e-14,-4.906031229684253e-29,1.8549976845134467e-21,-1.965776443774465e-30,0.005135361150113768,-0.001279832381179484,0.0009494083435066473,8.880235119077397e-19,-6.879015348378264e-19,1.3818352622395908e-18,-0.8563138749540602,0.05919953109323135,-3.182428573819245e-10,-2.5950046141056996e-24,1.6260015008015226e-22,-4.475946014115268e-22,-1.4876385738862173e-06,-3.1824285672880705e-10,0.05919953396922441,2.3322506461551454e-24,-1.5642953966545495e-22,3.3337043925609767e-22,5.558826421496613e-06,-3.0705866408593605e-23,3.106371935550974e-23,0.0034242401455115584,3.954829243044827e-16,5.729632620557093e-16,-7.415192130507466e-26,7.470693877176059e-23,1.1703686676420231e-22,3.954829243045707e-16,0.0008575560663731372,-5.638388535001439e-20,9.885364861181674e-26,-3.108638426842357e-22,3.773232998097096e-22,5.72963262055843e-16,-5.638388537174608e-20,0.0008575560663731368,4.388327033099014e-26,-1.4876385738862171e-06,5.558826421496613e-06,-8.117727333831553e-28,9.12627364098506e-26,-1.579494833703484e-27,0.035151642691762026
1774036468224091030,385,1774036468186944485,center_camera,base_link_12,-0.5015000225503137,0.4737499799317454,-6.524611211979818e-19,0.0,0.0,0.5890580245289807,0.8080907397922679,0.00398041866118628,-1.2410122552356024e-18,1.6514227668698567e-25,-1.895475065829336e-17,-2.527223340384504e-17,4.910906858695863e-14,-1.2410122423109053e-18,0.0039804186611862745,5.1729152517884614e-27,-1.483345095968852e-17,-1.9778124067808627e-17,-6.810810494414527e-14,-1.813880151129571e-25,-5.699264652883388e-27,0.004776102580640633,4.128250440371029e-14,6.672275974196085e-14,1.328116609014604e-29,-1.895475065176401e-17,-1.4833450959688198e-17,4.128250435077073e-14,0.0023890504204165585,-6.523624380193657e-18,-4.152402259245081e-21,-2.5272233665097745e-17,-1.9778124322562998e-17,6.672275974196085e-14,-6.523634878278853e-18,0.002389050420416555,-5.533056919173241e-21,4.910906858695863e-14,-6.810810494414527e-14,3.8785432064619545e-32,-4.152401313285297e-21,-5.533057864305887e-21,0.0047761026049148265,-0.0015224139958616677,0.0009659711623320592,-8.811525439045781e-20,-2.1611502940553256e-18,9.893047142979028e-19,-0.8207273821725521,0.059662758093605474,-3.0951171079040837e-10,1.0059506230871258e-25,-1.637283501385177e-21,-1.752914518849238e-21,-1.6230609555364322e-06,-3.0951171082465504e-10,0.05966276013050071,-3.6002264529574036e-25,1.3105284393868598e-21,1.20289698660759e-21,4.3902444306931494e-06,3.527207312157226e-23,-1.8434462716574347e-23,0.0031847345636569296,2.6086152528692684e-16,4.475622880414996e-16,-1.3206558876621517e-27,-1.5689225815775784e-21,1.097862643349112e-21,2.608615252869046e-16,0.0007976803605631207,-4.1184643141817945e-20,-1.1323996718966708e-24,-1.8212581163267763e-21,1.415553486111873e-21,4.47562288041546e-16,-4.118464312885114e-20,0.0007976803605631212,-1.5144979563174031e-24,-1.6230609555364328e-06,4.390244430693149e-06,6.82303184781079e-28,-1.129205296866413e-24,-1.5176912943024741e-24,0.03528212457568517
1774036468290739751,386,1774036468260709763,center_camera,base_link_12,-0.5015000238938818,0.47374997633012983,-2.6375093253552598e-18,0.0,0.0,0.5890582392366838,0.8080905832809697,0.0036902631980128588,-9.331763698885337e-19,-8.36929101348848e-27,-5.958626120286445e-27,5.763506461387759e-18,6.043506074449622e-14,-9.33173222724797e-19,0.003690263198012856,-9.667833933042889e-26,-6.0482218866844244e-27,5.095083639503556e-18,-7.381920235639253e-14,3.548250493486576e-27,1.0221672931269287e-25,0.004427916043801982,4.163310629600432e-14,8.084313879172056e-14,-1.5962780742908749e-24,2.6238332756379477e-27,2.5283121501029533e-27,4.163310634894388e-14,0.0022149570854322815,1.6279682609332018e-16,4.301322413915408e-25,5.763506461387037e-18,5.095083639491395e-18,8.084313879172056e-14,1.6279682609291628e-16,0.0022149570854266745,1.6474683079593044e-20,6.043506069155667e-14,-7.381920225051341e-14,-1.5962888809353492e-24,4.306114566179859e-25,1.6474683078594618e-20,0.004427916068072771,-0.0017257698756305508,0.0009766953539896647,2.436464887351136e-19,1.6540045553934304e-18,-1.1798849661003712e-18,-0.789000078636101,0.06005206337821784,-2.8117245273561225e-10,-2.211368103881898e-25,1.3149689550748e-21,2.2808517197829363e-21,-1.7211904539589314e-06,-2.8117245263574193e-10,0.06005206480403465,2.9548581778079486e-25,-7.646498296374543e-22,-1.48130891898627e-21,3.394825995131092e-06,1.3175444854342179e-23,4.596770633415136e-24,0.0029526101694905722,2.2606651374945424e-16,4.389775993306062e-16,1.5157158405995416e-26,1.3149683106789908e-21,-7.6464965138863525e-22,2.260665137494055e-16,0.0007396490172157356,-3.640225274624623e-20,2.104639018442672e-25,2.280851821684691e-21,-1.4813088175761207e-21,4.389775993305197e-16,-3.64022527462464e-20,0.000739649017215736,2.3315894861793971e-26,-1.7211904539589312e-06,3.3948259951310915e-06,8.431038814713828e-28,3.656240188864254e-27,2.3011107395101484e-25,0.0353935233525525
1774036468390732802,387,1774036468335447550,center_camera,base_link_12,-0.5015000270492699,0.4737499707975504,6.076294865517263e-21,0.0,0.0,0.5890580122182706,0.8080907487661642,0.003738888619192406,-9.052366321771933e-19,9.587480178710526e-26,-1.1363194870229741e-17,1.9724036311444291e-25,7.325430671356665e-14,-9.052265573758263e-19,0.0037388886191924015,9.589387762216171e-26,-1.0979811208776326e-17,6.405881744893525e-27,-8.070230262358059e-14,-1.0463208401279392e-25,-1.0453765060123996e-25,0.0044862665574877236,4.1731854058739716e-14,9.858201395184912e-14,2.624711681944111e-26,-1.1363194870223311e-17,-1.0979811183205815e-17,4.1731854058739716e-14,0.002244132268480479,-2.7037335808022183e-15,-1.0736936743936421e-20,-1.0730617264367328e-25,-2.8093183750955542e-27,9.858201389890956e-14,-2.7037335686154406e-15,0.002244132268480148,-7.790059512382514e-26,7.325430671356665e-14,-8.070230251770147e-14,2.624980769299776e-26,-1.0736936746401612e-20,-7.791560742444506e-26,0.0044862665864546765,-0.00189805966463452,0.0009779801305752768,-1.7375791986425277e-19,-1.427381063575179e-18,-2.0111004033208727e-18,-0.7552663077964203,0.05998388270893881,-2.333782649293288e-10,2.60542372652036e-25,-1.0462151912847604e-21,-5.182915422331609e-22,-1.812495064098246e-06,-2.333782650782003e-10,0.05998388362847315,-1.1583034008503583e-25,5.554300748469003e-22,3.453669199374192e-22,2.3780417247832116e-06,1.489126054223178e-23,4.578271218057153e-24,0.002991510470499329,2.5383308175560187e-16,5.494146569354695e-16,-5.859221592475122e-26,-8.126231399872248e-22,6.305163860061667e-22,2.5383308175563037e-16,0.0007493738162807869,-4.4226723801283513e-20,-2.3820947669259232e-26,-5.182858479659411e-22,3.453508854751832e-22,5.494146569353599e-16,-4.4226723816501796e-20,0.0007493738162807871,-1.0729424660373005e-25,-1.8124950640982458e-06,2.3780417247832116e-06,-2.7550685945402145e-28,-6.616025961861416e-26,-3.894588753488822e-27,0.03537506582172173
1774036468457572599,388,1774036468412732601,center_camera,base_link_12,-0.5015000283372809,0.4737499671632014,1.7443803741081622e-18,0.0,0.0,0.5890581424213318,0.8080906538545846,0.003866251837263103,-7.728749387186084e-19,1.0328827908181951e-25,1.8187702230364313e-25,1.2320452105348136e-17,8.824914923730279e-14,-7.728683471231022e-19,0.003866251837263101,9.585046189669324e-26,1.9975749594275373e-26,1.277593421083513e-17,-8.660573316018292e-14,-1.0170318141258495e-25,-1.0171523423877489e-25,0.004639102412241906,4.60899242021001e-14,1.0963706689815834e-13,-8.647361932568761e-25,-1.0188189274935583e-25,-5.459649497688043e-27,4.608992422856988e-14,0.0023205502088875694,-2.5640098206757994e-15,5.448860769999879e-26,1.232045209627048e-17,1.2775934194503067e-17,1.0963706684521878e-13,-2.5640098206757994e-15,0.002320550208881811,-3.0633905564870338e-21,8.824914923730279e-14,-8.660573316018292e-14,-8.647811783312789e-25,5.396614172983917e-26,-3.0633910999791685e-21,0.004639102442316118,-0.0020527480214262515,0.0009751959470845081,-2.1878369172829745e-19,1.2901623369717943e-18,1.4147446666726466e-19,-0.7212815998394865,0.059821915876590824,-1.7117932060625938e-10,3.7595945657666103e-25,1.0828688931088438e-21,1.3498600298519662e-21,-1.9006800150324135e-06,-1.7117932048039692e-10,0.05982191640937297,-6.1900867124580915e-25,-5.401423946517501e-22,-6.6279589487083815e-22,1.3820725866416382e-06,-1.523614327887648e-22,4.745923970223815e-22,0.003093401047455167,2.7468304346470865e-16,6.534099770042076e-16,5.501562210867907e-26,9.2180192872121e-22,-8.538370928355118e-22,2.7468304346471146e-16,0.0007748465093022111,-5.2755075750062155e-20,-9.811828238659938e-27,1.1124846893753418e-21,-7.390990121227235e-22,6.534099770042596e-16,-5.275507575013935e-20,0.0007748465093022106,-1.2305234502579562e-25,-1.9006800150324135e-06,1.3820725866416382e-06,-3.195881097064955e-28,3.4748525773595596e-28,-8.042864600997773e-26,0.03532901566265007
1774036468557561001,389,1774036468496656895,center_camera,base_link_12,-0.501500030111304,0.47374996274178455,-1.2316185462059102e-18,0.0,0.0,0.5890581592605805,0.8080906415796044,0.004198213978690156,-7.628027481404624e-19,-8.312506121626924e-27,1.428026858031589e-17,-1.4279712786461203e-17,9.92068620043465e-14,-7.628090683173301e-19,0.004198213978690155,-1.824542536939186e-25,1.5726752146786652e-17,-1.5726963470291922e-17,-9.317592950401811e-14,-6.389327058210895e-28,1.961533773038207e-25,0.005037456964594287,4.755576069533084e-14,1.281267736091337e-13,2.7050479867029526e-29,1.4280268572699816e-17,1.572675217951398e-17,4.7555760748270397e-14,0.00251972751820137,-1.775299290483943e-16,-1.4826145276584798e-20,-1.4279713066617138e-17,-1.5726964030635853e-17,1.2812677366207326e-13,-1.7752992904879819e-16,0.0025197275182068683,-7.628736292033983e-22,9.920686189846738e-14,-9.317592939813899e-14,-1.636171329858706e-31,-1.4826144753751476e-20,-7.6287309278537195e-22,0.005037456997519717,-0.0021896044807705683,0.0009664505643736487,3.0678889717141286e-19,1.6141943093370294e-19,1.4846429962283562e-18,-0.6845500124516045,0.05940701817689309,-8.956391061743295e-11,-1.9399458986254645e-24,1.7716107082417104e-21,-2.8705987230892105e-21,-2.0021302676227167e-06,-8.956391088138394e-11,0.059407018422825066,8.613889938047326e-25,-8.23766789434729e-22,1.5493639122453373e-21,3.1675283404216666e-07,1.258107368725645e-22,-5.024249890422991e-22,0.0033589707667876006,3.3423122399405097e-16,8.730630073846055e-16,1.1869279513954873e-25,2.1852860716037182e-21,-4.1888183605224634e-22,3.3423122399409337e-16,0.0008412390610617854,-7.36277566916382e-20,-1.3627547667761228e-25,-2.8705579106011625e-21,1.54935757326254e-21,8.73063007384612e-16,-7.36277566916502e-20,0.0008412390610617852,-4.8362100146000845e-25,-2.0021302676227175e-06,3.16752834042167e-07,-4.345366819186065e-28,-3.0253435700901453e-25,-3.802445357307062e-25,0.03520838626501617
1774036468624052372,390,1774036468576767206,center_camera,base_link_12,-0.5015000274094235,0.4737499646749995,-9.734418115847658e-19,0.0,0.0,0.5890589530873557,0.8080900629185019,0.00400751492222093,-3.983518816344854e-19,1.6784258188096444e-25,-2.255188341774755e-17,5.7780958393557464e-27,9.658920821893163e-14,-3.9835481554072054e-19,0.004007514922220929,2.9391405089185035e-27,-2.6098480949848148e-17,1.764774957011645e-25,-8.554039218797128e-14,-1.8509109721595885e-25,1.0837538897526337e-26,0.00480861809511074,4.1542077888624386e-14,1.149137034299461e-13,2.6512022912051394e-29,-2.2551883433966557e-17,-2.6098480933617138e-17,4.1542077915094166e-14,0.0024053081588338993,2.708652477173415e-15,4.780933672890406e-21,-8.895866741820686e-28,-9.944431716016076e-26,1.149137034299461e-13,2.708652477173819e-15,0.0024053081588402128,-1.2372230105455824e-29,9.65892080071734e-14,-8.55403922938504e-14,2.5954898162713304e-30,4.780933185421733e-21,-1.1809588519418299e-30,0.004808618120683659,-0.0023283841850276483,0.000964729360426504,-7.052116578820949e-19,-6.655813481882856e-19,-2.161810098262414e-18,-0.6551500387198452,0.059726280771783845,-1.4027887147207276e-11,4.1380062555085175e-24,-3.671949937568882e-21,1.3471569574674442e-21,-2.0707892414473503e-06,-1.4027887237950572e-11,0.05972628087115121,-1.2066946058545406e-24,1.6725144552484313e-21,-6.728501377732785e-22,-4.951404594722065e-07,-9.064206349554158e-22,-2.637637361663418e-22,0.0032064115637351815,2.660738137894981e-16,7.360189281218295e-16,-1.3301628670410884e-25,-3.671950926009128e-21,1.6725133232390505e-21,2.660738137894903e-16,0.0008030995469675447,-5.912943670773648e-20,5.896644141605302e-25,1.2769620642644336e-21,-4.5442470949073175e-22,7.360189281219303e-16,-5.91294367077083e-20,0.0008030995469675447,4.669325203027541e-26,-2.0707892414473503e-06,-4.951404594722062e-07,-8.50898951205587e-28,5.103028055486018e-25,-3.220641041060497e-27,0.035298444901805004
1774036468690764437,391,1774036468656055212,center_camera,base_link_12,-0.501749972126017,0.47374996120409696,7.276757411680199e-19,0.0,0.0,0.589058990762932,0.80809003545481,0.00396639960900961,-3.4333594399721867e-19,-6.339186299656796e-28,2.179440831564074e-17,1.452932356868144e-17,1.113032224217802e-13,-3.4333594399721867e-19,0.00396639960900961,1.9011957697954754e-25,2.6289261865700552e-17,1.752561043476329e-17,-8.850086159472187e-14,-5.702734840476959e-28,-1.9287036769761457e-25,0.004759279726025614,4.688731299830208e-14,1.2165490333797507e-13,-6.4599268193456135e-25,2.1794408866262444e-17,2.6289262154540077e-17,4.688731299830208e-14,0.002380638931678242,-2.527347443665036e-15,-5.8266012079186605e-21,1.452932356868138e-17,1.7525610179954768e-17,1.2165490323209595e-13,-2.5273474548974055e-15,0.0023806389316666896,9.979992445854181e-21,1.113032224217802e-13,-8.850086148884276e-14,-6.45967126053349e-25,-5.826601187908307e-21,9.979992454452071e-21,0.0047592797535599965,-0.0025260988968529166,0.0012255597651015017,-5.33015908635816e-19,-4.38693496103121e-19,9.706357481584916e-19,-0.6262398627809073,0.059824493892038505,6.493019219676203e-11,6.857117514050131e-25,4.498985918104771e-21,1.6716453899573566e-21,-2.1243992607663376e-06,6.493019245710432e-11,0.05982449392726967,-1.178689743756029e-24,-1.9269337074878006e-21,-6.766126811893489e-22,-1.2489381755182e-06,-8.987749170625221e-22,-3.2162907904136894e-22,0.0031735192940025698,2.692217276409719e-16,7.881442060108669e-16,-6.661191014631147e-26,4.571908078299e-21,-2.153850228060431e-21,2.6922172764104715e-16,0.0007948763211642602,-6.142043235265139e-20,-3.121680446687016e-25,1.6716589714683809e-21,-6.766081664235136e-22,7.881442060110441e-16,-6.142043233802518e-20,0.0007948763211642605,4.087413271679049e-25,-2.124399260766337e-06,-1.2489381755181992e-06,-1.2414007610226516e-28,-2.333467486195041e-25,3.5127832763930776e-25,0.03532659717496843
1774036468790707103,392,1774036468727972031,center_camera,base_link_12,-0.5015000908845875,0.473500021021226,4.791134433358019e-19,0.0,0.0,0.5847074704960717,0.8112442135054557,0.0035978402309772206,-2.348333318048397e-19,-5.792293829512323e-27,1.5337534365268504e-17,7.298697052548263e-27,1.0722431260614578e-13,-2.348301523293602e-19,0.0035978402309772197,1.7774758592899113e-27,1.642861257162004e-17,8.56290211016722e-28,-9.306862133515018e-14,8.32589831473183e-28,1.3777988379777871e-27,0.004317008486956443,5.151917050117598e-14,1.2357018263338965e-13,-1.3107171438947316e-26,1.5337534371639844e-17,1.6428612571620068e-17,5.15191704747062e-14,0.0021595033016543804,2.783854332446826e-15,1.2032538280467764e-20,9.255173317904328e-28,8.563685956131421e-28,1.2357018273926877e-13,2.783854321091672e-15,0.002159503301654378,7.706037919335943e-25,1.072243127120249e-13,-9.306862133515018e-14,-1.3109839810370012e-26,1.2032538296526427e-20,7.706038896541707e-25,0.004317008510282716,-0.0027938978793233724,0.0008775801640076157,-7.286677568648242e-19,2.002645221808098e-19,1.846820449968936e-18,-0.6086058340926276,0.06028095392816397,1.3428971815569753e-10,3.1778342405376193e-24,-9.426403750954618e-22,-1.5836840125289501e-21,-2.1981203969684276e-06,1.342897180323038e-10,0.060280953953495434,-1.7928267300612013e-24,1.9000192075954357e-22,5.326818862067932e-22,-1.8130519087423112e-06,1.123457531368509e-22,-4.318607084802154e-22,0.002878671796570772,2.6589820078368235e-16,6.377713554553972e-16,-3.17736617313807e-26,-8.749435367865465e-22,-2.060289732588047e-23,2.6589820078363477e-16,0.0007211644118575471,-5.727578100561322e-20,2.3312860199002283e-25,-1.6513808509797647e-21,7.432868046022946e-22,6.377713554554364e-16,-5.727578099336176e-20,0.0007211644118575468,1.647660407732075e-26,-2.1981203969684285e-06,-1.8130519087423124e-06,-4.963301347996475e-28,1.980485113564844e-25,1.509734081551664e-27,0.03545830164265625
1774036468857423167,393,1774036468807514429,center_camera,base_link_12,-0.5015000329072932,0.47374988525022593,7.979691012145974e-19,0.0,0.0,0.58905789988052,0.8080908306547917,0.003979119171227023,-3.987133078633828e-19,1.9578476721770025e-25,1.6807810984907282e-26,2.7431399353217027e-17,1.467061351576859e-13,-3.98709895743356e-19,0.003979119171227023,2.1076244410317977e-25,1.7070003595283504e-26,3.8417420346081654e-17,-1.1157071923817137e-13,-2.120628856538253e-25,-2.1236846700276473e-25,0.00477454321245579,4.2227077006489185e-14,1.6175566334610664e-13,2.791596433585043e-26,1.2891591656464612e-27,1.5522814810875162e-27,4.2227077006489185e-14,0.002388270568481073,-2.5440597822003845e-15,2.933171234572279e-25,2.7431399964241447e-17,3.8417420949344444e-17,1.6175566355786488e-13,-2.5440597822005865e-15,0.0023882705684752105,-8.084365404920073e-21,1.4670613526356503e-13,-1.1157071913229225e-13,2.7815467009387225e-26,2.9331712633537437e-25,-8.084365393819027e-21,0.004774543246802132,-0.0025305407233597705,0.0009651927074435047,-1.1867422030522374e-18,6.329418827445549e-19,8.361551556807421e-19,-0.5718544235535586,0.059711526395289906,2.1878361625153755e-10,7.713418750484908e-24,-1.5302127226112024e-21,4.074774264764003e-21,-2.2035539141764275e-06,2.1878361583353172e-10,0.05971152648934883,-1.9772620339640384e-24,7.636662928154383e-22,-1.2376472768408026e-21,-2.5708972228965256e-06,-9.59736951283126e-22,-3.5953693225105765e-22,0.0031836948920572596,2.665542596253115e-16,1.044837975276461e-15,-1.7248620329195324e-25,-2.2025311186456552e-21,1.0998235368160186e-21,2.6655425962532833e-16,0.0007974198235351446,-7.025329537020413e-20,3.006950675335047e-26,4.1587651570947174e-21,-1.4897414367623873e-21,1.044837975276562e-15,-7.025329537019549e-20,0.0007974198235351446,-4.200710905015498e-25,-2.2035539141764275e-06,-2.5708972228965256e-06,-8.081762847418073e-28,8.717030080409846e-28,-3.961250298395409e-25,0.035297054347981846
1774036468924018294,394,1774036468889235497,center_camera,base_link_12,-0.5015000310112253,0.47374995660237185,-3.251830371020871e-19,0.0,0.0,0.5890593940124417,0.8080897415050478,0.004088052688383231,-2.5948410246544126e-19,-6.224642392604874e-27,-1.536749850467819e-17,2.678654389006817e-26,1.2176377544730098e-13,-2.5949327900036177e-19,0.004088052688383231,1.0743564298438663e-27,-1.954993659027107e-17,2.666488605370541e-26,-9.70598673700294e-14,7.3233351846850005e-28,1.1028300394277892e-27,0.004905263417559566,4.863446848272486e-14,1.4021772069194106e-13,-6.108769887141533e-32,-1.5367498777943876e-17,-1.9549937700410915e-17,4.86344684297853e-14,0.0024536307701640376,1.1981013260393345e-16,1.0346400762129156e-20,-4.7268078876790836e-27,-4.8469193813477996e-27,1.4021772069194106e-13,1.1981014392192912e-16,0.002453630770158412,5.179178801408402e-31,1.2176377523554275e-13,-9.70598673700294e-14,-6.238447018549256e-32,1.0346400834490301e-20,2.061984822080198e-30,0.0049052634471285685,-0.0025961361862537734,0.0009465824039368028,-3.167039317260844e-19,3.632308377204438e-18,1.5926836813512575e-18,-0.5449369267154034,0.05962099291868916,2.969439285075519e-10,2.222671160109286e-24,-1.6969337728864707e-21,-3.7271926833549795e-21,-2.23962966789887e-06,2.9694392844960787e-10,0.05962099310978179,-6.511033036333535e-25,6.39477463643746e-22,1.2109258044713154e-21,-3.1601581377696145e-06,1.5305834331215547e-22,-4.698880986387155e-22,0.0032708417510478034,2.9772790218153965e-16,9.34467203624115e-16,-3.5340977795363143e-26,-1.6968636210647684e-21,6.394822565378561e-22,2.977279021814074e-16,0.0008192069100947843,-7.335037490865747e-20,8.36531552498456e-25,-4.3466649733356915e-21,1.5290188159063896e-21,9.344672036239346e-16,-7.33503749244221e-20,0.0008192069100947843,9.490768810183874e-26,-2.2396296678988687e-06,-3.1601581377696153e-06,-5.9741752232928e-28,9.39939619111891e-25,2.669078356451273e-27,0.035270103302386134
1774036469024141484,395,1774036468970813036,center_camera,base_link_12,-0.5015000302444568,0.4737499566287886,-1.6343391088999387e-18,0.0,0.0,0.5890596684039566,0.8080895414864745,0.004080876305369449,-2.281706892387577e-19,-1.8870311258068555e-25,2.3636536944843605e-17,1.004889782818068e-27,1.1792223221557447e-13,-2.2816766485964305e-19,0.004080876305369447,-1.744241084142166e-25,3.094106689963733e-17,1.539366437577721e-26,-9.437443347877966e-14,1.862740251944442e-25,1.8559125620155666e-25,0.004896651755217537,4.6603405845000145e-14,1.3916935849515714e-13,-9.8190059121857e-25,2.3636536647855953e-17,3.094106691626931e-17,4.6603405924409484e-14,0.0024493249637245274,-2.722112319516925e-15,-2.8601680530821206e-21,9.623897984819414e-28,1.3273775398915822e-27,1.3916935849515714e-13,-2.7221123250256734e-15,0.0024493249637185716,7.751165568829564e-26,1.1792223221557447e-13,-9.437443347877966e-14,-9.818515813407823e-25,-2.860167571502327e-21,7.751359245693794e-26,0.0048966517831494786,-0.0026554139621223455,0.0009288252038275671,3.081083148798991e-19,2.3112446355197268e-18,2.755934300311806e-18,-0.5200427920676559,0.05969458707811189,3.6986223084975045e-10,-2.720914583343214e-24,4.752576530660652e-21,6.49875836191452e-23,-2.2645363914325277e-06,3.6986223086621946e-10,0.05969458739552664,6.068635804081249e-25,-1.6134548587676655e-21,-1.9657587669133614e-23,-3.676709522805599e-06,2.336891530541071e-22,-9.307993520506539e-22,0.0032651006568743084,2.828568858443186e-16,9.242764532814162e-16,4.814254600116401e-26,4.605966468924379e-21,-1.1573525902409726e-21,2.828568858442842e-16,0.0008177717302225177,-7.090786930289245e-20,-4.0767649017344827e-25,-3.9113152623965963e-22,-1.662718709491285e-22,9.242764532812982e-16,-7.090786929548787e-20,0.0008177717302225176,4.1614287115517514e-26,-2.2645363914325277e-06,-3.676709522805599e-06,4.512161224350705e-28,-5.132580291353053e-25,3.9990798410764725e-27,0.03529043063495446
1774036469090636693,396,1774036469052042723,center_camera,base_link_12,-0.5015000301984301,0.47374995573811846,9.571165883330615e-19,0.0,0.0,0.5890598354917388,0.8080894196872309,0.00406348366850525,-2.2974667510082435e-19,-1.5866153915262975e-25,1.5650484921922438e-17,1.5650432007316954e-17,1.2586272606246744e-13,-2.2974967363054486e-19,0.004063483668505248,-3.304024049724155e-25,2.1015663398404632e-17,2.101568952124148e-17,-9.833748326915244e-14,1.893402334197632e-25,3.780640567017636e-25,0.004875780591727979,4.172723428810583e-14,1.454253707312188e-13,3.7468363080684007e-25,1.5650485155408274e-17,2.1015663398382075e-17,4.172723431457561e-14,0.0024388893801401633,5.779326674024148e-15,1.2307967875618731e-21,1.565043224346066e-17,2.1015690038193406e-17,1.4542537083709792e-13,5.7793266795438015e-15,0.002438889380134942,-1.0251458040346991e-20,1.2586272627422568e-13,-9.833748337503156e-14,3.746429534799875e-25,1.2307963195605538e-21,-1.025145804959825e-20,0.004875780619544815,-0.0027021247589083656,0.0009098545795183029,-1.1484781013409839e-18,-2.4509985035148994e-18,9.01038851263496e-19,-0.4964266842450257,0.05977136589600743,4.367086574988356e-10,5.510437787143098e-24,-6.803140834683027e-22,1.739757154028552e-21,-2.2782760567660827e-06,4.3670865750409403e-10,0.05977136635980554,-2.56282032138768e-24,4.55233989816922e-22,-5.858843870958319e-22,-4.133861834128305e-06,-1.1907553815568097e-21,5.879095842980212e-22,0.0032511865470140388,2.7476133915967653e-16,9.3119439319613e-16,6.120118872321199e-26,-6.80318322281604e-22,4.552471836036878e-22,2.7476133915969995e-16,0.000814293196800674,-6.958364894589567e-20,3.353800660745627e-25,1.593252568779583e-21,-1.302062141451252e-22,9.311943931960674e-16,-6.958364895333473e-20,0.0008142931968006733,1.3833887817855538e-25,-2.278276056766083e-06,-4.133861834128305e-06,2.1839564331511246e-27,5.421829158012489e-25,1.0981881977542604e-25,0.03531243483710601
1774036469157328462,397,1774036469127331972,center_camera,base_link_12,-0.5015000284288728,0.4737499577903485,-9.13638169203477e-19,0.0,0.0,0.5890601877641057,0.8080891628968405,0.003766461791306173,-1.7067892247993734e-19,-1.842175980824905e-25,-1.435324689940117e-17,7.176623447779246e-18,1.2132755697347592e-13,-1.7068197270844613e-19,0.0037664617913061695,-7.037378455511878e-28,-1.9698990704038558e-17,9.8490721957094e-18,-8.920488785190886e-14,2.0354816597752428e-25,-6.9396850120907445e-28,0.004519354350093032,3.43969391647666e-14,1.3290378886871425e-13,-3.662752958933317e-29,-1.435324689289687e-17,-1.9698991259388848e-17,3.439693919123638e-14,0.0022606762549325235,2.9256224083663676e-15,5.53043007892078e-21,7.176623447739487e-18,9.849072208740949e-18,1.329037885510769e-13,2.9256224139118705e-15,0.00226067625492705,-7.823707068413354e-21,1.2132755697347592e-13,-8.920488785190886e-14,3.029453737796861e-30,5.5304303524087735e-21,-7.823707569820605e-21,0.00451935437436214,-0.0027502015978439656,0.0008950635542318588,3.6936409134098297e-19,-1.001166933938738e-18,7.24432697067775e-19,-0.47684230741648576,0.060161092362019164,4.892700533566545e-10,-1.859492273590698e-24,-3.1500727866586882e-21,-1.0054044966065623e-21,-2.2720717822173336e-06,4.892700534391788e-10,0.0601610929608595,8.439154482581616e-25,1.1143745969517133e-21,4.1225330117722446e-22,-4.45884141873632e-06,-1.0480077297298437e-23,2.766269223324183e-23,0.0030135690509631137,2.1721554133142915e-16,7.518213507541811e-16,-1.1733881531805096e-25,-3.0811550243429334e-21,9.000633286931303e-22,2.172155413313442e-16,0.0007548888091119136,-5.159241487000026e-20,9.86090427064604e-26,-5.767637058819025e-22,5.500343298992467e-22,7.518213507538952e-16,-5.15924148764242e-20,0.0007548888091119135,-1.3218124317993803e-25,-2.2720717822173327e-06,-4.458841418736321e-06,-5.2722192402841425e-28,-4.8208752006998845e-26,-1.403180907660441e-25,0.03542511531787497
1774036469257396200,398,1774036469202523470,center_camera,base_link_12,-0.5017499697350739,0.4737499539934386,-1.1408544804681997e-18,0.0,0.0,0.5890600934693089,0.8080892316334435,0.003761574161628648,-2.437344543554609e-19,1.1197401537733173e-26,1.3271379458928288e-17,-1.990661969550655e-17,1.3242848829470288e-13,-2.4374100717687597e-19,0.003761574161628649,1.8660666990957369e-25,1.8589646116993133e-17,-2.7883490831733594e-17,-9.541330308320282e-14,-1.3108385655623376e-26,-2.0627216615016727e-25,0.004513489204549322,4.072179937698162e-14,1.4918509449776793e-13,-2.4909641388814292e-29,1.3271379748753958e-17,1.858964669665455e-17,4.072179937698162e-14,0.002257743609528692,2.616140151385317e-15,-6.86422144930812e-21,-1.990661970252409e-17,-2.7883490831692604e-17,1.491850943918888e-13,2.616140151384711e-15,0.0022577436095343032,5.798578044205813e-21,1.3242848829470288e-13,-9.541330308320282e-14,-2.1577372670858788e-30,-6.864221457549786e-21,5.798578045920442e-21,0.004513489232722991,-0.002858109572693474,0.0011469277291807731,9.917723858366864e-19,1.3903716201818673e-18,-2.057987638655751e-18,-0.45659961086199624,0.060152363422819585,5.345446683784049e-10,-5.4720792091799514e-24,3.429832039220967e-21,-3.114804178582018e-21,-2.255081582215091e-06,5.345446688968892e-10,0.060152364163175605,1.1121945914611976e-24,-1.0635855146431257e-21,1.0364548521180933e-21,-4.756814699932249e-06,2.3438767530726084e-23,1.0416789311223145e-23,0.003009658913306187,2.2972506101387287e-16,8.198641766312941e-16,5.769982841169538e-26,3.4297964482480045e-21,-1.063580039776594e-21,2.2972506101386626e-16,0.0007539110034775194,-5.476123877691711e-20,-4.341409697301223e-25,-3.189012963208577e-21,1.2673207773749738e-21,8.198641766314263e-16,-5.476123877694528e-20,0.0007539110034775194,4.650332057687059e-25,-2.255081582215091e-06,-4.756814699932248e-06,2.5908058429213527e-28,-4.3414092756102915e-25,4.834110085994697e-25,0.035425130873671454
1774036469324089848,399,1774036469279601097,center_camera,base_link_12,-0.5017500367436301,0.4735000132844797,5.30650417179109e-19,0.0,0.0,0.584708185882909,0.8112436978870884,0.00385588063290749,-3.4704877002605708e-19,1.2640445345272249e-26,3.14412296189371e-17,2.3580888753859708e-17,1.319210824191335e-13,-3.4705205289911314e-19,0.003855880632907492,1.28462705712625e-26,3.845978851950079e-17,2.8845059653953553e-17,-1.1634255505009813e-13,-1.4043047594500437e-27,-1.6094015656598561e-27,0.004626656966443638,5.0906134958402774e-14,1.5902781533881432e-13,3.649550347129922e-25,3.144122959362306e-17,3.845978853391363e-17,5.0906134958402774e-14,0.002314327489125275,2.516590707743935e-15,2.1027379052554586e-21,2.358088933336242e-17,2.884505966836857e-17,1.590278152329352e-13,2.5165907017525302e-15,0.0023143274891363206,1.039631718399708e-20,1.319210824191335e-13,-1.1634255505009813e-13,3.6497747666081766e-25,2.102737633678367e-21,1.0396317222592124e-20,0.004626656996067026,-0.0031375933502916947,0.0010147835837787337,3.60471632002106e-19,-1.8975242767149508e-18,2.4678038057321025e-18,-0.442465583728888,0.06001480206161402,5.866606263700947e-10,-1.9166125596183546e-24,1.810794839440235e-21,5.2137458755210494e-21,-2.300539764187778e-06,5.866606266827995e-10,0.060014802948427745,7.6181111490403485e-25,-8.877521282779427e-22,-1.7846069006049408e-21,-5.062664502731735e-06,-1.2417762675837854e-21,6.12766186986782e-22,0.0030851040869894837,3.245836763615328e-16,9.19867441389652e-16,2.611186342544659e-26,2.207151728063528e-21,-4.998239904579367e-22,3.2458367636151493e-16,0.0007727722917445246,-8.03639633383032e-20,3.219936128296868e-26,5.685992276253947e-21,-1.6327739393970611e-21,9.198674413897772e-16,-8.03639633304055e-20,0.0007727722917445245,3.6087079814413813e-25,-2.300539764187778e-06,-5.062664502731735e-06,-9.981480453305218e-29,7.594260378482209e-28,3.4665509383406807e-25,0.03538785980233672
1774036469424196126,400,1774036469362406015,center_camera,base_link_12,-0.5017500371734408,0.47349994491583614,9.021212194513946e-19,0.0,0.0,0.5847072329387812,0.8112443847257581,0.004142245213872574,-4.886724306527923e-19,-3.7468818609399006e-25,-2.586787438591486e-17,-1.7245161563945214e-17,1.5754163292890208e-13,-4.886724565021865e-19,0.0041422452138725726,-1.754048296449865e-25,-3.552406731373148e-17,-2.3682147102831743e-17,-1.1565876599820783e-13,4.1103219140172737e-25,2.146879776569015e-25,0.004970294449122823,4.55605141575665e-14,1.7406978820510378e-13,-4.364724011250811e-25,-2.5867874353244186e-17,-3.5524067260956204e-17,4.5560514078157163e-14,0.002486146254895592,-2.770095670313374e-15,3.1978981008455893e-21,-1.7245161282507626e-17,-2.36821470852848e-17,1.7406978852274114e-13,-2.7700956703141818e-15,0.0024861462548953434,-7.277767412162547e-21,1.575416325053856e-13,-1.1565876599820783e-13,-4.364125523720458e-25,3.1978980829350344e-21,-7.27776765215544e-21,0.004970294481437037,-0.0030977819791102104,0.0009759452180627355,4.489508106487585e-20,2.8111428650004643e-18,-1.8431611078962767e-18,-0.42041064168176806,0.05963648164630733,6.41995126420361e-10,-1.844740034716192e-25,-7.375071227520222e-21,-5.610085807987477e-21,-2.3248930384429884e-06,6.419951265205917e-10,0.05963648272967563,8.22889257507777e-26,2.6530998594407954e-21,1.971624679535265e-21,-5.480643674452282e-06,-9.776212991469594e-22,-3.2567551408447794e-22,0.0033141957551350095,3.3839328753915014e-16,1.2176307863208297e-15,-4.542057616254768e-26,-7.212336855238748e-21,2.1648861722110555e-21,3.3839328753921463e-16,0.0008300452986119103,-9.838999540422071e-20,2.2466748999414124e-25,-5.6100927021419024e-21,1.9716416944592983e-21,1.2176307863211526e-15,-9.8389995404254e-20,0.0008300452986119101,-2.633928209196197e-25,-2.3248930384429892e-06,-5.480643674452283e-06,-7.972490787302345e-29,2.2447661978559816e-25,-2.569290397840551e-25,0.035279945976763635
1774036469490853436,401,1774036469442146778,center_camera,base_link_12,-0.501750032476626,0.4737498951431282,8.225478752952092e-19,1.7943191476606982e-16,1.3079753262082236e-16,0.5890597191721159,0.8080895044788466,0.003989037473965511,-3.4440740138441626e-19,3.451665279507398e-26,-3.627665938414748e-15,-8.680807346093012e-18,1.4215797703020648e-13,-3.4441037406474262e-19,0.003989037473965509,2.108220055277443e-26,-3.603727282953624e-15,-1.2100459153113325e-17,-1.1124514020791667e-13,3.494204133172311e-26,3.438823305685653e-26,0.004786445159211215,3.9156679002099435e-14,1.5290431717218585e-13,-3.1113956363494636e-26,-3.6276659383982826e-15,-3.603727282934237e-15,3.9156678949159876e-14,0.0023942216766282003,2.748665973326948e-15,1.0163991389303744e-20,-8.68080732962705e-18,-1.2100459120185066e-17,1.5290431717218585e-13,2.74866597332715e-15,0.0023942216766343286,-1.4653337217374827e-21,1.4215797703020648e-13,-1.1124514010203755e-13,-3.1068187791489865e-26,1.0163991632761278e-20,-1.4653327396094013e-21,0.004786445185285463,-0.0028247294940339633,0.0010361465185198626,-2.2878230092563046e-20,5.670660376730456e-20,2.018151625623031e-18,-0.396423205839477,0.05988341908207783,6.865675715843371e-10,1.0852496052428691e-23,-3.3282192858814605e-19,8.786278298065127e-22,-2.329483212879676e-06,6.865675718513255e-10,0.05988342033614761,-6.663654177433151e-24,2.0788750373832967e-19,1.158550480788537e-21,-5.775399329041349e-06,8.92552106232285e-22,2.8723181818308844e-22,0.003191629599758387,2.7244776400819327e-16,9.959462747795895e-16,2.1801149366486067e-26,-3.332623752060185e-19,2.0774068555716933e-19,2.7244776400821363e-16,0.0007994040110065766,-7.553621668655462e-20,8.414872414137617e-24,8.786257730722153e-22,1.1585507747289103e-21,9.95946274779569e-16,-7.553621668657156e-20,0.0007994040110065768,1.6698650265063972e-25,-2.3294832128796776e-06,-5.775399329041349e-06,-1.3657632324795075e-28,8.294455996550914e-24,1.669576241392659e-25,0.03535053058440498
1774036469557385277,402,1774036469516790390,center_camera,base_link_12,-0.5015000892425144,0.47374995647356455,1.1342416237401056e-19,0.0,0.0,0.5890607635629548,0.8080887431653956,0.0037341799031717316,-3.1508674380155537e-19,-2.956386762588073e-26,3.604328871679314e-15,1.515277482662223e-17,1.2929249576771018e-13,-3.1508674380155537e-19,0.0037341799031717308,-1.7396776611784342e-25,-3.639130381688675e-15,1.965056512650079e-17,-1.0129901686692215e-13,-1.2761839279485706e-26,1.9838034169923431e-25,0.004480616087883114,4.547284373289662e-14,1.3897333484825088e-13,-3.529177955639771e-26,3.604328871124028e-15,-3.6391303816886865e-15,4.547284367995706e-14,0.0022413071060182234,2.7921965409022223e-15,7.898505204681196e-23,1.515277483320488e-17,1.9650565126461545e-17,1.3897333484825088e-13,2.792196529598363e-15,0.0022413071060181206,-7.4094355022996e-21,1.2929249555595194e-13,-1.0129901686692215e-13,-3.531670985548362e-26,7.898475303078272e-23,-7.409435247039845e-21,0.00448061611265068,-0.0027440929037092603,0.0007485504961767321,-4.611145966464199e-19,-9.927789691443257e-19,-1.1921706147598416e-18,-0.38074790594607083,0.060211445344709305,7.168405492350538e-10,4.479400514675473e-25,-2.3679083321082144e-20,1.0972293571330743e-20,-2.332003216011001e-06,7.16840549353569e-10,0.0602114467159978,-6.045070511209819e-23,3.377015503982949e-20,-4.5615681282778864e-21,-5.914803593577421e-06,-1.3901631248695762e-22,3.733711801974567e-22,0.0029877435332661155,2.52832308801452e-16,7.727012846001024e-16,2.301601125284384e-26,-2.3748736118970814e-20,3.3986842431185446e-20,2.5283230880148973e-16,0.0007484323655851516,-5.968353677439722e-20,3.193207257814412e-24,1.1041955049036446e-20,-4.7782827111822025e-21,7.727012846001728e-16,-5.968353676128528e-20,0.0007484323655851516,-1.2235191206438408e-25,-2.332003216011001e-06,-5.91480359357742e-06,6.209739686019985e-27,3.190848698649341e-24,-1.4584181381194732e-25,0.03544568668482351
1774036469624057004,403,1774036469594192982,center_camera,base_link_12,-0.5015000293673929,0.47350001351394166,-3.907429014091262e-19,0.0,0.0,0.5847086666766224,0.8112433513522601,0.00387212885484795,-4.2328964519355164e-19,1.1183606596866634e-25,-3.4771050271038845e-15,6.191767212156166e-18,1.3457661954135606e-13,-4.2328636232049557e-19,0.0038721288548479492,-5.230652106371246e-27,3.5402152136444954e-15,9.58628348619208e-18,-8.668872830709109e-14,-1.0532634504536423e-25,-5.5543766151571925e-27,0.004646154832968937,3.926313258089803e-14,1.493052395568306e-13,-2.450411883830722e-25,-3.4771050270874683e-15,3.540215213680966e-15,3.926313256766314e-14,0.002324076414615482,-8.561407427186983e-18,-3.5082675097870937e-22,6.191767795756397e-18,9.586284055184686e-18,1.493052395568306e-13,-8.561419502489118e-18,0.0023240764146154496,4.558693673896408e-23,1.3457661954135606e-13,-8.668872830709109e-14,-2.45062041247727e-25,-3.5082704134229727e-22,4.558695041678746e-23,0.0046461548632701,-0.003002284156426247,0.0006316074692344789,-2.7669654875208033e-19,-2.0916524403868906e-18,2.2745456366996458e-18,-0.3697997403832686,0.06000661200669934,7.272653645609877e-10,-8.341933625867385e-25,-1.0740675662758392e-20,3.9238569903670035e-21,-2.265400558798639e-06,7.272653645602877e-10,0.06000661349099586,-1.9176632556084618e-24,-7.535418817617253e-20,8.833863919288925e-21,-6.0314073905289326e-06,-1.54473435364384e-22,4.761039161121144e-22,0.003098102660554633,2.117785339499997e-16,8.925234747384125e-16,1.405222878667174e-26,-1.0663928384612337e-20,-7.559295910924618e-20,2.117785339499477e-16,0.0007760219078250021,-5.1119987107550854e-20,-1.0972123932290532e-23,3.4462717879996175e-21,8.680387717411692e-21,8.925234747383064e-16,-5.11199870914916e-20,0.0007760219078250026,-6.969587621817023e-26,-2.265400558798639e-06,-6.0314073905289326e-06,-1.6025723316655832e-28,-1.0958755364295102e-23,-6.729370056726703e-26,0.03538929522453581
1774036469724057357,404,1774036469678813934,center_camera,base_link_12,-0.501500029200506,0.4737498867473026,2.1478603500434889e-19,-1.7943191850409918e-16,-1.3079752749288327e-16,0.5890596960779313,0.8080895213134343,0.004233046935456218,-5.2878438310944345e-19,-3.3934027859054114e-27,-3.601181967600009e-15,1.7751280965096389e-25,1.6066885908840717e-13,-5.287780758572727e-19,0.00423304693545622,-1.7717039064087433e-25,3.505738053461155e-15,3.2260475901847253e-24,-9.665439534515673e-14,-3.039626258860241e-27,2.012670678261048e-25,0.005079256510863418,3.4100017614927897e-14,1.7198158676293032e-13,6.573440588668725e-26,-3.601181967880041e-15,3.505738052951461e-15,3.4100017614927897e-14,0.0025406272893627245,7.766630813658138e-17,4.166096371031676e-21,-9.270531971697912e-26,3.2259990197722718e-24,1.7198158686880944e-13,7.766630813678333e-17,0.0025406272893574284,-3.44449584068999e-25,1.606688593001654e-13,-9.665439534515673e-14,6.570788363864704e-26,4.1660961114001696e-21,-3.4420860621332094e-25,0.0050792565442703275,-0.0026436878587805758,0.0007103768852282377,6.045198518007701e-19,5.4142180123874426e-20,1.731303326195753e-18,-0.34409508166553104,0.05952349343456795,7.371240759346612e-10,-2.5833204390055312e-24,2.03303481503068e-20,-6.280281467737629e-21,-2.1765575105829707e-06,7.37124075313905e-10,0.05952349508000514,3.1188832731228994e-24,2.476002520299758e-20,-1.1582125770552658e-20,-6.2762911881270085e-06,-2.6058973561639362e-24,3.126429262329177e-24,0.0033868371317146914,2.157444259686136e-16,1.2288685852611763e-15,6.856497367471882e-27,2.0825666933336543e-20,2.4925110942065716e-20,2.1574442596866466e-16,0.0008482056576259766,-6.240826271668315e-20,1.9676444283746806e-23,-6.3628220762122994e-21,-1.1334503151401748e-20,1.2288685852617646e-15,-6.240826271670668e-20,0.0008482056576259762,2.056432822549408e-26,-2.1765575105829703e-06,-6.276291188127007e-06,3.936653129986696e-28,1.9706948454037695e-23,8.100999736387795e-27,0.035250723260881106
1774036469790702495,405,1774036469747713566,center_camera,base_link_12,-0.5015000223789274,0.4737499631922445,-3.587641928089536e-20,0.0,0.0,0.5890613367972972,0.8080883253027364,0.0034469809119843237,-2.86506878156024e-19,8.141177310676383e-27,-3.7048217551957564e-15,1.7842063759412582e-17,1.0878108324787128e-13,-2.865038667016064e-19,0.0034469809119843254,-1.7262336292014763e-25,3.765703812569091e-15,2.782205667470869e-17,-7.0191548602254e-14,1.3985521143814416e-26,1.815250600176519e-25,0.004135977299532769,2.2826104484058844e-14,1.121411312360058e-13,2.719294021280984e-25,-3.704821755450136e-15,3.765703812032607e-15,2.2826104510528623e-14,0.0020689877654757566,2.7449580658010716e-15,-6.755440452047732e-22,1.7842063745553855e-17,2.782205612674318e-17,1.121411307066102e-13,2.7449580684651748e-15,0.0020689877654871923,4.833734224228503e-21,1.0878108324787128e-13,-7.0191548602254e-14,2.719110415910787e-25,-6.755440458055945e-22,4.833734246050816e-21,0.004135977318379082,-0.0026625817641971407,0.000699143702878649,4.432134587880703e-19,-7.858975148700605e-19,5.064819608673106e-19,-0.3331130807170435,0.060407458521075486,7.452812448619552e-10,-2.414849064548814e-24,-7.02306724217738e-21,-1.5161874341196413e-21,-2.128312144026818e-06,7.452812448960336e-10,0.06040746024196994,4.8845654806062227e-23,-6.546734897718188e-20,-7.666402444073284e-21,-6.289217479993779e-06,1.1973365890873596e-22,-3.3121403843491102e-22,0.002757984371776918,1.2749851206191162e-16,5.313056484468572e-16,4.13108512023496e-26,-6.962012837848759e-21,-6.565721351311997e-20,1.274985120619354e-16,0.0006909927780941058,-2.6699748818592518e-20,2.3255673898026075e-25,-1.956918123271205e-21,-7.598594688188217e-21,5.313056484469011e-16,-2.6699748821081903e-20,0.0006909927780941059,2.612350519305878e-25,-2.1283121440268175e-06,-6.289217479993779e-06,-5.484288613516244e-27,2.855120715514647e-25,2.5792994347338812e-25,0.03550372311803741
1774036469890767345,406,1774036469833149195,center_camera,base_link_12,-0.5015000320302784,0.4737499460611717,5.545284158082683e-19,0.0,0.0,0.5890605467935843,0.8080889011805839,0.004273780676101199,-7.602271662069136e-19,-1.038762566345632e-25,3.3282946480527996e-15,1.806938624000309e-17,1.569154314236341e-13,-7.602271662069136e-19,0.004273780676101199,-2.126611148368711e-25,-3.4215726619748593e-15,2.8570191344469475e-17,-9.99910783529577e-14,9.432466899402241e-26,2.2701475683395648e-25,0.005128137008352469,3.591155840301208e-14,1.7703512836893845e-13,4.3992663350862455e-30,3.3282946483656698e-15,-3.4215726616815513e-15,3.591155840301208e-14,0.002565067418863258,5.200460583321933e-15,2.7597541119085407e-21,1.8069386257416118e-17,2.857019167472508e-17,1.770351281571802e-13,5.20046057351128e-15,0.002565067418863257,-1.0913943966309214e-21,1.569154314236341e-13,-9.999107845883682e-14,9.12006170257489e-30,2.7597541208235297e-21,-1.0913947038850718e-21,0.0051281370511169775,-0.0025709575611739368,0.0006599910281857793,-7.119068001933104e-21,1.5918443936906475e-19,-6.55706388367661e-19,-0.3134677579935601,0.05906966829841398,7.336339561918411e-10,1.1754055756947564e-24,5.708825673002505e-20,-4.0041886437257596e-21,-2.0612595697940526e-06,7.336339558956338e-10,0.05906967009447556,2.899247432758909e-24,1.9273167808337407e-19,-8.680088446743583e-21,-6.372622397413443e-06,1.1661326737113459e-21,3.3879331957691107e-22,0.003419424063130599,2.8832543757099534e-16,1.2622696306554077e-15,-9.683349132922359e-26,5.708822772022838e-20,1.9273169413282704e-19,2.8832543757098627e-16,0.0008563519451651454,-7.345015595138189e-20,1.7793025127011532e-23,-3.2658141706210202e-21,-9.059268634395975e-21,1.2622696306550312e-15,-7.345015593409997e-20,0.0008563519451651455,-3.4378173889733144e-25,-2.061259569794053e-06,-6.372622397413443e-06,4.172136032646251e-28,1.7793024653032468e-23,-2.720197337220589e-25,0.035118775332463416
1774036469957385662,407,1774036469913239956,center_camera,base_link_12,-0.5015000240486186,0.4737499593111181,-9.882009750823305e-19,0.0,0.0,0.5890612679209608,0.8080883755105935,0.0040065374162924225,-4.1247392264229696e-19,-1.0111400153036501e-27,3.7065495505017e-15,1.335114097698437e-17,1.1980732839188615e-13,-4.124797646053731e-19,0.0040065374162924225,-1.783966975958655e-27,-3.8106472553430916e-15,2.1347937884422692e-17,-7.518426932512189e-14,-6.009477761024034e-28,-9.56953639280575e-28,0.0048074450862268135,2.4455685680883636e-14,1.2197902769502198e-13,-5.456446702574805e-25,3.706549550757378e-15,-3.810647255329901e-15,2.4455685680883636e-14,0.0024047216673229615,-2.9081069255890136e-15,3.862546673562973e-21,1.3351140961004448e-17,2.1347937868442684e-17,1.2197902748326374e-13,-2.908106930866127e-15,0.002404721667322523,6.0188754210503106e-21,1.1980732818012792e-13,-7.518426921924277e-14,-5.456446486977206e-25,3.862546921304147e-21,6.01887541892251e-21,0.004807445110845232,-0.00255715182415774,0.0006411289408072294,6.633769924539952e-19,1.0035620678747408e-18,1.1751647621866726e-18,-0.3002702258808136,0.05951244624826976,7.342568754622107e-10,-1.9057943858917234e-24,1.1943653344688375e-20,3.030239084459705e-21,-2.009978598749184e-06,7.342568754859142e-10,0.05951244811659799,5.809421396506807e-25,5.810697537923479e-20,9.559361073356995e-21,-6.401367970919272e-06,6.01703046550685e-23,-8.968869432633342e-24,0.003205629566642496,1.8284605082721456e-16,8.071966298086174e-16,-1.4204417510646752e-26,1.2371120730212456e-20,5.824439337838666e-20,1.8284605082720997e-16,0.0008029041065906631,-4.296663904401009e-20,-4.605695265179542e-24,3.030240186378416e-21,9.559360485917068e-21,8.071966298087044e-16,-4.2966639037496055e-20,0.0008029041065906631,2.0948573758689523e-25,-2.009978598749183e-06,-6.401367970919271e-06,-1.0095043014633817e-28,-4.606728232035535e-24,2.0237596670228976e-25,0.03524196156288789
1774036470024083964,408,1774036469989322186,center_camera,base_link_12,-0.5015000240752813,0.4737499589802761,-4.259171906108566e-20,0.0,0.0,0.5890613209904835,0.8080883368252177,0.00380611079306193,-4.546156599998796e-19,9.020068863746738e-26,-3.6507726244525505e-15,5.8384632035019444e-18,1.1792565994615378e-13,-4.546156599998796e-19,0.00380611079306193,-1.734135462170167e-26,3.589638413155858e-15,9.445168154215526e-18,-7.053711909237156e-14,-9.981469744899095e-26,-3.2649652623643974e-27,0.00456693315299741,2.4307181058774374e-14,1.2661328185115036e-13,-1.37645974603397e-25,-3.650772624445864e-15,3.589638412579434e-15,2.4307181045539484e-14,0.0022844656422218767,-6.255216176277892e-18,1.1730079098662008e-20,5.83846319498842e-18,9.445168150517534e-18,1.2661328195702948e-13,-6.255224620345996e-18,0.0022844656422218515,4.570159537625858e-21,1.1792565994615378e-13,-7.053711909237156e-14,-1.3766249991103679e-25,1.1730079112273389e-20,4.570159791705684e-21,0.004566933178397525,-0.00253489747574925,0.0006218322569272487,3.0127680556346083e-19,-1.3615970845933735e-18,-5.346258867353527e-19,-0.28804280783097636,0.05982001706486611,7.268400232671994e-10,-2.6116853851217153e-24,-1.414643594157214e-20,2.419665371187436e-21,-1.9520308741538217e-06,7.268400234595846e-10,0.059820018977411654,-6.160574149441042e-25,4.7856206612267825e-21,7.49020675910713e-21,-6.38458255908982e-06,1.0389307277854322e-21,-1.4788212127468932e-22,0.0030452882454998585,1.6336442231527744e-16,7.313865589390004e-16,1.4865525258120157e-25,-1.451275139250527e-20,4.427077065711434e-21,1.6336442231532303e-16,0.0007628185587118076,-3.6091313710533925e-20,-2.1251302828832586e-24,2.8561626098943016e-21,7.63051122218813e-21,7.313865589392321e-16,-3.609131370041634e-20,0.0007628185587118077,1.9524840501463032e-25,-1.952030874153822e-06,-6.38458255908982e-06,-2.8429138923421174e-28,-2.1473303594295425e-24,2.2337412843871345e-25,0.035328523170907754
1774036470124031680,409,1774036470070759535,center_camera,base_link_12,-0.5015000261901426,0.4737499547934987,3.0312089829300065e-19,0.0,0.0,0.5890611888788546,0.8080884331288442,0.004073866754544785,-5.990869932829052e-19,1.040044087834347e-26,3.506304127886795e-15,-4.999735588948101e-24,1.3261691130321519e-13,-5.990870191322993e-19,0.004073866754544786,-1.6927002342524186e-25,-3.5832748899916415e-15,2.4981655327889406e-24,-8.643027769669748e-14,-9.374289081717672e-27,1.933055735921898e-25,0.004888240302464513,2.691534278122407e-14,1.416531429584232e-13,-1.433012162709616e-25,3.50630412816487e-15,-3.583274890006709e-15,2.691534278122407e-14,0.0024451191678641683,2.794885680049399e-15,2.0735449688394418e-21,-4.999732695430952e-24,2.4981280341625514e-24,1.4165314264078584e-13,2.794885685974767e-15,0.0024451191678587906,9.328062916045591e-26,1.3261691119733607e-13,-8.643027769669748e-14,-1.433136996629671e-25,2.073544720201889e-21,9.301367879172585e-26,0.004888240334531899,-0.0024788791836540887,0.0005952716144884709,5.199289683814919e-20,1.694210863828113e-18,1.5579387945290809e-18,-0.2739817951471009,0.059491595364345985,7.106717197003591e-10,1.2099494315544727e-24,1.9148451794150685e-20,-4.812603659892687e-21,-1.8892006610648084e-06,7.10671719483926e-10,0.05949159730725653,1.0184650282946733e-24,8.578142924438506e-20,-6.77774954013506e-21,-6.375645856501723e-06,-1.5558423053348268e-22,4.888050675756682e-22,0.0032594929837324437,2.0373753675774772e-16,9.37400372323844e-16,6.81604313390985e-27,1.8582811201992423e-20,8.586846478123953e-20,2.0373753675767398e-16,0.0008163695586051726,-4.7369081716845056e-20,7.262810575566687e-24,-4.812603656120809e-21,-6.77774948826349e-21,9.374003723236491e-16,-4.736908172539175e-20,0.0008163695586051725,2.332208725623944e-26,-1.8892006610648082e-06,-6.375645856501723e-06,-8.390865393689595e-30,7.27828051521287e-24,2.3327983744335763e-26,0.03523273612588071
1774036470190724989,410,1774036470151412249,center_camera,base_link_12,-0.501500023705782,0.4737499587574887,8.34772887913334e-19,0.0,0.0,0.5890614181548717,0.8080882659965875,0.004034635018315417,-5.126198005246912e-19,-8.472997574317121e-26,3.6458603737451885e-15,1.1982706690691098e-17,1.2159047112986421e-13,-5.126258492829205e-19,0.004034635018315415,1.6197623807709698e-25,-3.677670360441853e-15,1.9826955013500263e-17,-7.053745779967135e-14,9.638714802146805e-26,-1.780686527447318e-25,0.004841162212988747,2.7368783433335166e-14,1.2399197555378782e-13,-1.4084786699145242e-24,3.6458603740128585e-15,-3.677670359337696e-15,2.7368783446570056e-14,0.0024215801876061845,2.8264260919202677e-15,-2.391510231398168e-21,1.1982706683704527e-17,1.9826955013534277e-17,1.2399197534202958e-13,2.826426089151757e-15,0.0024215801876062825,-3.130647930683742e-21,1.215904710239851e-13,-7.053745790555046e-14,-1.4084859758305477e-24,-2.3915102670299486e-21,-3.1306481804441807e-21,0.004841162240472473,-0.0024397534364852505,0.0005736043082783045,1.0881736445300957e-18,-5.72540616605902e-19,3.674915439801074e-19,-0.2617064857008027,0.059618595791127646,6.97165781088908e-10,-5.878646964360651e-24,6.556798501850925e-21,5.689183680933194e-21,-1.8320385474890224e-06,6.971657816495565e-10,0.05961859776137719,1.4148065543698325e-24,-3.3447341365928e-20,6.347853799663645e-21,-6.355146063057252e-06,-6.244174493250384e-23,-1.676446999162796e-23,0.003228107627027863,1.7766733303781672e-16,8.309163288626878e-16,3.413140104139063e-27,6.556732238476612e-21,-3.344734622348744e-20,1.7766733303788338e-16,0.0008085234609959281,-4.0213863585637355e-20,-4.57115031421268e-24,5.616507903883937e-21,6.57395226477703e-21,8.309163288629132e-16,-4.021386358193716e-20,0.0008085234609959275,-2.6058469938701868e-25,-1.8320385474890217e-06,-6.355146063057252e-06,2.648265130666838e-28,-4.622848924395108e-24,-2.636936508462791e-25,0.035267236451693273
1774036470257370435,411,1774036470221861124,center_camera,base_link_12,-0.50174996324143,0.47374996366736405,-2.520154149063593e-20,-1.7943159774823278e-16,-1.3079796751413848e-16,0.5890616777574923,0.8080880767574339,0.0035244430801362487,-4.1934253318090466e-19,8.898664971177722e-26,-3.6602346307706144e-15,2.013105487527361e-17,1.0817346977475169e-13,-4.193456480328988e-19,0.0035244430801362487,8.858679189228694e-27,3.606485449768252e-15,3.361807015745653e-17,-6.499263014917347e-14,-9.583876975505216e-26,-1.4243696915832634e-26,0.004228931906120332,2.353791957977275e-14,1.0642925063591969e-13,-9.836199833700723e-28,-3.660234630770605e-15,3.606485449491217e-15,2.353791957977275e-14,0.0021154650250679616,-2.8235409250364485e-15,6.882924906622909e-21,2.01310546029794e-17,3.361807015745843e-17,1.0642925068885925e-13,-2.8235409250364485e-15,0.0021154650250678367,-2.3473963357589473e-21,1.081734698806308e-13,-6.499263014917347e-14,-1.0194644409068544e-27,6.882924911432601e-21,-2.3473960987084703e-21,0.0042289319277494545,-0.0025014207241679082,0.0007988990254578752,2.2091493563807453e-19,1.42309498752991e-19,1.7942269609332695e-18,-0.25257050319361474,0.06023959864500178,6.847700396501327e-10,-7.612944054229913e-25,1.290237041762325e-20,3.449924326448585e-21,-1.7767656989175878e-06,6.847700404191506e-10,0.06023960062548421,4.802456343088884e-25,-5.565924257471843e-21,4.641431678328802e-21,-6.285180254794738e-06,2.870252816875581e-23,-4.057805315423471e-24,0.0028199540850662734,1.165789177312298e-16,5.468738726039825e-16,2.3559940274362362e-26,1.3308119406528067e-20,-5.435503014299553e-21,1.1657891773121968e-16,0.0007064850437916272,-2.2798010635940312e-20,2.1306168443493175e-24,3.449928218637204e-21,4.641419911962294e-21,5.46873872604023e-16,-2.2798010635975346e-20,0.000706485043791627,-1.9028908404197544e-25,-1.7767656989175878e-06,-6.285180254794738e-06,5.400600796238497e-28,2.1334630988372698e-24,-2.289348431333206e-25,0.0354450437822158
1774036470357373571,412,1774036470305807590,center_camera,base_link_12,-0.5015000952709198,0.47374995237650824,-4.427423956281784e-19,0.0,0.0,0.5890612502336774,0.8080883884038533,0.0041993225655329244,-7.88565210770244e-19,3.5917410051093496e-26,3.3772686397387825e-15,-6.197155637776384e-18,1.365185705807907e-13,-7.885652366196381e-19,0.004199322565532926,-3.882154790873807e-27,-3.4370913904901545e-15,-8.75813585681105e-18,-1.0196475691725588e-13,2.806868942748113e-26,-4.052259568020396e-27,0.005038787277581565,4.531970716405486e-14,1.554742418686328e-13,-1.104153322910282e-25,3.377268640018033e-15,-3.4370913905260903e-15,4.531970713758508e-14,0.002520392576785898,2.624018437514995e-15,2.2553667322991402e-21,-6.19715531179168e-18,-8.758135873573636e-18,1.5547424181569324e-13,2.62401843111626e-15,0.0025203925767859755,1.6717294798711862e-21,1.3651857068666982e-13,-1.0196475670549765e-13,-1.104151147351593e-25,2.2553667496271216e-21,1.6717295028869923e-21,0.005038787317144339,-0.002298334066830877,0.0004289958395472454,4.182692923064078e-19,2.74466984269977e-18,1.768272225652324e-18,-0.23848097822055608,0.059202755651497664,6.684219579910209e-10,-3.9743638399548317e-25,7.154001915625129e-20,-7.466666355386888e-21,-1.7840940086379726e-06,6.684219579618474e-10,0.05920275761211836,8.716933866593886e-23,8.803310169729244e-20,-6.646627406481386e-21,-6.2610260592547024e-06,-2.074928158147756e-22,6.156925865589875e-22,0.003359857589503315,3.186118717140031e-16,1.0930474586271917e-15,-1.312945386894792e-26,7.091463922382979e-20,8.812933133192142e-20,3.186118717139951e-16,0.0008414604161395822,-7.310770684737847e-20,1.1994722388767965e-23,-8.005456781827292e-21,-6.819787304063596e-21,1.0930474586271702e-15,-7.310770683672051e-20,0.0008414604161395818,6.72878723322189e-26,-1.7840940086379722e-06,-6.261026059254701e-06,-8.853139290070106e-27,1.1957937814917396e-23,1.1015974576713601e-25,0.03514681356175785
1774036470424067793,413,1774036470379436255,center_camera,base_link_12,-0.501500017961776,0.47374996520272555,9.329571181239594e-20,0.0,0.0,0.5890618060672125,0.808087983225115,0.00368343253873197,-4.1766149538104377e-19,2.575969278752725e-26,6.1262046622719865e-27,6.753222492653932e-27,1.0372942565489609e-13,-4.176644809860672e-19,0.003683432538731971,-1.4743227411808918e-26,-9.442382140114138e-23,-1.646926289652289e-24,-5.62733770693111e-14,8.249870332835223e-27,-1.470231107828866e-26,0.004419719245780424,1.7413560086516043e-14,1.0441549084313435e-13,4.460653487030207e-26,-2.040892832984661e-27,-9.444015624529818e-23,1.7413560073281153e-14,0.0022108587312102135,-3.4482636448726525e-18,-5.730988111139563e-25,5.82168143805192e-28,-1.663261180801778e-24,1.0441549084313435e-13,-3.4482636449736267e-18,0.0022108587312101953,3.4999798369216494e-25,1.0372942565489609e-13,-5.62733770693111e-14,4.4608157362646213e-26,-5.73219891308837e-25,3.4999697323533256e-25,0.004419719267483227,-0.0022801378048619065,0.00041889770225500794,-1.1824951621721136e-18,1.0181909448601422e-18,9.547493060725897e-19,-0.22978679956086012,0.059876354210582634,6.496377027334433e-10,2.6759165044020576e-24,1.5946101621273834e-19,3.4305588547135165e-21,-1.706788190450893e-06,6.496377020506003e-10,0.0598763561711537,-4.4591372837282346e-24,3.356446879594501e-19,5.62963184963475e-21,-6.178447017974194e-06,-1.0206173120294376e-22,4.0816182481515807e-22,0.0029471456649058335,9.421583108502408e-17,5.649370101920903e-16,5.880533991373917e-30,1.594610172709052e-19,3.356446878324407e-19,9.421583108501659e-17,0.0007382830741510335,-1.8635109204634203e-20,2.260610970034828e-25,3.3656092010633013e-21,5.831697352401635e-21,5.64937010192101e-16,-1.8635109204633517e-20,0.0007382830741510334,5.697244233197353e-26,-1.7067881904508935e-06,-6.1784470179741935e-06,1.8261883180847606e-28,2.0050323796474325e-25,5.4989244623396205e-27,0.03533798989777901
1774036470524044042,414,1774036470462845564,center_camera,base_link_12,-0.5015000220913713,0.47374995669343833,1.3405856305273044e-19,0.0,0.0,0.589061503116146,0.8080882040634838,0.004172464740312127,-6.799663612834733e-19,8.198979604159812e-27,4.639062634033528e-18,-9.278125651739798e-18,1.277449673142304e-13,-6.79959769687967e-19,0.004172464740312126,-1.546384958503182e-26,8.678717559283336e-18,-1.7357434980864742e-17,-7.020094632692467e-14,7.121407326295663e-29,9.709268708383087e-28,0.005006557884662413,2.1761501105490697e-14,1.3045777296929155e-13,9.123886195370206e-26,4.6390629283214155e-18,8.678717593615264e-18,2.1761501079020918e-14,0.0025042779260040404,-4.735271084703681e-18,-3.3986936084897455e-21,-9.278125651738231e-18,-1.7357435272702032e-17,1.3045777296929155e-13,-4.735271084703681e-18,0.002504277926004014,-7.31034188067602e-21,1.277449673142304e-13,-7.020094632692467e-14,9.124068911106049e-26,-3.3986934534809136e-21,-7.310341871733399e-21,0.005006557920438171,-0.0022017623231658416,0.00039860727556413817,-5.697759615926253e-19,-1.6796643724858703e-18,1.5979445054844247e-18,-0.21767511137214512,0.05920874349290641,6.124082434634994e-10,2.593922204304731e-24,1.3347757328331573e-21,-1.8581794905250377e-21,-1.6069245476456028e-06,6.124082430049228e-10,0.05920874541888298,-3.7071582928980085e-25,1.0416599200228435e-21,3.619893194074955e-22,-6.094217380130729e-06,8.68899668667828e-22,8.264233366728124e-22,0.0033383713533011302,1.5105528034921755e-16,9.32004935987902e-16,-1.121105306010522e-25,1.8472667317759186e-21,1.206412382605297e-21,1.5105528034919135e-16,0.0008360890283190275,-3.282494872432788e-20,-2.3509268820298523e-25,-2.370659796604252e-21,1.972615707175602e-22,9.32004935987731e-16,-3.2824948724337616e-20,0.0008360890283190273,-4.789244966165244e-25,-1.6069245476456037e-06,-6.094217380130729e-06,4.820028027729608e-28,-2.2652771256541668e-25,-4.222489239386203e-25,0.03514366782259916
1774036470590737313,415,1774036470540860176,center_camera,base_link_12,-0.5015000179860466,0.4737499647118866,5.617382669740174e-19,0.0,0.0,0.589061848473346,0.8080879523128437,0.0039027299498700036,-4.586441588299835e-19,-8.565909199028329e-26,1.8825495683940208e-17,-1.4119214530618192e-17,1.0271254396699246e-13,-4.58647144435007e-19,0.0039027299498700044,-1.6793216671244377e-25,3.544882747122331e-17,-2.6587890582515827e-17,-5.93286101928599e-14,8.796491189455797e-26,1.8729293551027775e-25,0.0046828761328189875,2.1326222017673925e-14,1.0673221859810347e-13,-4.295979415626785e-26,1.8825495682328562e-17,3.544882747121843e-17,2.1326222004439035e-14,0.0023424371689781147,-3.4612436201663474e-18,3.2419565766644524e-21,-1.4119214276678458e-17,-2.6587890598930112e-17,1.0673221859810347e-13,-3.4612436201663474e-18,0.002342437168978099,-2.43146738236808e-21,1.027125441787507e-13,-5.93286101928599e-14,-4.3002190210975233e-26,3.241956572385575e-21,-2.431467368306598e-21,0.004682876157371659,-0.002167235616789206,0.0003863948339118393,-1.3777769451103897e-18,3.582257364395196e-19,-1.7914620230166478e-19,-0.20875222981470085,0.05963486611610688,5.890537441444357e-10,5.8796689744506205e-24,1.891566831681382e-21,-5.7763099017643e-22,-1.5322189019992638e-06,5.890537435550381e-10,0.05963486802397903,-5.310545162300519e-25,-3.296277203083322e-22,9.3165055524671e-23,-6.005173567017678e-06,1.5215692766907511e-22,-4.556212025297112e-22,0.003122583585991124,1.0491094245085807e-16,6.483063554028215e-16,5.0683788468897455e-26,1.960344210885808e-21,-5.435986269008996e-22,1.0491094245090735e-16,0.0007821425322957792,-2.0980528660764165e-20,2.1506424163731654e-25,-5.776343028984495e-22,9.317823113840601e-23,6.483063554030732e-16,-2.0980528660735174e-20,0.000782142532295779,-1.6765834326914254e-25,-1.532218901999264e-06,-6.005173567017678e-06,6.295431260047965e-28,2.416876635258935e-25,-1.8122108024900788e-25,0.035263320327534625
1774036470657404167,416,1774036470615896225,center_camera,base_link_12,-0.5015000181278734,0.4737499643250787,1.1228702074724544e-18,0.0,0.0,0.5890618663285007,0.8080879392971928,0.0037538017385363998,-4.928224087106679e-19,3.4690035792370774e-28,-8.284465094841062e-18,4.142159824394655e-18,1.0644187788546e-13,-4.928160239103148e-19,0.003753801738536399,1.6990400321175876e-25,-1.5680572399407164e-17,7.840259638272165e-18,-5.664157969744414e-14,3.526400421796768e-28,-1.860956688441779e-25,0.0045041622929010575,2.1229591744662435e-14,1.0386784015583986e-13,-1.3564969861882286e-29,-8.284464945930884e-18,-1.5680572088045213e-17,2.1229591731427546e-14,0.0022530801870040067,-2.775680378535382e-15,-3.881783336326994e-21,4.142159691012404e-18,7.840259638300669e-18,1.0386784015583986e-13,-2.7756803756450966e-15,0.002253080187003902,-9.508894952803003e-23,1.0644187799133912e-13,-5.664157969744414e-14,-1.2935981174489534e-30,-3.8817833346721716e-21,-9.50889572700021e-23,0.004504162318962368,-0.002125809399637664,0.0003735605786605031,1.5038799483954599e-19,2.653956023728375e-19,3.0469081628793458e-18,-0.2002583265483988,0.05986716281833325,5.626018474261801e-10,-1.0687930493055622e-24,-4.02650954846369e-21,2.636090456057951e-21,-1.4579752678904603e-06,5.626018470400245e-10,0.0598671646902916,-4.470879176870057e-25,7.189865331625376e-22,-4.450014555232125e-22,-5.8915673217252576e-06,-1.054692277712508e-24,-4.430165781051875e-25,0.003003440991632982,9.724632472209843e-17,6.056080235689516e-16,6.168105844133628e-28,-3.583948202931243e-21,8.612482919006092e-22,9.724632472210369e-17,0.0007523566526212021,-1.8326391078510176e-20,-1.5090431019187933e-25,2.7072222624486112e-21,-6.662978502728189e-22,6.056080235690681e-16,-1.8326391081973242e-20,0.0007523566526212022,1.070987147425106e-26,-1.4579752678904608e-06,-5.891567321725257e-06,-1.9077180313991784e-28,-1.4714407500503386e-25,2.5088913386199063e-27,0.035329236874488426
1774036470757666658,417,1774036470698905945,center_camera,base_link_12,-0.5015000199064701,0.4737499604869887,-1.1124962503086221e-18,0.0,0.0,0.5890617481700293,0.8080880254296984,0.00415248527492025,-6.199108774630155e-19,-7.65966546919425e-28,1.2927375549944961e-17,-4.3091251009423785e-18,1.1684773206434594e-13,-6.199173785856423e-19,0.004152485274920251,-6.3446449117406585e-28,2.4634786507236738e-17,-8.211445589901257e-18,-6.3214180238421e-14,-6.764298606794386e-28,-1.2820896124698814e-27,0.004982582525065839,1.5293993159889545e-14,1.2579562908870452e-13,4.97469421436316e-25,1.2927375542161044e-17,2.4634786509737165e-17,1.5293993146654655e-14,0.0024922902651032704,2.669849345117153e-15,4.50524464759525e-22,-4.309125228670416e-18,-8.21144557183288e-18,1.2579562908870452e-13,2.6698493451173548e-15,0.002492290265108777,-1.5091506186576195e-22,1.1684773227610418e-13,-6.3214180238421e-14,4.97475263928312e-25,4.505245989286072e-22,-1.5091507043342491e-22,0.0049825825592214055,-0.0020506869455183853,0.0003553061055795892,8.43452959033067e-19,8.8172471707576e-19,1.7381196680986724e-18,-0.18998656918754714,0.05934265349223381,5.27512594282659e-10,-4.541102709814162e-24,4.071649051968047e-21,-1.592667492338721e-21,-1.3768041512898536e-06,5.275125937652983e-10,0.059342655309438365,4.144881885618148e-25,-6.814455150101043e-22,2.888766952947357e-22,-5.786914169288271e-06,5.349823527397073e-25,-1.528097796498495e-23,0.0033223877909532404,1.3159174760038895e-16,8.384492720181488e-16,-4.506068469554214e-27,3.489179533619654e-21,-5.918372839770411e-22,1.3159174760041124e-16,0.0008320932089361364,-2.6637607735624977e-20,-2.316227965919159e-25,-1.5120156339393453e-21,3.795854404777215e-23,8.384492720179995e-16,-2.6637607735646966e-20,0.0008320932089361363,7.7896979918435e-26,-1.3768041512898528e-06,-5.78691416928827e-06,3.8649321517245227e-28,-2.353575803311522e-25,8.016296628190716e-26,0.03517736647516383
1774036470824057517,418,1774036470777094364,center_camera,base_link_12,-0.5015000166318477,0.47374996694082083,-6.591855208428236e-19,0.0,0.0,0.5890620080651272,0.8080878359771789,0.00391142030453282,-4.398092950562423e-19,2.1114598653503996e-28,8.605865728407691e-18,-1.7211268622595648e-17,9.336561692096243e-14,-4.398062836018247e-19,0.0039114203045328205,-1.6980034621127658e-25,1.648275819288143e-17,-3.29660191268256e-17,-5.2495203178165323e-14,2.4206268677782486e-30,1.8721172849135979e-25,0.004693304558587123,1.158473443843264e-14,1.0395438855302221e-13,3.9576290340859294e-26,8.605865866702598e-18,1.6482758206136487e-17,1.158473442519775e-14,0.0023476513774676705,-2.7778232820965927e-15,-1.3558642591028277e-21,-1.72112686225956e-17,-3.2966019113594346e-17,1.0395438855302221e-13,-2.7778232820966937e-15,0.002347651377455869,-5.505409778934291e-21,9.336561702684155e-14,-5.2495203125225764e-14,3.956164618890572e-26,-1.3558641291598083e-21,-5.505409533567108e-21,0.004693304583506538,-0.002010303563196344,0.00034328259617826196,5.484445773084697e-19,-6.650100563972588e-19,-2.735308288419636e-18,-0.1821222200042028,0.05972309953212425,5.034528249948389e-10,-1.1044925251310682e-24,-8.69307181507168e-22,-1.7843862746971966e-21,-1.3127993923235821e-06,5.034528251054972e-10,0.05972310131171917,4.6601985192785715e-25,1.6143565433527458e-22,2.935826142577389e-22,-5.681646282280916e-06,-5.45728973391223e-24,1.3960023587231277e-23,0.0031295358674041287,9.53614345884383e-17,6.095698646036247e-16,-1.3071705567886727e-26,-3.683906836982284e-22,8.437981016587448e-23,9.536143458841985e-17,0.0007838805864938644,-1.7836460025100918e-20,-8.930726416918109e-27,-1.352826489859119e-21,4.322999955984991e-22,6.095698646036394e-16,-1.7836460025124463e-20,0.0007838805864938647,-2.0602125599594578e-25,-1.312799392323583e-06,-5.681646282280915e-06,-1.6670423671816345e-28,-3.329061224917644e-26,-2.0336677899639326e-25,0.03528496375412046
1774036470890737740,419,1774036470847329140,center_camera,base_link_12,-0.5015000156611225,0.47374996885459564,-4.510259719012425e-19,0.0,0.0,0.5890621010177461,0.8080877682186253,0.0035137380655095593,-4.122041906767708e-19,-9.358422009953549e-27,1.4140675058181193e-17,-7.070641696549416e-18,9.340201117384887e-14,-4.122073960016444e-19,0.0035137380655095567,-1.9367603538472014e-25,2.7253566283232332e-17,-1.3626954848009658e-17,-4.876592034637242e-14,5.7317368699423674e-27,2.063033063203497e-25,0.004216085893566751,1.8461315906971408e-14,9.300994212187752e-14,3.597586243059887e-29,1.4140675066953616e-17,2.725356601759856e-17,1.8461315906971408e-14,0.002109041989355876,2.773098305850468e-15,5.998170802587803e-21,-7.070641840073567e-18,-1.3626955128761584e-17,9.300994206893796e-14,2.7730983044085566e-15,0.002109041989355933,-6.3319461456308125e-21,9.340201117384887e-14,-4.876592034637242e-14,-2.336061959253512e-29,5.998170808124302e-21,-6.331945886391105e-21,0.004216085916430155,-0.001978300107659456,0.00033327621990097284,-1.5903078614993787e-19,8.455036542585284e-19,9.128593100332112e-19,-0.17560678763251536,0.06021845904832404,4.813383897893101e-10,3.94389290669387e-25,5.42847055003612e-22,1.3072579663202903e-21,-1.254129763375695e-06,4.813383900525594e-10,0.060218460783631314,-1.7812893655963122e-25,-1.0826758195518848e-22,-2.6223459449162653e-22,-5.553573865460549e-06,4.850007394444831e-22,-7.473735607366745e-23,0.002811390060380601,7.15479118069634e-17,4.57839660587731e-16,4.924116302203435e-26,7.514185458346399e-22,-4.1225684800198013e-23,7.154791180696606e-17,0.0007043439285402534,-1.1820604786055346e-20,3.978867515835094e-25,1.2737535346409414e-21,-1.5795710337555106e-22,4.578396605875896e-16,-1.1820604784533687e-20,0.0007043439285402534,-2.5154523566909137e-25,-1.2541297633756952e-06,-5.553573865460549e-06,2.495629918420017e-28,3.4785523156663577e-25,-2.7664432076331727e-25,0.03542733986106765
1774036470990681078,420,1774036470930329084,center_camera,base_link_12,-0.5017499559969443,0.47374996102529837,5.12927081780961e-19,0.0,0.0,0.5890618425468719,0.8080879566329919,0.0041519964735854675,-6.538078859354319e-19,2.212781918397041e-27,6.777120470352816e-28,-1.0022112882501383e-25,1.15728022694228e-13,-6.537941275953997e-19,0.004151996473585467,-1.2374657443106241e-26,1.4365190185995544e-27,-2.018910692680171e-26,-6.034718494080641e-14,-6.618648471066032e-27,1.3424442778127722e-26,0.004981995969879435,1.838609586077454e-14,1.2097530296988806e-13,-8.4957752317753e-25,6.777667208762107e-28,1.4361990554319499e-27,1.8386095854157094e-14,0.0024919969193665527,-3.453079232106943e-18,-2.230969621531283e-25,5.379303783718232e-26,7.374475916535039e-27,1.209753029169485e-13,-3.4530792322079174e-18,0.0024919969193665337,-2.5347271210644124e-25,1.1572802280010713e-13,-6.034718494080641e-14,-8.495338091943753e-25,-2.2310023203480796e-25,-2.5360939012854653e-25,0.004981996008815909,-0.0019897282294443703,0.0006301895255470791,-1.2921121575215715e-18,-4.321648025483808e-18,2.5378360685880682e-18,-0.16599506058390223,0.05924600904126674,4.4351118170746533e-10,6.374964867303155e-24,-2.6204500738240317e-21,1.1652112117327765e-21,-1.1798131529718377e-06,4.4351118113555606e-10,0.059246010693592865,-1.0149483259539669e-24,4.301254764904618e-22,-1.9373368904120558e-22,-5.42127674366065e-06,5.896562268819528e-23,-2.7959827073143743e-22,0.003321996716001416,1.2636239311984897e-16,8.31428738040673e-16,-3.926707899659733e-26,-2.620450022910256e-21,4.301254795882218e-22,1.2636239311986948e-16,0.0008319951858806993,-2.369858360650619e-20,1.8155649500759296e-26,1.4327381159017367e-21,-1.0773052861794153e-22,8.314287380405772e-16,-2.369858360648857e-20,0.0008319951858806997,-1.4737475859147603e-27,-1.1798131529718375e-06,-5.42127674366065e-06,3.8791797300370957e-28,1.1371451699660196e-27,-9.23391322404098e-28,0.03514835862910855
1774036471057358134,421,1774036471009549856,center_camera,base_link_12,-0.5015000762584283,0.47374996913545947,-4.081866466746651e-19,0.0,0.0,0.5890621415316109,0.808087738685715,0.003963037928222697,-3.939255606285317e-19,-9.284676344303379e-26,1.6296996971506312e-17,1.629735415395596e-17,9.099413261523894e-14,-3.939255606285317e-19,0.003963037928222698,-3.915077825062655e-27,2.309510619517412e-17,2.3094762229501804e-17,-6.027720392573721e-14,9.276783258188153e-26,-1.2673447440860144e-26,0.004755245705366885,2.9319365116462504e-14,9.820950220241559e-14,-2.2358495914002475e-25,1.6296996961771886e-17,2.3095106165288897e-17,2.9319365089992724e-14,0.002378621950682399,-5.07850513614472e-18,-1.820850076403323e-21,1.629735415394091e-17,2.3094762213052994e-17,9.820950214947603e-14,-5.0785078532593565e-18,0.0023786219506823822,-1.8204987857875906e-21,9.099413250935982e-14,-6.027720381985809e-14,-2.2354968626148316e-25,-1.820850199445214e-21,-1.820498785359485e-21,0.004755245730915547,-0.0018562169144396184,0.0003429356283471888,5.379328835119167e-19,2.2390078610608994e-18,-2.313495660288217e-18,-0.15895345203233624,0.05957976102870508,4.325370696146186e-10,-2.213836944854205e-24,1.8381091607052392e-21,1.863234878921896e-21,-1.1978413090110074e-06,4.325370695393021e-10,0.05957976263414743,1.1987086297697575e-24,-5.7678128119934795e-22,-5.823737134053378e-22,-5.331011370752576e-06,1.0467600035466534e-21,-1.73127838089503e-22,0.0031708299651001873,1.8363619997735847e-16,6.151277269193365e-16,-1.8565977306919138e-26,1.4722250387499108e-21,-9.348846877384404e-22,1.8363619997734146e-16,0.0007942041103494729,-3.1770631175656495e-20,-2.274582765919909e-25,1.8632353402280476e-21,-5.82373439110957e-22,6.151277269194791e-16,-3.1770631172237885e-20,0.0007942041103494728,-2.2345836446869434e-25,-1.197841309011009e-06,-5.331011370752576e-06,3.002766083830104e-29,-2.0899301218803887e-25,-2.0963699067837555e-25,0.035241711352596246
1774036471124079042,422,1774036471090363741,center_camera,base_link_12,-0.5015000165804315,0.4737499681025186,-3.464827978013058e-19,0.0,0.0,0.5890621217824134,0.808087753082053,0.004042693549603885,-4.479476730715587e-19,8.969198926148056e-26,3.924412147110488e-18,-1.1773236121915705e-17,9.520385904628027e-14,-4.479445582195645e-19,0.004042693549603883,3.6838154844034223e-25,7.323057662885951e-18,-2.196917243393931e-17,-5.123670454796402e-14,-9.648306906391097e-26,-3.9967434909448267e-25,0.0048508324534022205,1.2645503656190591e-14,1.0177463454889314e-13,4.2893667000393644e-30,3.924412025423762e-18,7.323057387975797e-18,1.2645503656190591e-14,0.0024264152817378157,-2.76075687580193e-15,-1.152215271542219e-21,-1.1773236259361788e-17,-2.1969172458244363e-17,1.0177463454889314e-13,-2.760756875802031e-15,0.0024264152817321427,3.456025678317767e-21,9.520385904628027e-14,-5.123670454796402e-14,-2.3562302070317448e-29,-1.1522152686036233e-21,3.4560256720550394e-21,0.004850832482531704,-0.0017976331181243338,0.000326522847823564,2.328976850716318e-19,-4.673186851714417e-19,-2.016975427092159e-18,-0.1516126262806411,0.05954509429191231,4.0683969187552407e-10,-6.743173154227899e-26,-1.5468975279472673e-21,-4.158146655862615e-21,-1.1437471237162855e-06,4.0683969233159734e-10,0.05954509583535872,-5.479956431596744e-25,4.973891401399774e-22,9.81440516607437e-22,-5.208577103802879e-06,-1.8481029971832595e-26,-5.474234305059484e-25,0.0032345544395644666,1.0816838743659635e-16,6.37534382376678e-16,6.047440387375517e-26,-1.4721335807814358e-21,2.6484640915393363e-22,1.0816838743661205e-16,0.0008101350681127382,-1.8635212159073516e-20,-2.4376133979221833e-26,-4.3906833364261e-21,9.066872082423906e-22,6.375343823764834e-16,-1.8635212159073215e-20,0.0008101350681127383,5.919315119765919e-26,-1.1437471237162855e-06,-5.208577103802879e-06,-1.969480942513343e-28,-2.391180229654915e-26,7.144296802261547e-26,0.035230482865336706
1774036471224082704,423,1774036471171386242,center_camera,base_link_12,-0.5015000157019122,0.4737499695887068,3.31970059266936e-19,0.0,0.0,0.5890621862249361,0.8080877061061496,0.0040531243750397405,-4.1396322256110747e-19,4.971785902950055e-28,7.725649276171998e-18,-1.545119237051742e-17,9.083669417781631e-14,-4.139601723325987e-19,0.004053124375039737,3.883990620586797e-27,1.452016623229576e-17,-2.904059671386043e-17,-4.852843041329156e-14,2.9051920985070876e-28,-1.1773108590756923e-26,0.004863349441229789,1.9551326005705222e-14,8.907484785983548e-14,-8.241906503778648e-31,7.7256491413514e-18,1.452016597950723e-17,1.9551326005705222e-14,0.002432673794232924,2.7844729437036904e-15,1.4986832217904653e-21,-1.545119264015857e-17,-2.904059671385987e-17,8.907484785983548e-14,2.784472942308328e-15,0.002432673794238625,-2.997346955133753e-21,9.08366940719372e-14,-4.852843046623112e-14,2.9232469895174333e-32,1.4986830959583417e-21,-2.9973469679541167e-21,0.004863349469379377,-0.0017420508659612775,0.0003111590017885615,3.950016322769807e-19,8.122739500040532e-19,1.833987974860283e-18,-0.1447104674918125,0.05960579037912738,3.826447167529107e-10,-1.177846620258288e-24,6.457029717141426e-22,-6.385232983712489e-22,-1.0924844070913648e-06,3.826447169404666e-10,0.05960579186164931,4.509886377440896e-25,-7.858791869196147e-23,1.2338058325344507e-22,-5.086971268111376e-06,4.808125035062735e-22,1.7116782291661106e-22,0.0032428991085173245,1.0193573262960136e-16,6.096889439146055e-16,1.863224312724958e-27,6.457198420344034e-22,-7.859095212681095e-23,1.0193573262963547e-16,0.0008122213048330587,-1.7139518680619154e-20,-9.38069305144177e-26,-6.38518490864052e-22,1.2336531359865476e-22,6.096889439146916e-16,-1.7139518678747436e-20,0.0008122213048330588,1.371343901334738e-25,-1.0924844070913652e-06,-5.086971268111376e-06,5.078657607228518e-29,-6.795361130316146e-26,1.3713463264028695e-25,0.03524707648559436
1774036471290687543,424,1774036471254873276,center_camera,base_link_12,-0.5017499597064903,0.47374996983738765,9.512519142861063e-19,0.0,0.0,0.5890622073965887,0.8080876906728987,0.00417635102308897,-4.1411438981805154e-19,8.66200865233323e-26,1.1530599367433087e-17,1.5374626246429067e-17,8.995404868320677e-14,-4.14114383355703e-19,0.00417635102308897,6.813003385211102e-27,2.1829738528895005e-17,2.910801112039751e-17,-4.4206817017967254e-14,-9.453751735291732e-26,-2.971615781886637e-28,0.005011221413951081,1.9240290676738666e-14,9.672660193929484e-14,-1.2636546282711309e-24,1.1530599234357978e-17,2.1829738243692933e-17,1.9240290676738666e-14,0.0025066097829742778,-2.7596934234459218e-15,-6.211376095015335e-21,1.537462625369487e-17,2.910801109636924e-17,9.67266019922344e-14,-2.759693423445821e-15,0.002506609782962896,-3.9355429725904124e-21,8.995404868320677e-14,-4.4206816965027695e-14,-1.2636646728319116e-24,-6.2113760955806105e-21,-3.93554297394095e-21,0.005011221443618152,-0.0017696853260374637,0.0005722088126930383,-7.411203875910989e-19,3.7198985488943255e-19,1.883968133211685e-18,-0.13774941600367105,0.05951782393317964,3.578967172292408e-10,3.249829934285865e-24,5.858682209583088e-22,5.1107495577422175e-21,-1.0421799932750675e-06,3.5789671788845946e-10,0.05951782535083508,-1.5760583263389772e-25,-7.687990493070856e-23,-9.481582556520148e-22,-4.966895515616692e-06,-4.36624636661254e-22,-1.4155576400594585e-22,0.0033414804247496373,1.0603207576494648e-16,6.450158131350291e-16,6.439526772032038e-28,5.105471353629441e-22,1.5750908197864066e-22,1.0603207576493355e-16,0.000836866642357852,-1.7804032219003925e-20,-1.4515889726429582e-25,4.951700143072324e-21,-1.257889436628417e-21,6.450158131349617e-16,-1.7804032219018926e-20,0.0008368666423578527,-1.5571204275536623e-26,-1.0421799932750688e-06,-4.966895515616692e-06,-1.547610496626946e-28,-1.6269041884334508e-25,-4.503059758209044e-26,0.03522134027150332
1774036471390927832,425,1774036471331136465,center_camera,base_link_12,-0.5015000737550732,0.4735000290860472,1.2033924469379822e-18,0.0,0.0,0.5847103036927483,0.8112421714602452,0.003815158804162686,-3.0452316916546157e-19,-8.854985024032376e-26,-1.884770038382496e-17,-4.7118723528977065e-18,7.968473568602263e-14,-3.0451718503071763e-19,0.0038151588041626877,1.690144951147661e-27,-2.6376197104971942e-17,-6.593996219848083e-18,-5.970789502949791e-14,1.0044411895730485e-25,1.952260348284073e-27,0.0045777907604514795,2.973215514865743e-14,8.329816151010877e-14,5.038675895593741e-25,-1.8847700377398482e-17,-2.6376197383608778e-17,2.973215514865743e-14,0.0022898944834040874,2.8341421230651517e-15,5.288699321998676e-21,-4.7118720824685746e-18,-6.5939965049152635e-18,8.329816151010877e-14,2.8341421230649498e-15,0.002289894483409873,1.3220045415001308e-21,7.968473568602263e-14,-5.970789497655835e-14,5.038803957592693e-25,5.288699454001363e-21,1.3220045612978623e-21,0.004577790783968581,-0.0018946828865239777,0.00021670921477423452,1.6152094360904092e-18,3.4976236232512333e-19,-1.157493148059634e-18,-0.1378754525041844,0.06000912698235088,3.475701662351007e-10,-5.085918238676001e-24,-3.7231539920426934e-21,-2.790913447308664e-21,-1.0555537467086492e-06,3.4757016615241607e-10,0.0600091283484178,1.4867289294036181e-24,9.635602831793482e-22,5.817429083224688e-22,-4.859699541107207e-06,-5.097736876203529e-24,1.490451699350632e-24,0.0030525266717082644,1.4903069763138996e-16,4.835054085050442e-16,4.1297450788558503e-26,-3.655461885915098e-21,7.530106790623828e-22,1.4903069763142918e-16,0.0007646283071260544,-2.2090087681067978e-20,1.5383824494124025e-25,-3.0014580319950348e-21,5.14081856698712e-22,4.835054085050698e-16,-2.209008768107452e-20,0.0007646283071260542,3.682395589897074e-26,-1.0555537467086488e-06,-4.859699541107207e-06,5.761638394184866e-28,1.7947184912861045e-25,4.481883396209168e-26,0.03536275262101521
1774036471457516900,426,1774036471410403013,center_camera,base_link_12,-0.5015000151669772,0.4734999664445389,-8.166418316612704e-19,0.0,0.0,0.5847093613465105,0.8112428506641867,0.003965326694449752,-3.8706363862065832e-19,-9.309246039159012e-26,-1.3300827924990737e-17,3.3251408426667393e-18,9.986411753740582e-14,-3.870636321583098e-19,0.0039653266944497546,-1.9809526251251719e-25,-2.8631505125010026e-17,7.157836778724315e-18,-4.6912304943638836e-14,1.0009935452603105e-25,2.131183323217023e-25,0.004757992234258373,6.504367411481536e-15,1.0118434708177008e-13,4.04283071937616e-32,-1.3300827924992202e-17,-2.863150510716806e-17,6.504367418098981e-15,0.0023799951355157954,2.7092841377346074e-15,1.0734805501467602e-22,3.32514083899506e-18,7.157836493172554e-18,1.0118434713470963e-13,2.709284137734557e-15,0.0023799951355213214,-2.6874671436377257e-23,9.986411753740582e-14,-4.691230483775972e-14,1.4127741450431844e-31,1.073480556423642e-22,-2.6874664843365634e-23,0.004757992264596691,-0.0018179971244458896,0.00020625472483049975,-7.76394420553709e-19,-1.573860603371295e-18,-3.9765306350329963e-19,-0.13149243993967472,0.05981969198995411,3.222782820713064e-10,3.662213747428365e-24,-3.5330432453540886e-22,1.2151175833415891e-21,-9.83057497006909e-07,3.222782819149533e-10,0.05981969330319801,1.984620307303279e-25,-4.462969474076331e-22,-2.645210176075265e-22,-4.780339055304737e-06,3.629607893985886e-24,1.967370075914581e-25,0.0031726609397961327,6.508609216361088e-17,6.343765405676989e-16,-2.6575066790237556e-28,-3.533049473408197e-22,-4.462972899202577e-22,6.508609216361548e-17,0.000794661556725672,-1.1560607895376079e-20,-9.786908332600058e-26,1.1755612047935579e-21,-1.4579464153791792e-22,6.3437654056775315e-16,-1.1560607895384063e-20,0.000794661556725672,1.3491463322272046e-26,-9.830574970069089e-07,-4.780339055304737e-06,-2.0702789355787922e-28,-9.786280911295399e-26,2.4692108966389356e-26,0.0353106795139026
1774036471523964231,427,1774036471490880251,center_camera,base_link_12,-0.5015000138606974,0.47374991108171716,8.420567986373128e-19,0.0,0.0,0.5890614344358587,0.8080882541284513,0.00402586119800331,-3.478349793488946e-19,5.984045898990434e-27,8.53056834965589e-26,6.725961346783839e-18,9.379787710394585e-14,-3.4783810066323727e-19,0.004025861198003311,1.7862962536219437e-25,-2.9707502324822846e-28,1.4502186276220377e-17,-4.390914338228073e-14,-5.820328084070733e-27,-1.933061685796581e-25,0.004830633631744699,9.67631706942033e-15,9.08945362578393e-14,-1.2617593162702922e-30,-4.852864909779104e-26,-2.9434635441827485e-28,9.676317076037776e-15,0.0024163158713870407,2.78811259538462e-17,-3.5544201669894503e-29,6.7259613467846884e-18,1.4502186001432353e-17,9.08945362578393e-14,2.7881125953896687e-17,0.0024163158713814367,1.9240741001349225e-21,9.379787710394585e-14,-4.390914338228073e-14,-1.0959648422817003e-29,8.812593541638538e-29,1.9240741063335915e-21,0.00483063366066635,-0.0014726154713168471,0.0002888219049127166,-1.0097105408761074e-18,7.590089794283803e-19,-8.53224592818915e-19,-0.11933143778564316,0.05977868242508655,2.991434671440014e-10,3.3574386015284426e-24,2.6762069465155695e-21,6.269493056935847e-22,-9.175699669165582e-07,2.991434668564448e-10,0.059778683687447945,-1.8037389694625916e-25,-2.773592554070655e-22,-7.441971763978847e-23,-4.698664984607567e-06,3.373310778517898e-24,-1.7566802787674445e-25,0.0032210885587989177,6.253830038316657e-17,6.130047730839219e-16,5.275106222184466e-26,2.7148135169668867e-21,-3.931780921940094e-22,6.253830038316526e-17,0.0008067686000154268,-1.0926430687151884e-20,-1.1718238086614438e-27,6.2696495905726015e-22,-7.44144744450831e-23,6.130047730838859e-16,-1.092643068717611e-20,0.0008067686000154269,1.1591620034808207e-25,-9.175699669165577e-07,-4.698664984607567e-06,1.3230820192477418e-28,-9.954140491621562e-29,1.1591625573272657e-25,0.03530023273606816
1774036471624022877,428,1774036471568887472,center_camera,base_link_12,-0.5015000129115706,0.4737499759729488,-6.615807265140216e-19,0.0,0.0,0.5890624172024798,0.8080875377331169,0.0039023603796110766,-3.122133445357449e-19,-4.7384963326067166e-26,6.219518548807039e-18,-6.219479127934769e-18,7.22741942494473e-14,-3.1220719237993903e-19,0.0039023603796110758,-8.242120738045867e-26,1.1308959951281234e-17,-1.1309528974509737e-17,-3.981124753489184e-14,4.801170146947955e-26,9.006828154435912e-26,0.004682432652451304,1.3554933986953539e-14,7.347460690707637e-14,6.296170061392974e-26,6.219518687897308e-18,1.1308960229462033e-17,1.3554933967101204e-14,0.0023422153958948468,-2.7914674679931087e-15,4.0698211072839365e-21,-6.219478856580638e-18,-1.1309528974519473e-17,7.347460680119726e-14,-2.791467470795597e-15,0.002342215395889154,-4.0698624885665385e-21,7.22741942494473e-14,-3.981124748195228e-14,6.296415910624155e-26,4.069821168047892e-21,-4.06986247752952e-21,0.004682432678898832,-0.0014273593942600335,0.0002747437029260199,1.4945108003583963e-18,5.001965836704074e-19,-1.520665238062516e-19,-0.11424772634585567,0.05997105666213621,2.8005776724422774e-10,-3.787190664522166e-24,9.20102295990305e-22,-2.2320167317694852e-21,-8.814058542731822e-07,2.8005776759058827e-10,0.0599710578568876,6.171377517113072e-25,-1.7720338582173745e-22,3.079356013343752e-22,-4.5406344227144654e-06,6.794968654455759e-23,-2.2259874028997775e-22,0.0031222879141276105,8.231537068031994e-17,4.461826895499115e-16,3.826657666153706e-27,1.1789386644649409e-21,-2.1702184386817434e-22,8.23153706803302e-17,0.0007820684922915961,-1.1001245337232952e-20,6.40228382695031e-26,-2.2320213572415423e-21,3.0794994113590654e-22,4.461826895499859e-16,-1.1001245333715622e-20,0.0007820684922915965,-2.660043744392626e-26,-8.814058542731823e-07,-4.5406344227144654e-06,3.755897639404636e-28,6.412468386120705e-26,-6.420613624245099e-26,0.035356896941275986
1774036471690662562,429,1774036471654823065,center_camera,base_link_12,-0.5015000138332614,0.4737499740169621,1.6845413243251633e-19,0.0,0.0,0.5890623604268364,0.8080875791202115,0.004298778944734892,-3.666248393274341e-19,6.424430657930404e-29,1.2809947554694302e-17,9.607725175487355e-18,7.786089714421462e-14,-3.6662483286508556e-19,0.0042987789447348915,-1.6929022783418086e-28,2.3501166499916132e-17,1.7625451598707494e-17,-4.2460560923715784e-14,-2.683626915443937e-28,-4.897215610784738e-28,0.005158134918573155,1.0697945079974118e-14,8.505717317939206e-14,-3.9345552551392473e-32,1.2809947424479061e-17,2.3501166239485645e-17,1.0697945073356673e-14,0.002580066499565116,-2.7199238932263018e-15,3.3483137521349792e-21,9.607725179364209e-18,1.7625451328668613e-17,8.505717317939206e-14,-2.7199238946717474e-15,0.0025800664995539596,5.063399705871553e-21,7.786089714421462e-14,-4.246056097665534e-14,9.44446199109604e-31,3.3483136866327913e-21,5.063399840964891e-21,0.005158134952416185,-0.0013606001263110703,0.00025670047434017207,-3.455199653687416e-19,2.539099490168564e-18,2.3392181465097043e-18,-0.10821153434023134,0.05944627574202998,2.572504877174913e-10,1.012379620727883e-24,1.3821979023585622e-21,2.7613156333201495e-21,-8.437467275446058e-07,2.5725048805199563e-10,0.059446276855589314,-3.369047160892595e-25,-2.5349970116832783e-22,-5.354414700583828e-22,-4.380836199362191e-06,1.0306008158564058e-24,-3.4626606721869995e-25,0.0034394227409079237,1.0773539251989827e-16,5.979090102202449e-16,-3.1507020422443544e-26,1.3822178184774983e-21,-2.535027161674011e-22,1.0773539251985801e-16,0.0008613520876415286,-1.5269135932122098e-20,6.147990664774856e-26,3.0513531486530446e-21,-5.80053315047265e-22,5.979090102200171e-16,-1.5269135929847762e-20,0.000861352087641529,1.6164168252593576e-25,-8.437467275446058e-07,-4.380836199362191e-06,2.6094017385815697e-28,5.853774468077012e-26,1.5877423387070378e-25,0.035207611815712136
1774036471790666020,430,1774036471730464697,center_camera,base_link_12,-0.501500010795317,0.4737499796332964,1.0614224066020791e-18,0.0,0.0,0.589062545742126,0.8080874440330116,0.0037840809589027545,-2.301783147465607e-19,-2.3409640135983896e-27,-3.1905929640728436e-27,-2.1453960050819157e-27,6.144154028547242e-14,-2.301783147465607e-19,0.0037840809589027562,-8.639209687438871e-26,-1.7029820722842226e-25,-4.956765615750785e-28,-3.3259987989021054e-14,3.491461605320385e-27,9.78484656751434e-26,0.004540497343350283,1.0975430009617638e-14,6.154240983927091e-14,-1.769218877682435e-25,7.955407415832883e-28,9.278857598253396e-26,1.0975430016235083e-14,0.002271247800323466,-1.3477845019663904e-18,-1.9405496940327443e-25,1.8404856734569253e-27,-2.2803999510332897e-27,6.154240989221047e-14,-1.3477871266896378e-18,0.002271247800323461,4.074502116286493e-26,6.144154028547242e-14,-3.3259987989021054e-14,-1.7694751019983342e-25,-1.9406059938857154e-25,4.074437732290642e-26,0.004540497365209813,-0.0013288344520993366,0.0002460559639619782,-3.8614547342680646e-20,2.128583299099723e-18,2.6704125264037193e-18,-0.10414231822187983,0.06010302157279914,2.427878062125366e-10,5.453021050047898e-28,-1.902084950864296e-21,-1.5961963026388127e-21,-8.113063005161362e-07,2.4278780602729436e-10,0.06010302263374833,2.248342536289685e-25,3.7205340406253636e-22,2.938683744199513e-22,-4.242307699472607e-06,2.9522541399926e-23,-4.315522854526311e-24,0.0030276644079793753,6.267641492205171e-17,3.5144477806016517e-16,-1.3771995520203603e-26,-1.9020972990591777e-21,3.7204964039424386e-22,6.267641492204673e-17,0.0007584128366595324,-7.687835642215438e-21,1.9799908918484138e-28,-1.3928803977207048e-21,3.592205547085372e-22,3.514447780601033e-16,-7.687835639308969e-21,0.0007584128366595322,-1.0580082266707387e-27,-8.113063005161361e-07,-4.242307699472606e-06,-1.8112803136448666e-29,1.9795230806537687e-28,1.4805025256456836e-28,0.035396444977446886
1774036471857430516,431,1774036471810398340,center_camera,base_link_12,-0.5017499525256593,0.47374997656019563,4.948142815275586e-19,0.0,0.0,0.5890624572411154,0.8080875085466048,0.00399868144960443,-3.0946709520854604e-19,4.9201855669147777e-29,1.057666683751074e-17,5.2882176673449034e-18,7.479076428760714e-14,-3.0947682104309207e-19,0.003998681449604429,-1.3320515875490958e-27,1.972888191116967e-17,9.86484442740538e-18,-4.2866774843571134e-14,4.8962845129941975e-29,-6.568505824197809e-27,0.004798017939938505,1.647544515043045e-14,7.222203597225863e-14,-3.3551425897802955e-25,1.0576666841229324e-17,1.9728881911169652e-17,1.647544516366534e-14,0.002400007980238277,-2.4289154205305863e-17,6.78788657328415e-21,5.288217671063487e-18,9.864844427405238e-18,7.222203597225863e-14,-2.4289152714674297e-17,0.0024000079802437265,1.2954222237719506e-21,7.47907643405467e-14,-4.2866774790631574e-14,-3.3551564649696206e-25,6.787886579298496e-21,1.295422223772059e-21,0.004798017971295182,-0.0013655339377044455,0.0005175548351776159,1.3513915285552544e-18,1.81482494635253e-18,-1.9116266705453233e-18,-0.09919968371611547,0.05981067814565479,2.2331300535348155e-10,-3.644190350266405e-24,1.8505395461273904e-21,9.323161738735643e-22,-7.732278020681126e-07,2.2331300556933505e-10,0.05981067913365977,5.989360360689033e-25,-3.389523653105933e-22,-1.7022472217681962e-22,-4.079405124685503e-06,4.810630951193986e-22,1.5639857166187809e-22,0.003199344739002125,8.04208710753307e-17,4.604418105485021e-16,5.726792149575858e-26,1.889450372030381e-21,-4.600076397364481e-22,8.042087107532148e-17,0.0008013324763198154,-9.974055005773295e-21,3.5721031926737875e-25,9.71226899339613e-22,-2.9127999389980575e-22,4.604418105485772e-16,-9.974055007858827e-21,0.0008013324763198151,1.2782601696969575e-25,-7.732278020681129e-07,-4.079405124685503e-06,-6.981744370574232e-28,4.000842760542244e-25,1.1420105103687107e-25,0.03531525884114465
1774036471924108067,432,1774036471885295153,center_camera,base_link_12,-0.5015000733238552,0.4737499797385351,-1.4079038619797241e-18,0.0,0.0,0.5890625619700695,0.8080874322035073,0.003746839931573911,-2.1533323387284684e-19,8.994801795488694e-26,1.1113040732773949e-17,-3.704408554257819e-18,6.105718722719452e-14,-2.1533011255850416e-19,0.0037468399315739127,9.459864583407907e-26,1.4027187163269195e-17,-4.6758260620913765e-18,-4.765246123237228e-14,-1.041732953015579e-25,-9.803667945170644e-26,0.004495808121254388,2.4092845816863006e-14,6.57079438085969e-14,1.2894481588600674e-29,1.111304073277744e-17,1.402718717842486e-17,2.4092845816863006e-14,0.0022489031239341707,-2.829881630623424e-15,-1.296700468715001e-21,-3.704408696411867e-18,-4.675826068676819e-18,6.570794375565734e-14,-2.829881629212663e-15,0.0022489031239397352,4.321672820287291e-22,6.105718722719452e-14,-4.765246123237228e-14,-1.0677833461983224e-29,-1.2967004679286504e-21,4.321672778543722e-22,0.004495808146053496,-0.0012404057915470508,0.0002353019736541057,-1.6868776727876014e-19,-5.108751992537661e-19,2.1508192437649316e-18,-0.09526453208599221,0.060143842826008646,2.157538758570641e-10,1.3467959732960473e-24,-5.7324026954147555e-22,-1.2430012594584863e-21,-7.988848825687323e-07,2.157538755925407e-10,0.06014384375929528,-4.787277525317818e-25,-8.307012619383244e-23,3.141281891646365e-22,-3.953655866486691e-06,-3.7619316340249234e-22,-3.6110186169473576e-22,0.002997871556755907,1.3487116956667744e-16,3.678258483542678e-16,-2.6891438016646436e-26,-3.565912000725507e-22,-1.343250994287702e-23,1.3487116956671154e-16,0.0007509643798604262,-1.5099354669310055e-20,-7.443878085636209e-26,-1.4248295683240449e-21,1.3615850724420265e-22,3.6782584835433336e-16,-1.509935467096633e-20,0.0007509643798604258,1.8160499005517648e-26,-7.988848825687324e-07,-3.953655866486691e-06,1.7764289300674887e-28,-7.603510541083819e-26,2.557899615901653e-26,0.035412256609955166
1774036472024020475,433,1774036471963115931,center_camera,base_link_12,-0.5015000114712107,0.47374997847198475,-8.83289615940575e-19,0.0,0.0,0.589062526921068,0.8080874577527893,0.003893038167127172,-2.6723832617206063e-19,4.9669386090543263e-26,-2.397846325743581e-18,4.795480993958385e-18,6.488420363211738e-14,-2.672383294032349e-19,0.003893038167127173,-5.862967696070879e-28,-4.423813770203671e-18,8.847627611235423e-18,-3.5211006172048914e-14,-5.491972591608909e-26,-8.10579739079121e-28,0.004671246006494762,1.19132173292411e-14,6.233782711334859e-14,9.854960012144556e-30,-2.3978463257426826e-18,-4.423813753800697e-18,1.1913217322623655e-14,0.002336622003677044,-2.1485814983447572e-17,-2.4298451205588717e-22,4.795480998508598e-18,8.847627467565519e-18,6.233782708687881e-14,-2.14858134779728e-17,0.002336622003682223,2.3363105218670547e-21,6.488420357917782e-14,-3.5211006224988473e-14,-5.7691040768426424e-30,-2.4298437696106817e-22,2.3363105924533185e-21,0.00467124603687997,-0.0011899868360766713,0.00022115646931996247,1.4570135272539766e-18,1.826842562585129e-18,-2.477283692830746e-18,-0.09092565867652568,0.0599377356172009,1.98555780927928e-10,-3.649974049272875e-24,-1.7867345986916516e-21,1.1687611644525192e-21,-7.599993219749454e-07,1.9855578064126937e-10,0.05993773648510389,1.199649912222828e-25,5.474992750121793e-22,-3.101088430491037e-22,-3.797850282267177e-06,-1.8594888324013605e-23,-4.688528784042678e-24,0.003114830111423911,7.198768709135757e-17,3.999030195745323e-16,7.668709289482024e-27,-1.547832556013047e-21,6.242896611392984e-22,7.198768709134637e-17,0.0007802037831036188,-8.143201477173532e-21,2.0227487303049914e-26,9.298662685404607e-22,-3.8689659597806007e-22,3.9990301957451683e-16,-8.143201479196656e-21,0.0007802037831036188,2.929832112571476e-26,-7.599993219749457e-07,-3.797850282267177e-06,4.072875402143987e-29,2.1315183631950846e-26,3.1980774650037587e-26,0.035355848435842545
1774036472090846340,434,1774036472045470953,center_camera,base_link_12,-0.5015000110406921,0.47374997905772603,1.9553859447264434e-18,0.0,0.0,0.5890625467702001,0.8080874432835878,0.004119750426122987,-2.5202525332333722e-19,6.84732697389918e-28,5.0272720978667734e-18,-5.026928163274499e-18,5.902536810963857e-14,-2.520315347261138e-19,0.004119750426122987,8.448175088705451e-26,9.361238194988362e-18,-9.360881218756912e-18,-3.142638268087517e-14,6.841888177828886e-28,-9.658025601559244e-26,0.00494330070378277,1.531279999123611e-14,6.47462453907646e-14,2.434359326617618e-25,5.027272102230831e-18,9.361238211166551e-18,1.531279999123611e-14,0.0024726493898169417,5.557345888990624e-15,-3.68320058292252e-21,-5.026928151461844e-18,-9.360880930720606e-18,6.474624536429482e-14,5.557345886092614e-15,0.002472649389811481,5.62437974135423e-21,5.902536805669901e-14,-3.142638268087517e-14,2.434407797453234e-25,-3.683200582932966e-21,5.624379740200065e-21,0.004943300735136994,-0.001136681671934752,0.00020677352664805272,-6.832821649053252e-19,-8.678301377915986e-19,-3.8165362617054345e-19,-0.08648431299313365,0.05965576966289964,1.8188242271728766e-10,2.133515177094839e-24,1.2670221083824019e-21,-1.6361253077264324e-21,-7.224422419882133e-07,1.8188242265017604e-10,0.05965577046756591,-3.870565921849854e-25,-2.3354960592069183e-22,3.2680917343615164e-22,-3.6525969739803533e-06,4.704272311313574e-22,1.5013660800061445e-22,0.0032961999301464938,7.712533566673654e-17,4.3819678595853427e-16,2.4557974062592205e-26,1.5084879333664315e-21,-1.5593488352309736e-22,7.712533566673604e-17,0.0008255463770428568,-8.90022911366251e-21,-1.7904073602170144e-25,-1.5585282062636041e-21,8.533734390725436e-23,4.3819678595866907e-16,-8.900229109456879e-21,0.0008255463770428576,2.105528200071092e-25,-7.224422419882137e-07,-3.6525969739803546e-06,-6.9795816500375725e-28,-1.912420665008075e-25,2.7092844602691977e-25,0.035275981270040314
1774036472157403899,435,1774036472121365547,center_camera,base_link_12,-0.5017499534202391,0.47374998226084347,1.98205045908592e-18,0.0,0.0,0.5890626475121906,0.8080873698468061,0.003796729039235925,-1.8416748854137533e-19,3.9892842762980985e-26,-2.317717053989498e-18,6.95323051983729e-18,5.0592016125105746e-14,-1.8416143008962323e-19,0.0037967290392359257,8.635706873764494e-26,-4.352651455667165e-18,1.305806019060273e-17,-2.6197969217082263e-14,-4.682520427223334e-26,-9.38052109355181e-26,0.004555675044832931,9.304744017780824e-15,5.3720172856182514e-14,1.2772565503085989e-24,-2.3177170465918663e-18,-4.352651447359212e-18,9.304744024398269e-15,0.002278836613205816,2.810196631170367e-15,3.63254486217988e-21,6.953230519840788e-18,1.3058060182303662e-17,5.3720172856182514e-14,2.810196631170367e-15,0.002278836613217495,-5.492518346347742e-21,5.0592016125105746e-14,-2.6197969217082263e-14,1.2771763457372962e-24,3.632544863756483e-21,-5.492518351669351e-21,0.004555675068793661,-0.001182829577095872,0.0004478849267783166,4.3281152699261276e-19,1.1310768370206346e-18,-1.420182760037314e-18,-0.08306829328037232,0.060087796822918295,1.6950713586813606e-10,-6.065622177259739e-25,-1.084669543328395e-21,1.7036152307335126e-21,-6.897302435455695e-07,1.6950713644221581e-10,0.06008779757993757,4.694267143808412e-25,2.1772220283318073e-22,-3.2833073639233195e-22,-3.522517390055506e-06,6.784368187579065e-23,-2.1248019133317653e-22,0.0030377828544395076,5.3487525077230355e-17,3.088025910283355e-16,-2.439893360730055e-26,-1.0504773089078057e-21,1.1134551388662018e-22,5.348752507722302e-17,0.000760942306866526,-5.556532509936233e-21,8.353204334659506e-26,1.7036156381579866e-21,-3.283306031514191e-22,3.088025910283255e-16,-5.5565325099364014e-21,0.0007609423068665259,-1.0354882808720174e-25,-6.897302435455694e-07,-3.5225173900555064e-06,2.5237456930752544e-28,9.664354933438571e-26,-1.1749139697392604e-25,0.03540049350189804
1774036472257464418,436,1774036472199002743,center_camera,base_link_12,-0.5015000747129699,0.47374998106521,1.1315318934001434e-18,0.0,0.0,0.5890626164604876,0.8080873924822267,0.003883859060158123,-1.9719678195473887e-19,3.3802769594442426e-27,3.157495790484374e-18,3.1574957943465574e-18,5.70200276125907e-14,-1.9720328307736565e-19,0.0038838590601581206,9.354800244827276e-26,3.9846505630471205e-18,3.984650477715061e-18,-4.4442854024845775e-14,-2.696688200494398e-27,-1.0077158942917297e-25,0.0046602310769040195,2.2812334719421584e-14,6.208677546809814e-14,-5.450887186084948e-30,3.157495794084317e-18,3.984650426623767e-18,2.2812334732656474e-14,0.0023311145519824407,2.7321552687213668e-15,-5.6451899480872e-22,3.1574957943468312e-18,3.984650477723811e-18,6.208677544162836e-14,2.7321552687213668e-15,0.0023311145519827156,-2.1954491876829043e-21,5.70200276125907e-14,-4.4442854077785335e-14,-8.150852573840298e-31,-5.64518991672517e-22,-2.195449187682837e-21,0.004660231106370871,-0.0010430406859223659,0.00014203540487880197,1.6792539013658539e-19,3.332758905952349e-19,-2.567095183268255e-18,-0.07935039947045487,0.059969703846815395,1.6193346637178258e-10,-8.671961591112062e-25,7.459104230460953e-22,-7.00423250403395e-22,-7.149254648438954e-07,1.6193346625732568e-10,0.05996970455040915,3.9396953481550173e-26,-1.8825085466216055e-22,3.6641343113257305e-23,-3.4007463794579417e-06,-8.651153622198865e-25,3.978897069245371e-26,0.0031074868323952686,1.37201328750574e-16,3.7341134841364405e-16,-2.6735658886920334e-26,1.019113415501975e-21,-2.3027798065936623e-22,1.3720132875055097e-16,0.0007783680123857712,-1.3784372417807724e-20,3.626587452471462e-27,-7.004232515602003e-22,3.6641342892359723e-23,3.7341134841355284e-16,-1.3784372417804465e-20,0.0007783680123857712,-6.272216840538839e-26,-7.149254648438951e-07,-3.400746379457941e-06,-7.845570199825542e-29,1.1812925742073525e-27,-6.2722168403065e-26,0.03536886178811688
1774036472324470500,437,1774036472277476788,center_camera,base_link_12,-0.5015000084220145,0.4737499820708603,-1.513513738070247e-18,0.0,0.0,0.5890626470620466,0.8080873701749426,0.003925701536743112,-1.9382170734093779e-19,-2.1910050941112215e-27,3.773913542271172e-18,5.6607346533873366e-18,5.2660705951580966e-14,-1.9381853109663255e-19,0.003925701536743115,-9.748387103710027e-26,7.912541962951936e-18,1.1868727037307463e-17,-2.3202365968940522e-14,-5.020738820701066e-28,1.0452738322138242e-25,0.004710442044428644,6.931074946079846e-15,5.406029999494366e-14,6.976448124436083e-25,3.773913473840129e-18,7.912541955836478e-18,6.9310749394624015e-15,0.002356220057846373,5.513443523135935e-15,-3.464381691808173e-22,5.660734653387189e-18,1.1868726896880104e-17,5.406029996847388e-14,5.513443523135935e-15,0.0023562200578519698,-2.9356165546351478e-21,5.2660706004520525e-14,-2.3202365942470742e-14,6.9764263337948745e-25,-3.4643830212284995e-22,-2.9356165507513254e-21,0.004710442073187382,-0.0010007410024730635,0.00013313046814884637,-3.2739203549035735e-19,1.1718047302025682e-18,-1.4626524393368986e-18,-0.07580596886148223,0.05992828926097721,1.4736428856745176e-10,5.809015854963269e-25,3.132358450482306e-22,6.4425379353694715e-22,-6.644275478243095e-07,1.4736428828961792e-10,0.059928289913492305,-1.893166926012285e-25,4.4198327685855094e-23,-4.696382925389617e-25,-3.261706055056145e-06,3.7942255367876776e-23,-1.1645268610766418e-22,0.0031409608230386857,4.2590362615861605e-17,3.321998117868752e-16,-3.2181303273753695e-26,9.960654195321604e-23,-8.854730027746846e-23,4.2590362615877555e-17,0.0007867365924784055,-4.415018291947219e-21,3.039404619355206e-26,6.4426181275072805e-22,-4.6711305034729195e-25,3.321998117870177e-16,-4.415018291951123e-21,0.0007867365924784054,-6.258685695230147e-26,-6.644275478243094e-07,-3.261706055056145e-06,-6.062473830037037e-29,2.8432564199979647e-26,-4.966216601613166e-26,0.03535849401435647
1774036472424507979,438,1774036472363808870,center_camera,base_link_12,-0.5015000085747056,0.47374998154366027,2.288333721895452e-19,0.0,0.0,0.5890626312273431,0.8080873817177936,0.0043186034538694115,-2.0225366338787657e-19,1.6498370986423715e-28,6.0073059294613264e-18,4.004753810707053e-18,5.5422688751372923e-14,-2.022536601567023e-19,0.00431860345386941,5.806017667001337e-27,1.2702433361949024e-17,8.46803324732164e-18,-2.6460787208761258e-14,1.2932459690520667e-28,-6.0346702213139075e-27,0.005181924328203458,3.1171709288178382e-15,5.657931306141184e-14,-1.5535212156183332e-30,6.0073059333331205e-18,1.2702433354205494e-17,3.1171709321265607e-15,0.0025919612100068373,2.761606151112485e-15,4.973842670402682e-21,4.004753741233336e-18,8.468033092887508e-18,5.657931308788162e-14,2.761606148238608e-15,0.0025919612100124296,3.886182487944208e-21,5.5422688751372923e-14,-2.6460787235231038e-14,-5.217775732300949e-31,4.973842672293124e-21,3.886182619142399e-21,0.005181924361951135,-0.0009477078835038303,0.00012296562716049397,2.519814329027738e-19,-7.554437915450134e-19,-1.7134207931948839e-18,-0.07178824666765718,0.05941502897881741,1.3177024616307956e-10,-6.315054967471523e-25,3.77549122967446e-22,-4.494834516365487e-22,-6.118153487035938e-07,1.3177024630583315e-10,0.05941502957680922,1.8336109164043992e-25,-5.540684700014202e-23,5.189271576079221e-23,-3.1271908532813565e-06,-3.1457361989384385e-24,7.983872258489636e-24,0.003455282350481637,5.243470245313253e-17,4.2080472187249063e-16,6.134127024544141e-26,1.6828922695303136e-22,-2.602151293543728e-22,5.2434702453123377e-17,0.000865317011264233,-5.713630100434376e-21,1.4986075208364897e-25,-6.587320863067859e-22,-1.5291729628494067e-22,4.208047218724731e-16,-5.713630095898309e-21,0.0008653170112642329,1.4727615820749138e-25,-6.11815348703594e-07,-3.1271908532813556e-06,-1.1153314570530263e-28,1.802844422215154e-25,1.4600203359618002e-25,0.0352111762249317
1774036472490891626,439,1774036472435746431,center_camera,base_link_12,-0.5015000063483228,0.4737499862787603,1.0463822071089068e-18,0.0,0.0,0.5890627738192057,0.808087277774142,0.0035988774046750325,-1.1716616103937413e-19,-4.063343003816751e-26,6.865205662984861e-18,-1.716327864890435e-18,4.1550061332970936e-14,-1.171690820209122e-19,0.0035988774046750317,-2.231074867068831e-27,1.4649469197047504e-17,-3.662393737874699e-18,-1.9632887681699066e-14,4.5924826367881964e-26,6.013811344140148e-28,0.004318253083323563,9.093493659937189e-15,4.0385152273084265e-14,-1.9385385866269816e-30,6.865205603300951e-18,1.4649469069722547e-17,9.093493659937189e-15,0.002160125674264595,-2.9019808982320544e-15,-3.984079882367079e-21,-1.7163278648932852e-18,-3.662393737874898e-18,4.0385152299554045e-14,-2.901980898232105e-15,0.0021601256742587276,9.960619643312872e-22,4.1550061385910495e-14,-1.9632887708168845e-14,-1.9309556235473827e-32,-3.984079882356052e-21,9.960619513941347e-22,0.004318253102997513,-0.0009251706397151088,0.00011739219587476667,-9.907247186981167e-19,-1.794215165547035e-18,-1.654358290418059e-18,-0.06934835397873915,0.06025944448380972,1.2296731355163435e-10,2.027458233050471e-24,-1.6545384874240472e-22,-9.2783837796832e-22,-5.772409168031122e-07,1.2296731352161982e-10,0.06025944504941343,4.128600479752786e-26,7.775148588656653e-24,1.0628655863896974e-22,-3.0173252890457318e-06,1.9564632402574607e-22,6.227691331212868e-23,0.0028795015705141407,2.5661159609316626e-17,2.085922005534205e-16,-4.4245632776125024e-26,-1.6544777474384472e-22,7.77435755260587e-24,2.566115960932461e-17,0.0007213721427803767,-2.3863596417562176e-21,-8.571745127795854e-26,-9.278385798433314e-22,1.0628655806069324e-22,2.0859220055342377e-16,-2.386359641750579e-21,0.0007213721427803764,2.0767137976992624e-26,-5.772409168031122e-07,-3.0173252890457318e-06,-3.0359412885559206e-28,-8.571743090856094e-26,2.076743402978065e-26,0.03545314070984319
1774036472557408740,440,1774036472516820431,center_camera,base_link_12,-0.501749945672329,0.47374998246774497,-7.482867194103773e-19,0.0,0.0,0.5890626637329732,0.8080873580225185,0.004055699221905293,-1.8869439438669803e-19,-2.8188596083265853e-26,3.2760297321518512e-28,-1.568769587836457e-18,5.703840912751863e-14,-1.8869100973165253e-19,0.004055699221905294,-9.847389050078371e-26,-9.315789337319734e-27,-3.3701455518463338e-18,-2.6254582516996576e-14,2.800012808103493e-26,1.0520465603526745e-25,0.004866439269784914,6.389063211886862e-15,5.3443066874521217e-14,-2.713372232366485e-25,3.273483225825823e-28,4.072717964989339e-27,6.3890632151955846e-15,0.0024342185942453397,2.661527088482193e-15,2.8401930464277004e-25,-1.5687695878386173e-18,-3.3701454104937806e-18,5.3443066874521217e-14,2.6615270869148212e-15,0.0024342185942453653,3.249832524237903e-21,5.703840918045818e-14,-2.6254582490526797e-14,-2.712455299218306e-25,2.841622204409517e-25,3.2498325162464426e-21,0.004866439305346059,-0.0009727352139065024,0.00041211893422672707,-3.997066546551649e-19,-2.1920717259052582e-18,1.48787692515783e-19,-0.06579673157912244,0.05957712066318317,1.0936429480552855e-10,7.9108078142042565e-25,-1.2154411133816133e-21,-6.969024839074561e-23,-5.303313337210536e-07,1.0936429554443725e-10,0.059577121177644965,2.5181284998064184e-26,1.4549334974461961e-22,9.038824701289184e-24,-2.876300370025691e-06,4.211829586819126e-23,-1.285810573690171e-22,0.00324495893027392,4.1898396140316675e-17,3.5047041345307377e-16,3.599182447856865e-28,-1.0869696392221601e-21,1.867878867636973e-22,4.189839614030186e-17,0.00081273583389231,-4.059987661849911e-21,-2.2352003018220566e-26,-6.969908194998111e-23,9.035909825135796e-24,3.504704134530241e-16,-4.0599876594780215e-21,0.0008127358338923104,2.195835614797325e-25,-5.303313337210536e-07,-2.876300370025691e-06,-9.862630409556965e-29,-2.0184471993041526e-27,1.869761686313581e-25,0.03525902800904295
1774036472657318791,441,1774036472591096878,center_camera,base_link_12,-0.5015000686196399,0.4737499861452902,9.528344499607185e-19,0.0,0.0,0.5890627726490559,0.8080872786271336,0.0037158216822761646,-1.0485814165517556e-19,5.398638497500591e-28,-1.1258431166563357e-17,8.443829986233313e-18,4.1544068363110875e-14,-1.0485506234609836e-19,0.0037158216822761637,-8.652620548673007e-26,-1.3148228393825345e-17,9.861118283076033e-18,-3.622396310632166e-14,3.0080433700457377e-28,9.682219280824184e-26,0.004458586221471185,1.4881486354336357e-14,4.160066758110244e-14,4.1342786825464963e-25,-1.1258431166563352e-17,-1.3148228385383302e-17,1.4881486354336357e-14,0.002230292187157889,-1.5057491895324656e-18,-1.5818731836920895e-21,8.443829990455682e-18,9.86111842662965e-18,4.160066758110244e-14,-1.5057505805277444e-18,0.0022302921871581284,1.1856522645560484e-21,4.1544068416050434e-14,-3.622396321220078e-14,4.1342290373090525e-25,-1.5818731524098247e-21,1.1856521981487614e-21,0.0044585862451660884,-0.0008587506933925412,0.0001406848292174208,4.2548457646729344e-20,-2.588224385073387e-18,-8.464462819645464e-20,-0.063266493204261,0.06003070989480368,1.0574232319215261e-10,-1.2193150054592776e-25,-1.0212613043492932e-21,1.1017679804887342e-21,-5.567116150830272e-07,1.0574232333682644e-10,0.06003071037647923,1.3189673256889023e-26,4.271085300648443e-22,-3.8434777295949605e-22,-2.782007354807175e-06,-1.275984238720901e-25,8.68101388136381e-27,0.002973056964319287,1.0394517460819931e-16,2.5105229182685127e-16,-3.2985296018220765e-29,-1.0212615054747217e-21,4.27108501875595e-22,1.0394517460817888e-16,0.0007447607809983265,-8.279129190621698e-21,-1.220294532919829e-25,1.1017612634765171e-21,-3.8434977450113055e-22,2.510522918267282e-16,-8.279129189053876e-21,0.000744760780998327,9.247413058104624e-26,-5.567116150830272e-07,-2.7820073548071754e-06,-3.326296198398302e-29,-1.2203026554723906e-25,9.247620623808426e-26,0.03538861578018394
1774036472724294565,442,1774036472673302412,center_camera,base_link_12,-0.5015000079571829,0.47374998420892867,-1.5266558532674717e-19,0.0,0.0,0.5890627155337943,0.8080873202618342,0.0041122759737129075,-1.5239118052026312e-19,2.2016891218288396e-29,-6.5988690654161104e-18,4.949255929145595e-18,4.867135949396508e-14,-1.5239773334167819e-19,0.004112275973712908,9.490761493592038e-26,-1.293435890660027e-17,9.700825426097647e-18,-2.125274816960249e-14,2.0405423786220707e-29,-1.024418575776429e-25,0.004934331366222888,3.786309675691378e-15,5.252960235082362e-14,1.0456207678473e-25,-6.59886906541611e-18,-1.2934358756622638e-17,3.7863096790001005e-15,0.002468164675175101,-5.410903770253854e-15,9.230785479918088e-22,4.9492559976215445e-18,9.700825276127966e-18,5.2529602324353843e-14,-5.410903769494831e-15,0.0024681646751752977,-6.926390227443795e-22,4.867135954690464e-14,-2.125274814313271e-14,1.0456505201480486e-25,9.23078545976453e-22,-6.926390202232818e-22,0.004934331400468482,-0.0008121262268773978,0.00012955680653766791,-1.751814189811368e-19,2.188478084294473e-18,1.44553016661676e-18,-0.060044845826226004,0.05948134199891776,9.488208627258317e-11,2.5065601173405607e-25,-8.092712941653513e-24,7.267000395137624e-23,-5.203891361345689e-07,9.488208625588262e-11,0.059481342437301736,1.534785983379393e-25,-3.0936913087093667e-22,2.38078103144556e-22,-2.656251594506403e-06,2.5994628132394457e-25,1.564640442783516e-25,0.0032902203461043712,5.1331623603227305e-17,3.2838717933290427e-16,-8.612984278867506e-27,1.1777309159450598e-22,-2.6891213457046554e-22,5.1331623603236056e-17,0.0008240513098217718,-4.501139307967177e-21,1.2672361911319449e-25,-5.31971484748773e-23,1.976254665748011e-22,3.2838717933293e-16,-4.501139309105272e-21,0.0008240513098217714,-9.265376377283236e-26,-5.203891361345693e-07,-2.6562515945064027e-06,-1.1085449165384873e-28,1.3114508007230266e-25,-9.707517513248517e-26,0.03523074936416299
1774036472790695245,443,1774036472752972841,center_camera,base_link_12,-0.5015000066233172,0.4737499867082359,5.327888210654902e-19,0.0,0.0,0.5890627880874795,0.8080872673731503,0.003985520795270752,-1.0849667814083618e-19,9.680777284487906e-29,-6.622762558020921e-18,-4.967237311179848e-18,3.611209456500528e-14,-1.0849968474849235e-19,0.0039855207952707505,-2.842439442654775e-27,-1.3117560932488747e-17,-9.838326147489024e-18,-2.139313583379689e-14,1.650872415762056e-28,3.6051047639651135e-28,0.004782225145964358,1.0170560357391852e-14,4.432021170089635e-14,1.9380173690784107e-25,-6.6227626244053775e-18,-1.3117560935900111e-17,1.0170560354083129e-14,0.002392111662107718,-2.8464850403171066e-15,2.3332395873072886e-21,-4.967237315328881e-18,-9.838326144077903e-18,4.432021167442657e-14,-2.846485038945246e-15,0.002392111662107689,4.391627405175201e-22,3.611209451206572e-14,-2.139313583379689e-14,1.9378124296005034e-25,2.333239585891465e-21,4.391627394624319e-22,0.004782225172324453,-0.000778984164817682,0.00012104514383091443,-9.765007199619916e-20,-2.1338927106196884e-18,2.786057298071027e-18,-0.05744045770304293,0.059714009581695614,8.673660041666234e-11,6.608118944530008e-25,1.8792193341537567e-22,-1.71148418603356e-21,-4.901098850860474e-07,8.673660019958456e-11,0.059714009987373515,2.1776998135520023e-26,-2.910399145383939e-23,2.6752215654593175e-22,-2.548419636952588e-06,2.08761418758471e-22,6.691446364445956e-23,0.0031888162539131866,3.892653974441768e-17,2.552475406352258e-16,-2.679750888827211e-26,7.703665634993083e-23,-6.474979153300361e-23,3.892653974440768e-17,0.0007987006499430684,-3.2768484534837123e-21,1.4761983100263039e-25,-1.600597687042703e-21,3.03164129569991e-22,2.5524754063512405e-16,-3.276848455251555e-21,0.000798700649943068,6.513050995337399e-26,-4.901098850860474e-07,-2.5484196369525878e-06,-9.931124392209699e-29,1.4716778004201347e-25,6.558888313404362e-26,0.03529603330227491
1774036472890680688,444,1774036472829833746,center_camera,base_link_12,-0.501500006287777,0.47374998726736006,5.134974477341349e-19,0.0,0.0,0.589062805403761,0.8080872547502843,0.0038450445450732,-1.0118321730049827e-19,2.2279431142059283e-26,-1.2320322895644086e-27,-2.9373248075484184e-18,3.849926247984057e-14,-1.0118633215249242e-19,0.0038450445450732016,4.813490792288282e-26,-8.813906287804919e-26,-5.887560845265574e-18,-1.931582747355314e-14,-2.4239256858168008e-26,-4.854782011452937e-26,0.0046136536544690646,5.718872172160147e-15,3.4461189419612476e-14,2.060652165420368e-31,9.110557675885376e-28,4.900604162420938e-26,5.718872168851424e-15,0.0023078258874132495,2.8012520615960012e-15,2.8557516039342118e-30,-2.9373248092447944e-18,-5.88756098669307e-18,3.446118936667292e-14,2.8012520608883236e-15,0.002307825887413273,-2.3269606272705498e-21,3.849926247984057e-14,-1.931582744708336e-14,3.4073790169221217e-31,-2.459214913953885e-30,-2.3269606202125322e-21,0.004613653680683642,-0.0007478035082630351,0.00011321591489385412,-1.2844799623501106e-18,1.6957944172154677e-18,2.4180648703363124e-19,-0.05503967045129865,0.05993027438340305,7.92739030088504e-11,2.0296734683342e-24,1.091501481614704e-21,3.3059786198926655e-22,-4.611521108004028e-07,7.927390280599368e-11,0.05993027475851967,-2.1787650129209796e-25,-1.6397869162922814e-22,-5.075150914705378e-23,-2.441589419520594e-06,-2.3624384467841516e-22,-6.914947943757046e-23,0.00307643524364987,3.371444245799456e-17,2.265220017164292e-16,2.3713044248571003e-27,1.0914942982272932e-21,-1.6398087198084075e-22,3.371444245798983e-17,0.0007706052897160645,-2.659602787759021e-21,-6.890910037736801e-27,3.1276924886630187e-22,4.7403293471039765e-24,2.265220017163598e-16,-2.6596027868843355e-21,0.0007706052897160645,-7.808686700483392e-26,-4.611521108004032e-07,-2.441589419520594e-06,5.439904990898503e-28,-4.284800437568631e-28,-5.617729242168712e-26,0.03535802832495477
1774036472957410123,445,1774036472910166740,center_camera,base_link_12,-0.5015000064139199,0.4737499868806989,2.2577969862342674e-18,0.0,0.0,0.5890627938697753,0.8080872631580914,0.004018649016397811,-1.0733586101367585e-19,-1.032626840054986e-27,-5.647956201356328e-18,5.6482141160361604e-18,3.8496748115476203e-14,-1.0734543659861843e-19,0.004018649016397812,4.403579558632122e-26,-1.1421955069427584e-17,1.1421941742795743e-17,-1.5797690341404048e-14,1.9597151758467053e-27,-4.604518404599085e-26,0.004821979017608786,1.896301280694608e-15,4.3879158521827044e-14,-1.2739706506140254e-24,-5.6479561327799176e-18,-1.142195492785007e-17,1.8963012840033305e-15,0.002411988534682084,5.503185024430078e-15,1.1088351164444906e-22,5.648214116036072e-18,1.1421941750900921e-17,4.3879158521827044e-14,5.503185023696526e-15,0.0024119885346821305,-1.112692720219136e-22,3.849674816841576e-14,-1.5797690341404048e-14,-1.273970543890457e-24,1.1088351160910303e-22,-1.11269272037193e-22,0.004821979048256417,-0.0007107502017494826,0.00010466455104792144,1.0762226475849549e-18,-2.0736001316554292e-18,-8.692238093061248e-19,-0.05244495523333633,0.059718914717700446,7.141833400031561e-11,-1.4354427964619874e-24,-1.0359177229187941e-21,1.5078001616687647e-21,-4.31004526510697e-07,7.141833401364184e-11,0.0597189150604297,2.4679545984068e-25,1.5437000261636845e-22,-2.369294728689692e-22,-2.3320701192414927e-06,-1.6382801439243408e-23,-4.5576076476493754e-24,0.0032153187995215475,3.727582421784189e-17,2.5749328563871353e-16,1.6752404804888027e-28,-1.035927334686782e-21,1.5437135780185095e-22,3.727582421783723e-17,0.0008053260499370153,-2.907853169489424e-21,-3.197605786367129e-26,1.6273183107489175e-21,-1.9851280189218785e-22,2.574932856386621e-16,-2.907853168467368e-21,0.0008053260499370155,3.7237055263428444e-26,-4.31004526510697e-07,-2.3320701192414923e-06,1.1534313635774622e-28,-3.843842082430192e-26,3.81279608777214e-26,0.03529785719169287
1774036473057553777,446,1774036472987879753,center_camera,base_link_12,-0.5015000056482801,0.4737499883391946,4.712992044803329e-19,0.0,0.0,0.589062835776113,0.8080872326100718,0.0038876499516603148,-8.577649856231937e-20,-1.650520617950482e-27,4.023083524981787e-18,4.0230570658227465e-18,3.9590598522626526e-14,-8.577341036751293e-20,0.003887649951660314,2.868003725537588e-27,8.228189636631567e-18,8.228354999795488e-18,-1.5117752827734245e-14,5.455639484344281e-29,-2.8893472244256378e-27,0.004664780139740581,8.935932005690513e-15,3.9119499946717586e-14,-3.5527539679531e-25,4.023083524981773e-18,8.22818964088026e-18,8.93593200238179e-15,0.0023333891377786994,5.626311841742643e-15,4.269577531425172e-21,4.023057067946986e-18,8.228354999795642e-18,3.9119499920247806e-14,5.626311841742567e-15,0.0023333891377787437,4.2697776802606386e-21,3.9590598522626526e-14,-1.5117752801264465e-14,-3.552752162505578e-25,4.2695775313869295e-21,4.2697776799817406e-21,0.004664780166080774,-0.0006810083923508638,9.753241622117752e-05,-7.489506793166513e-19,-1.7352956282907455e-18,1.2028257996004595e-18,-0.05022365209882741,0.05992497306558146,6.503336083375596e-11,1.0492233821990759e-24,1.6647315208226188e-21,-3.6642297456655003e-22,-4.045083084837636e-07,6.503336067047098e-11,0.059924973381607904,-1.478252440092987e-25,-2.4294802514935605e-22,5.521538222760583e-23,-2.2326190231648204e-06,3.683179938435779e-23,-1.1147035029371715e-22,0.0031105195714149422,2.9870876074338637e-17,2.1178402098176592e-16,-2.5169449396316118e-27,1.6647312969639313e-21,-2.4294809713483963e-22,2.987087607433304e-17,0.0007791264004293758,-2.2093939200051836e-21,1.1333858101133683e-25,-3.6642299807375842e-22,5.521549298626017e-23,2.1178402098164449e-16,-2.2093939200074113e-21,0.0007791264004293756,8.443977671454612e-26,-4.045083084837638e-07,-2.2326190231648204e-06,4.786768042062492e-28,1.1333858012871079e-25,1.1257525581905638e-25,0.03535707105825717
1774036473124342589,447,1774036473062674761,center_camera,base_link_12,-0.5015000053542499,0.47374998884506697,2.1331504529604375e-18,0.0,0.0,0.5890628506940048,0.808087221735533,0.0037417496767535264,-7.956829642319435e-20,3.8921448588246095e-28,-7.631320677874984e-30,-2.370784396315438e-18,3.768186160381742e-14,-7.956829884657505e-20,0.003741749676753529,1.2602838529674386e-27,-3.434021504991762e-27,-4.897984174449553e-18,-1.1852519113676979e-14,3.8921448475398637e-28,3.8951437190748e-27,0.004489699819408985,4.5973037268503925e-15,3.3456020318015024e-14,5.319231701118976e-25,-7.631393435097828e-30,-4.6796599847619524e-29,4.597303733467837e-15,0.002245848946243603,2.777117909717498e-15,-1.9949590781310457e-25,-2.370784396315438e-18,-4.8979843117682226e-18,3.3456020344484804e-14,2.7771179097174727e-15,0.0022458489462380883,4.240054911710577e-21,3.768186160381742e-14,-1.1852519113676979e-14,5.319231163358552e-25,-1.9950000417769747e-25,4.2400549087753125e-21,0.004489699845555537,-0.0006532098163171319,9.100390597725861e-05,5.11074729848152e-19,1.0086143269528125e-18,-1.5763071341062273e-18,-0.04817988296542577,0.06012011972244052,5.924384847588462e-11,-6.679915163961065e-25,-6.432473555692678e-22,-1.0307215584710447e-21,-3.794129155601361e-07,5.924384858925284e-11,0.0601201200137955,2.6364468151135246e-26,1.0151689903011007e-22,1.5683530169688183e-22,-2.134957125070189e-06,-2.233239315715831e-22,-7.154173269861485e-23,0.0029937993405803453,2.566376410221585e-17,1.867639357486241e-16,-3.1896193470768387e-27,-5.320279791110556e-22,1.3726608383943497e-22,2.5663764102211157e-17,0.000749946226005599,-1.7841404291369212e-21,-5.556801344279896e-29,-9.19495004562047e-22,1.925868025654692e-22,1.867639357486198e-16,-1.784140429133875e-21,0.0007499462260055994,1.1536969324571525e-25,-3.794129155601358e-07,-2.134957125070189e-06,1.8628618911309621e-28,4.140036603348178e-28,1.223046920383997e-25,0.035414186304725405
1774036473190632024,448,1774036473145006895,center_camera,base_link_12,-0.5015000057059176,0.4737499879828648,5.587929780682785e-19,0.0,0.0,0.5890628239769256,0.8080872412112009,0.00411860599184539,-9.122679484960553e-20,1.968747902625387e-27,4.846788927077125e-26,2.3982808288086954e-18,3.624119165058969e-14,-9.122679242622483e-20,0.004118605991845387,-4.334969684139788e-26,9.015565993936984e-26,4.993402385031821e-18,-1.74838045817714e-14,-7.512393730921536e-30,5.10461936926276e-26,0.004941927386813181,4.89417564254362e-15,4.060714536781819e-14,-1.5345625798491635e-30,-2.6340732714282955e-26,-5.105446598867829e-26,4.894175649161065e-15,0.002471962692425982,-2.714910243570493e-15,2.1889012032214386e-29,2.3982809013505077e-18,4.99340238502943e-18,4.060714528840885e-14,-2.7149102428166954e-15,0.0024719626924259576,-1.2940427422671888e-21,3.6241191624119913e-14,-1.748380455530162e-14,2.841620938221177e-30,-4.629627460621624e-29,-1.294042774920643e-21,0.004941927420730375,-0.0006155569547217204,8.313482298864156e-05,2.229203123850899e-20,1.517539247382746e-18,2.194307797617286e-18,-0.04573374387989547,0.05958921230520787,5.26353053345892e-11,8.721318498861626e-26,-5.061610685775119e-24,8.830509406012983e-22,-3.5184091427875514e-07,5.263530522633627e-11,0.059589212568454314,6.367215066741915e-26,1.0527303555210267e-24,-1.2839248940025184e-22,-2.0327202606365836e-06,-2.901147260511083e-22,4.0976653505181775e-23,0.0032952843637269746,3.310195741001289e-17,2.4867749881728874e-16,-1.4789466995831215e-27,1.2037349205297193e-22,4.136601809812815e-23,3.3101957410029375e-17,0.0008253173402645513,-2.4192053804743337e-21,1.6706636134378045e-26,8.830495144514391e-22,-1.283878934093639e-22,2.486774988174113e-16,-2.4192053816088385e-21,0.0008253173402645516,-1.391518828180972e-26,-3.518409142787552e-07,-2.032720260636584e-06,-2.3730952997414674e-28,1.4132331727863126e-28,-1.3914010563017008e-26,0.03526287609520177
1774036473290907656,449,1774036473222847939,center_camera,base_link_12,-0.5015000046644167,0.4737499900819201,6.050158211531684e-19,0.0,0.0,0.589062883826377,0.8080871975833749,0.0038940515057781042,-6.267057089839798e-20,1.4971347215718814e-27,-2.3257642254818607e-18,2.325595558306107e-18,3.2956274293736556e-14,-6.267358316060912e-20,0.0038940515057781042,4.319617542443848e-26,-4.898328609864874e-18,4.898255937711183e-18,-9.266452153012184e-15,-1.3792843059571416e-27,-4.6907579807015347e-26,0.004672462001451535,-1.8472703649524866e-16,2.9715954836212913e-14,-4.229150750701626e-25,-2.3257642254818526e-18,-4.898328742617067e-18,-1.8472703649524866e-16,0.0023372300912260467,-2.69378288662917e-19,5.4548398292743655e-22,2.3255955545679563e-18,4.898255933564774e-18,2.9715954783273354e-14,-2.6937897349515694e-19,0.0023372300912263,1.4087541739650213e-21,3.2956274293736556e-14,-9.266452153012184e-15,-4.229141345659619e-25,5.454839536973652e-22,1.4087541127961524e-21,0.0046724620266155314,-0.0005899290455583935,7.724965234930548e-05,2.0926957780255622e-19,4.123789900309446e-19,1.601805265228284e-18,-0.043837518042910834,0.05992095211235148,4.7882183801541517e-11,-3.6895099597913e-25,-3.630164245449741e-22,-7.215598251523688e-23,-3.2949842371750115e-07,4.788218344110703e-11,0.0599209523549929,1.9253847727426437e-26,4.8865832444679626e-23,1.1479065774323007e-23,-1.9454816708773017e-06,-3.595111456272417e-25,1.9316619836681698e-26,0.003115640825195931,2.3244806218395656e-17,1.7969376064835056e-16,1.3415705328629792e-26,-3.6300948130815222e-22,4.886801903658271e-23,2.3244806218394115e-17,0.0007804067982952296,-1.6264793834472455e-21,3.791489326195814e-26,-8.96236616807493e-23,6.582354570330436e-23,1.7969376064836126e-16,-1.6264793826073331e-21,0.0007804067982952292,1.4312221068898162e-26,-3.2949842371750105e-07,-1.945481670877301e-06,6.082218274053778e-29,4.781535160693104e-26,1.7984086291998738e-26,0.035357588610494574
1774036473357684171,450,1774036473299738407,center_camera,base_link_12,-0.5015000046135769,0.47374999009181396,-1.1278823267902905e-18,0.0,0.0,0.5890628838380583,0.8080871975748596,0.0038465227257065823,-6.3531247478998e-20,1.6240892958887964e-27,-1.0297205296391746e-18,-1.0297205294856768e-18,2.711144742565591e-14,-6.353124667120443e-20,0.0038465227257065806,-2.7274787933270685e-28,-2.190246214456788e-18,-2.19003460052729e-18,-1.913438949577058e-14,-1.1692727168917468e-28,-2.726881378886116e-28,0.004615427473969186,3.730694708330161e-15,2.973327221306129e-14,7.92203239251365e-25,-1.0297205296391632e-18,-2.190246280198518e-18,3.730694708330161e-15,0.002308712775102677,-2.488347698137078e-19,-2.98510641045369e-21,-1.0297205294855961e-18,-2.190034596144508e-18,2.973327222629618e-14,-2.488340454500702e-19,0.0023087127751026753,-2.98541040447258e-21,2.711144739918613e-14,-1.913438948253569e-14,7.920322780343568e-25,-2.9851063486842986e-21,-2.9854104078947258e-21,0.00461542750147594,-0.0005629617148279838,7.142914733747849e-05,-8.65461512180268e-19,-7.027899346940245e-19,-1.8234002294511134e-18,-0.041959604049793015,0.05999841495554999,4.3256093171024e-11,1.0749299269141225e-24,1.7848573128799386e-22,-5.306560327529056e-22,-3.0725143625902656e-07,4.325609310101797e-11,0.05999841517772496,-8.720208659776942e-26,-3.2442680042049796e-23,7.816037772417756e-23,-1.8563638968627355e-06,-3.55246326730238e-23,1.1377776020686664e-22,0.0030776177776354347,2.200939220254576e-17,1.7541269313600795e-16,1.088406911713885e-25,1.7848924450661177e-22,-3.244155282168884e-23,2.2009392202538297e-17,0.000770900840824018,-1.4654476375759426e-21,-1.0276122644377459e-25,-5.306562600669959e-22,7.816030484748219e-23,1.7541269313595906e-16,-1.4654476384890388e-21,0.0007709008408240181,-3.138998779316338e-26,-3.0725143625902656e-07,-1.8563638968627355e-06,5.703226548285356e-28,-8.983829076381935e-26,-8.891032704712636e-26,0.03538077483757798
1774036473424145988,451,1774036473382098198,center_camera,base_link_12,-0.501500004667764,0.47374998986363287,1.3396012555280932e-18,0.0,0.0,0.5890628752613578,0.8080872038269273,0.004119988837197171,-6.573377741863382e-20,3.0292228460944467e-28,3.0954114218119326e-18,-4.1270873833881876e-18,3.059377081365501e-14,-6.574012506048289e-20,0.004119988837197173,4.918872085965282e-26,6.649316135633651e-18,-8.865975325513581e-18,-1.4298848984390423e-14,2.0506347170264227e-28,-5.225751255410645e-26,0.00494358679831515,7.625737680860135e-15,2.69102049705336e-14,-3.795470854513013e-30,3.0954114590161964e-18,6.6493161356339295e-18,7.625737680860135e-15,0.002472792425411051,-2.752605154617437e-15,-1.4605836373215018e-21,-4.1270873855956484e-18,-8.86597532551127e-18,2.69102049705336e-14,-2.7526051546174116e-15,0.0024727924254110316,7.669979951486677e-22,3.059377081365501e-14,-1.4298848997625313e-14,2.9575020018854655e-30,-1.4605836365517476e-21,7.669980281381113e-22,0.004943586830446868,-0.0005310131591057409,6.505741414725545e-05,-6.019392873203805e-19,-1.6530249438908428e-18,-1.3538560797099168e-18,-0.039884932874696674,0.05964028703344454,3.842467231276419e-11,6.565240249479157e-25,8.219953015269018e-22,-6.465037407308777e-22,-2.8419203984717243e-07,3.842467240379181e-11,0.05964028723426055,2.37370367296566e-25,-1.031169013500977e-22,8.054735636372225e-23,-1.7668430466365343e-06,-5.665888526587432e-25,4.058490418488568e-24,0.0032963906533212727,2.526320946645287e-17,2.0849226078272273e-16,-7.421785229470947e-27,8.416278447541034e-22,-1.6419578758118754e-22,2.5263209466450963e-17,0.0008255940144102051,-1.7299220439390097e-21,-2.4050809795230954e-26,-6.465036972092345e-22,8.054721383778968e-23,2.0849226078266416e-16,-1.7299220439344175e-21,0.0008255940144102053,-2.3581257152518523e-26,-2.8419203984717254e-07,-1.7668430466365343e-06,-1.4234929284590099e-28,-2.0323374995222018e-26,-2.3582362529006868e-26,0.035278627397564696
1774036473524169949,452,1774036473454695463,center_camera,base_link_12,-0.5015000036849588,0.47374999192316275,-1.2709685982066222e-18,0.0,0.0,0.5890629347411932,0.8080871604685306,0.0036318625872146515,-4.301588026084042e-20,-2.2413985972291312e-26,-9.064468505707391e-19,1.8129995105174373e-18,2.083322294169258e-14,-4.3018931297142773e-20,0.0036318625872146515,-3.576563198770651e-27,-1.9735459274839422e-18,3.9470918535175745e-18,-1.1302270377809918e-14,2.3642541947021356e-26,-3.7203306774168967e-28,0.0043578353079294745,2.804065912894974e-15,2.787120785520219e-14,-8.0387258612642615e-25,-9.06446850570843e-19,-1.973545927483957e-18,2.8040659145493354e-15,0.0021799167447699944,2.8484615245444394e-15,-2.399189094204227e-22,1.812999543823307e-18,3.947091853517447e-18,2.787120785520219e-14,2.848461523859708e-15,0.0021799167447697702,-1.1110160312332433e-21,2.083322294169258e-14,-1.1302270377809918e-14,-8.038709726912434e-25,-2.3991897211930423e-22,-1.1110160238157878e-21,0.004357835329926891,-0.000512073450065256,6.0723404660785635e-05,9.198522488566515e-19,4.637344523743561e-19,-1.218504132127429e-18,-0.03843850987942231,0.060241734360165264,3.525016224880554e-11,-8.970347308513076e-25,-6.581692165557422e-22,9.478325524823788e-22,-2.6658844675994164e-07,3.5250162238765746e-11,0.06024173454644823,-2.0181630885039172e-26,7.648612975130612e-23,-1.172827624284085e-22,-1.6919221290972338e-06,2.276244814520828e-22,1.34575446551742e-23,0.0029058896968299696,1.4748096468024678e-17,1.2540195766024488e-16,-2.70428602115283e-26,-6.581692165286291e-22,7.648612377197726e-23,1.4748096468024684e-17,0.0007279690181777216,-9.238505120742485e-22,1.5087700142151822e-27,9.478320703571663e-22,-1.1728124917860698e-22,1.2540195766025228e-16,-9.238505113462078e-22,0.0007279690181777216,-1.1093257058127744e-26,-2.6658844675994164e-07,-1.6919221290972336e-06,7.341912415038222e-29,-1.1383583552211759e-26,-2.3987305196325663e-26,0.035451161213032205
1774036473590823770,453,1774036473532045364,center_camera,base_link_12,-0.5015000041681755,0.4737499907645713,-1.4843478137678841e-18,0.0,0.0,0.5890628999663424,0.8080871858179927,0.0038694943108238938,-5.624542973841778e-20,-1.3310369777498163e-26,-8.163439078463803e-19,2.4488895180310926e-18,2.7241027161201584e-14,-5.6245429334521e-20,0.0038694943108238946,-4.8954377415196504e-26,-1.790263145393398e-18,5.370796041967376e-18,-1.142269985465442e-14,1.3009794552053808e-26,5.24534263772623e-26,0.0046429933837570945,6.9389429027779936e-15,2.4028666461321793e-14,9.734542169651176e-25,-8.163439078464404e-19,-1.790263143519092e-18,6.938942899469271e-15,0.0023224956606393136,-2.6745309815151473e-15,2.7973416285660245e-22,2.4488895192020784e-18,5.370796044776952e-18,2.4028666461321793e-14,-2.6745309811268258e-15,0.0023224956606395348,-1.5571688797086366e-21,2.7241027161201584e-14,-1.142269984141953e-14,9.734654002923041e-25,2.7973416294594473e-22,-1.5571688966794366e-21,0.004642993415708658,-0.00048411623031890727,5.538469371260203e-05,-5.817259917568669e-19,1.9497490265317354e-18,1.4420940021087558e-18,-0.03665392614859674,0.059890050987324875,3.1349018672009985e-11,6.940424060272746e-25,1.3869159254814767e-23,2.2883271355051787e-22,-2.460736144621223e-07,3.1349019056100045e-11,0.05989005115564449,-2.8811217923621823e-26,2.5645750634718467e-24,-2.1955189600449885e-23,-1.6056422599979022e-06,1.2720855679417566e-23,-6.376121189341648e-23,0.0030959950119501616,1.8839170451086988e-17,1.660169001447627e-16,6.406392468386648e-27,7.507617513207847e-23,2.223829086567852e-23,1.8839170451092624e-17,0.000775494890275373,-1.1534120739678407e-21,9.340650296676277e-27,1.676254045589081e-22,-4.162893712814861e-23,1.6601690014475768e-16,-1.1534120744996057e-21,0.0007754948902753728,-4.734862413751302e-26,-2.4607361446212245e-07,-1.605642259997902e-06,-2.9684670818026456e-28,4.9990056456007125e-27,-4.4289647372276037e-26,0.03535234223784867
1774036473657269985,454,1774036473616445780,center_camera,base_link_12,-0.5017499459702975,0.47374999112618826,-1.1551594183278669e-18,0.0,0.0,0.5890629074677958,0.8080871803497363,0.004222020075233862,-5.108956774393501e-20,-1.778703819056916e-28,-8.879140238911606e-19,1.0978606663059874e-27,2.6767755998722496e-14,-5.1083281898293815e-20,0.0042220200752338625,-3.1014946969767873e-28,-1.974153543356583e-18,4.038712600113384e-28,-1.2110287491971138e-14,-8.53630974970529e-29,-3.1015170445349897e-28,0.005066024279283871,2.9386629322984225e-15,2.6970848916432092e-14,1.4541438898668142e-30,-8.879140248511976e-19,-1.974153543898704e-18,2.9386629322984225e-15,0.002534011171655298,-8.733787069937641e-18,1.5928097134598943e-21,1.3782211212518228e-28,4.038712701676096e-28,2.6970848916432092e-14,-8.733786705471281e-18,0.0025340111716608193,-1.4892632376290407e-30,2.6767755972252716e-14,-1.2110287478736248e-14,-1.3139371740246003e-30,1.5928097104987596e-21,2.611424158312215e-30,0.005066024312531794,-0.0005484432555514252,0.0003426792775294172,-5.361410703128054e-19,-1.8523321185079263e-18,-2.4206218609442023e-18,-0.03476745575529605,0.05943581053656542,2.7621981823059215e-11,5.862108847718806e-25,8.105011162938333e-24,-5.832571250960724e-22,-2.2604297277869058e-07,2.7621981520471532e-11,0.059435810687794015,-1.4911142148838108e-25,2.788221573458028e-24,6.387587884915234e-23,-1.5255569078052415e-06,5.860012159465734e-25,-1.4909434538172126e-25,0.003378015643650197,2.0888540207519414e-17,1.917127446011484e-16,1.7269701425428844e-27,1.2199946098820353e-22,7.355755108923891e-23,2.0888540207516736e-17,0.0008460002831838955,-1.3716231698618984e-21,8.52795589115153e-26,-5.932090576702306e-22,9.483737941972456e-23,1.9171274460115152e-16,-1.3716231704219025e-21,0.0008460002831838955,-6.166425686595119e-28,-2.2604297277869056e-07,-1.525556907805242e-06,-2.4226411494377835e-28,6.901945437823866e-26,-5.706817921727316e-28,0.03522089096034748
1774036473757857000,455,1774036473693689346,center_camera,base_link_12,-0.5015000628596087,0.4737499928332897,1.5200800872265207e-18,0.0,0.0,0.5890629571628561,0.8080871441240426,0.003864177671889183,-2.6183112244039678e-20,-2.1793447032308387e-27,6.524181162355286e-18,-8.356338207641141e-26,2.4371665465290607e-14,-2.6174251556403844e-20,0.003864177671889185,3.314599868473518e-28,5.5452259094505386e-18,1.0060240196211454e-27,-2.073128025008948e-14,3.252342807034533e-27,2.692649132691865e-28,0.0046366133987600965,1.9865292095139058e-14,2.5585920441222826e-14,9.012202837949967e-25,6.5241811664072316e-18,5.545225907839702e-18,1.9865292108373948e-14,0.0023193058121327137,-2.8844833506409385e-15,6.54805355082891e-22,4.610093983125729e-26,-1.4351496886215827e-27,2.5585920427987937e-14,-2.884483350974961e-15,0.0023193058121329566,-6.969994991919773e-26,2.4371665465290607e-14,-2.073128027655926e-14,9.012192033315157e-25,6.548053551306772e-22,-6.969842487218283e-26,0.0046366134223617605,-0.00044427384015135194,7.444229550982899e-05,-4.778107246051504e-19,-7.146321632216413e-19,-1.965711549482049e-18,-0.03338204565650041,0.05993216161062073,2.791223896156073e-11,6.495746606125602e-25,6.351496268745155e-22,8.356024560837265e-25,-2.7295446317335626e-07,2.7912238945357448e-11,0.05993216175066032,-2.950807114667191e-25,-2.8734157371274894e-22,-2.748344260707956e-25,-1.477606524587094e-06,6.526442620538344e-25,-2.965138562894822e-25,0.0030917417692500468,9.400516741825145e-17,1.5235998220145106e-16,-3.828134890272894e-29,5.825110615774477e-22,-3.042608946877495e-22,9.400516741828301e-17,0.0007744321175752573,-4.4184134238888395e-21,-1.2422960989874968e-26,5.347221627857148e-23,1.6651192402083135e-23,1.5235998220151306e-16,-4.4184134234938824e-21,0.0007744321175752576,3.7563316914320346e-28,-2.7295446317335637e-07,-1.4776065245870938e-06,-3.8254261709272116e-29,-5.380379203344951e-27,-2.046774221623932e-28,0.03536225261567516
1774036473824076961,456,1774036473771541119,center_camera,base_link_12,-0.5017499448639003,0.4737499925150338,-4.201461851971378e-19,0.0,0.0,0.5890629463672684,0.8080871519935907,0.003894587907848841,-3.712753933262557e-20,2.790240443521426e-29,3.3509760242317854e-18,-3.3509727414258842e-18,1.631861983913018e-14,-3.713073375228606e-20,0.003894587907848842,4.1083901105037736e-26,6.550391436694208e-18,-6.550398008483178e-18,-9.541289303984702e-15,-2.7699700872804793e-29,-4.687364425004691e-26,0.004673105691664149,-2.0334825347544027e-16,2.6708595419272883e-14,4.50931591638112e-26,3.3509760595290647e-18,6.550391441106603e-18,-2.0334825182107905e-16,0.002337551876510652,5.517143911502272e-15,-3.961122818362235e-21,-3.3509727392198028e-18,-6.5503980790762835e-18,2.6708595379568213e-14,5.517143911137275e-15,0.002337551876510679,3.9610485491847605e-21,1.63186198126604e-14,-9.541289290749812e-15,4.5137565781482354e-26,-3.961122817988074e-21,3.961048549620252e-21,0.004673105720245113,-0.0005092009792260868,0.00034202754885169273,-9.728257605891949e-19,-1.852035616130044e-18,-2.2975340226319416e-18,-0.03190665336759035,0.059909367095599374,2.5235533419311047e-11,7.562776269571881e-25,6.609982809698954e-23,-5.589462707436734e-22,-2.569327452159402e-07,2.5235533293744655e-11,0.05990936722282636,-4.5353945044277015e-26,2.349206080165948e-22,9.182158350077191e-23,-1.4052379711284867e-06,1.0827812959395535e-22,3.851236130472442e-23,0.003116069918510947,2.2369800110115324e-17,1.3793095670161624e-16,-4.888720200304295e-28,6.609896068494038e-23,2.3492247288396525e-22,2.2369800110110258e-17,0.0007805138481277301,-1.1401766743236575e-21,-1.6482096292681427e-25,-5.589424240392862e-22,9.18229416963332e-23,1.3793095670156576e-16,-1.140176673840205e-21,0.0007805138481277301,1.65660513566442e-25,-2.5693274521594027e-07,-1.4052379711284867e-06,-2.389178236276361e-28,-1.6482095705643871e-25,1.6404515904240946e-25,0.03535641806852812
1774036473890749896,457,1774036473853053331,center_camera,base_link_12,-0.5015000672357172,0.47374999265373613,-2.059052842525401e-18,0.0,0.0,0.5890629487255897,0.8080871502744696,0.00407760994108292,-2.946863001624769e-20,4.4060636670096695e-26,-4.134750973197658e-18,-6.202133125310883e-18,1.93211079034161e-14,-2.94749227281342e-20,0.004077609941082924,6.086175160058124e-28,-3.281033730103816e-18,-4.9213984641674415e-18,-2.494465802840818e-14,-5.273589893854647e-26,-3.617517849645164e-27,0.004892732123410731,1.8036850961584124e-14,3.1100815112035035e-14,1.6010088912153446e-24,-4.134750973196404e-18,-3.2810337301037853e-18,1.8036850988053904e-14,0.002447365099949797,5.538212159092937e-15,6.850485867494718e-22,-6.202133047407461e-18,-4.921398464167396e-18,3.1100815138504815e-14,5.538212158730831e-15,0.002447365099949825,2.7130614711003423e-21,1.93211079034161e-14,-2.49446580019384e-14,1.6009627848071913e-24,6.850485876497728e-22,2.713061471032823e-21,0.004892732154150461,-0.00038782718743685064,3.462814825124872e-05,-7.404609161728101e-19,-1.1009437814149932e-18,1.784910585548282e-18,-0.030378931423115953,0.05969044772502845,2.5737992145699448e-11,8.037426135205916e-25,-9.753811880668322e-22,6.278175642711118e-23,-3.1450047281749467e-07,2.5737992411950628e-11,0.059690447840510155,-7.414183260697128e-25,3.366589941371544e-22,2.7108631963806427e-22,-1.3583006581626314e-06,1.950547534521507e-22,-1.9418917318085264e-22,0.003262487543534644,1.1958472996608233e-16,1.8022675815442347e-16,1.604936380995701e-27,-9.75381188824862e-22,3.3665899355989434e-22,1.1958472996603522e-16,0.0008171182819734747,-5.42101759346382e-21,2.427949085362559e-26,1.0121857531402762e-22,1.5150532790500885e-22,1.802267581544471e-16,-5.4210175929442625e-21,0.000817118281973475,1.4549577415493614e-25,-3.1450047281749493e-07,-1.3583006581626314e-06,-3.291816752450312e-28,3.944419815228377e-26,1.300540957112803e-25,0.0352937905284205
